eval_date,horizon,true_yields,forecast_yields,mae
2022-04-13,252,"[0.75, 1.2, 1.78, 2.57, 2.66, 2.7]","[2.39, 2.42, 2.36, 2.2, 2.23, 2.43]",0.7516666666666666
2022-04-14,252,"[0.79, 1.25, 1.84, 2.67, 2.79, 2.83]","[2.38, 2.41, 2.37, 2.17, 2.19, 2.39]",0.8033333333333333
2022-04-15,252,"[0.79, 1.25, 1.84, 2.67, 2.79, 2.83]","[2.37, 2.4, 2.32, 2.08, 2.11, 2.31]",0.8333333333333334
2022-04-18,252,"[0.81, 1.27, 1.84, 2.68, 2.79, 2.85]","[2.35, 2.39, 2.33, 2.1, 2.12, 2.32]",0.8216666666666668
2022-04-19,252,"[0.81, 1.28, 1.94, 2.81, 2.91, 2.93]","[2.35, 2.39, 2.33, 2.1, 2.12, 2.32]",0.8583333333333335
2022-04-20,252,"[0.82, 1.29, 1.93, 2.79, 2.87, 2.85]","[2.37, 2.38, 2.31, 2.06, 2.06, 2.26]",0.8583333333333334
2022-04-21,252,"[0.83, 1.32, 2.01, 2.87, 2.96, 2.9]","[2.37, 2.38, 2.3, 2.04, 2.05, 2.25]",0.8799999999999999
2022-04-22,252,"[0.83, 1.34, 2.06, 2.88, 2.94, 2.9]","[2.38, 2.4, 2.29, 2.0, 2.03, 2.22]",0.8849999999999998
2022-04-25,252,"[0.91, 1.42, 2.03, 2.79, 2.84, 2.81]","[2.35, 2.35, 2.21, 1.9, 1.93, 2.14]",0.8366666666666668
2022-04-26,252,"[0.83, 1.4, 1.99, 2.72, 2.79, 2.77]","[2.35, 2.31, 2.11, 1.79, 1.83, 2.07]",0.8566666666666666
2022-04-27,252,"[0.82, 1.39, 1.97, 2.75, 2.81, 2.82]","[2.35, 2.29, 2.11, 1.84, 1.89, 2.12]",0.85
2022-04-28,252,"[0.82, 1.38, 2.04, 2.8, 2.86, 2.85]","[2.35, 2.25, 2.04, 1.81, 1.86, 2.12]",0.8533333333333332
2022-04-29,252,"[0.85, 1.41, 2.1, 2.87, 2.92, 2.89]","[2.33, 2.22, 2.02, 1.85, 1.88, 2.12]",0.8666666666666666
2022-05-02,252,"[0.9, 1.49, 2.1, 2.93, 3.01, 2.99]","[2.28, 2.15, 1.97, 1.82, 1.85, 2.09]",0.89
2022-05-03,252,"[0.91, 1.45, 2.16, 2.95, 3.01, 2.97]","[2.29, 2.21, 2.03, 1.87, 1.91, 2.15]",0.8783333333333334
2022-05-04,252,"[0.89, 1.44, 2.07, 2.85, 2.93, 2.93]","[2.27, 2.21, 2.05, 1.87, 1.92, 2.15]",0.8233333333333334
2022-05-05,252,"[0.85, 1.37, 2.08, 2.91, 3.01, 3.05]","[2.24, 2.2, 2.02, 1.83, 1.88, 2.13]",0.9016666666666668
2022-05-06,252,"[0.85, 1.41, 2.08, 2.94, 3.06, 3.12]","[2.19, 2.18, 2.0, 1.78, 1.84, 2.1]",0.9316666666666666
2022-05-09,252,"[0.92, 1.43, 1.99, 2.81, 2.95, 3.05]","[2.2, 2.18, 2.0, 1.79, 1.85, 2.09]",0.8533333333333334
2022-05-10,252,"[0.89, 1.44, 2.01, 2.81, 2.91, 2.99]","[2.23, 2.2, 2.03, 1.8, 1.85, 2.09]",0.8483333333333333
2022-05-11,252,"[0.91, 1.43, 1.99, 2.81, 2.89, 2.91]","[2.22, 2.2, 2.04, 1.8, 1.83, 2.06]",0.8416666666666665
2022-05-12,252,"[0.96, 1.44, 1.96, 2.73, 2.81, 2.84]","[2.18, 2.11, 1.96, 1.7, 1.77, 2.03]",0.7949999999999999
2022-05-13,252,"[1.03, 1.47, 2.04, 2.79, 2.89, 2.93]","[2.14, 2.04, 1.91, 1.69, 1.74, 2.01]",0.8300000000000001
2022-05-16,252,"[1.07, 1.54, 2.07, 2.75, 2.83, 2.88]","[2.11, 2.05, 1.95, 1.74, 1.8, 2.07]",0.7533333333333333
2022-05-17,252,"[1.06, 1.57, 2.16, 2.89, 2.96, 2.98]","[2.13, 2.1, 1.92, 1.69, 1.75, 2.02]",0.8683333333333333
2022-05-18,252,"[1.03, 1.56, 2.16, 2.84, 2.89, 2.89]","[2.12, 2.1, 1.93, 1.67, 1.73, 2.0]",0.8466666666666667
2022-05-19,252,"[1.05, 1.52, 2.11, 2.78, 2.84, 2.84]","[2.15, 2.12, 1.96, 1.74, 1.8, 2.05]",0.7866666666666666
2022-05-20,252,"[1.03, 1.51, 2.07, 2.73, 2.8, 2.78]","[2.14, 2.12, 1.93, 1.71, 1.76, 2.01]",0.7816666666666666
2022-05-23,252,"[1.07, 1.57, 2.09, 2.8, 2.88, 2.86]","[2.12, 2.09, 1.92, 1.71, 1.76, 2.0]",0.8016666666666664
2022-05-24,252,"[1.06, 1.53, 2.02, 2.66, 2.76, 2.76]","[2.21, 2.1, 1.94, 1.74, 1.79, 2.03]",0.7366666666666667
2022-05-25,252,"[1.06, 1.52, 2.01, 2.63, 2.71, 2.75]","[2.2, 2.09, 1.91, 1.71, 1.75, 1.98]",0.7433333333333332
2022-05-26,252,"[1.07, 1.52, 1.99, 2.63, 2.7, 2.75]","[2.21, 2.08, 1.91, 1.71, 1.74, 1.96]",0.7416666666666667
2022-05-27,252,"[1.08, 1.54, 2.01, 2.64, 2.71, 2.74]","[2.21, 2.08, 1.91, 1.71, 1.74, 1.96]",0.7416666666666667
2022-05-30,252,"[1.08, 1.54, 2.01, 2.64, 2.71, 2.74]","[2.23, 2.14, 1.98, 1.82, 1.84, 2.04]",0.695
2022-05-31,252,"[1.16, 1.64, 2.08, 2.71, 2.81, 2.85]","[2.26, 2.14, 1.99, 1.84, 1.86, 2.05]",0.7183333333333334
2022-06-01,252,"[1.15, 1.63, 2.16, 2.84, 2.94, 2.94]","[2.26, 2.15, 2.0, 1.88, 1.88, 2.07]",0.7799999999999999
2022-06-02,252,"[1.17, 1.64, 2.15, 2.83, 2.92, 2.92]","[2.2, 2.07, 1.93, 1.79, 1.82, 2.07]",0.7783333333333333
2022-06-03,252,"[1.21, 1.68, 2.18, 2.87, 2.95, 2.96]","[2.17, 2.08, 1.97, 1.84, 1.88, 2.13]",0.7500000000000001
2022-06-06,252,"[1.26, 1.74, 2.23, 2.94, 3.03, 3.04]","[2.14, 2.07, 1.96, 1.81, 1.86, 2.12]",0.7833333333333332
2022-06-07,252,"[1.26, 1.75, 2.26, 2.91, 2.99, 2.98]","[2.16, 2.06, 1.95, 1.8, 1.84, 2.09]",0.7783333333333333
2022-06-08,252,"[1.28, 1.77, 2.29, 2.94, 3.03, 3.03]","[2.15, 2.06, 2.0, 1.84, 1.88, 2.13]",0.7666666666666666
2022-06-09,252,"[1.3, 1.81, 2.35, 2.99, 3.07, 3.04]","[2.14, 2.04, 1.95, 1.8, 1.83, 2.06]",0.8133333333333334
2022-06-10,252,"[1.39, 1.98, 2.58, 3.21, 3.25, 3.15]","[2.05, 2.01, 1.9, 1.74, 1.78, 2.04]",0.9033333333333332
2022-06-13,252,"[1.73, 2.25, 2.89, 3.56, 3.56, 3.43]","[2.06, 2.03, 1.94, 1.77, 1.8, 2.05]",1.071666666666667
2022-06-14,252,"[1.83, 2.43, 3.15, 3.6, 3.61, 3.49]","[2.09, 2.08, 1.95, 1.77, 1.8, 2.05]",1.1483333333333332
2022-06-15,252,"[1.74, 2.32, 2.93, 3.35, 3.38, 3.33]","[2.06, 2.09, 1.97, 1.79, 1.83, 2.08]",0.9783333333333334
2022-06-16,252,"[1.59, 2.24, 2.88, 3.33, 3.35, 3.28]","[2.1, 2.08, 1.98, 1.79, 1.82, 2.05]",0.9783333333333336
2022-06-17,252,"[1.63, 2.25, 2.86, 3.35, 3.34, 3.25]","[2.1, 2.08, 1.99, 1.83, 1.85, 2.08]",0.9483333333333333
2022-06-20,252,"[1.63, 2.25, 2.86, 3.35, 3.34, 3.25]","[2.12, 2.1, 2.0, 1.83, 1.85, 2.08]",0.9466666666666668
2022-06-21,252,"[1.7, 2.46, 2.92, 3.35, 3.38, 3.31]","[2.12, 2.1, 1.98, 1.81, 1.84, 2.06]",1.0083333333333333
2022-06-22,252,"[1.61, 2.4, 2.79, 3.2, 3.22, 3.16]","[2.08, 2.07, 1.97, 1.82, 1.84, 2.06]",0.9133333333333334
2022-06-23,252,"[1.65, 2.44, 2.78, 3.12, 3.14, 3.09]","[2.08, 2.1, 2.0, 1.84, 1.84, 2.02]",0.8666666666666666
2022-06-24,252,"[1.73, 2.51, 2.83, 3.13, 3.18, 3.13]","[2.07, 2.04, 1.88, 1.67, 1.68, 1.9]",0.9916666666666666
2022-06-27,252,"[1.79, 2.56, 2.89, 3.21, 3.24, 3.2]","[2.06, 2.02, 1.85, 1.67, 1.66, 1.86]",1.0516666666666667
2022-06-28,252,"[1.79, 2.55, 2.88, 3.21, 3.25, 3.2]","[2.05, 1.99, 1.78, 1.55, 1.55, 1.75]",1.1216666666666666
2022-06-29,252,"[1.78, 2.55, 2.88, 3.13, 3.15, 3.1]","[2.05, 2.0, 1.8, 1.54, 1.53, 1.73]",1.0799999999999998
2022-06-30,252,"[1.72, 2.51, 2.8, 2.99, 3.01, 2.98]","[2.02, 1.95, 1.75, 1.51, 1.52, 1.71]",1.0249999999999997
2022-07-01,252,"[1.73, 2.52, 2.79, 2.85, 2.88, 2.88]","[2.02, 1.96, 1.79, 1.54, 1.54, 1.72]",0.9433333333333334
2022-07-04,252,"[1.73, 2.52, 2.79, 2.85, 2.88, 2.88]","[2.0, 1.95, 1.78, 1.58, 1.57, 1.74]",0.9283333333333332
2022-07-05,252,"[1.9, 2.59, 2.77, 2.82, 2.82, 2.82]","[2.0, 1.94, 1.75, 1.51, 1.49, 1.65]",0.93
2022-07-06,252,"[1.9, 2.62, 2.82, 2.99, 2.96, 2.93]","[2.0, 1.96, 1.86, 1.6, 1.57, 1.68]",0.9583333333333334
2022-07-07,252,"[1.95, 2.64, 2.87, 3.05, 3.05, 3.01]","[1.96, 1.92, 1.79, 1.53, 1.51, 1.59]",1.0483333333333331
2022-07-08,252,"[1.98, 2.68, 2.96, 3.14, 3.13, 3.09]","[1.91, 1.86, 1.72, 1.44, 1.42, 1.52]",1.1849999999999998
2022-07-11,252,"[2.18, 2.79, 2.97, 3.09, 3.05, 2.99]","[1.87, 1.85, 1.71, 1.44, 1.42, 1.55]",1.205
2022-07-12,252,"[2.22, 2.78, 3.07, 3.07, 3.01, 2.96]","[1.94, 1.9, 1.75, 1.49, 1.47, 1.6]",1.16
2022-07-13,252,"[2.39, 2.96, 3.21, 3.14, 3.02, 2.91]","[1.94, 1.89, 1.72, 1.44, 1.42, 1.55]",1.2783333333333335
2022-07-14,252,"[2.4, 2.93, 3.16, 3.16, 3.06, 2.96]","[1.97, 1.9, 1.77, 1.5, 1.47, 1.59]",1.245
2022-07-15,252,"[2.37, 2.94, 3.12, 3.14, 3.05, 2.93]","[2.0, 1.91, 1.79, 1.53, 1.5, 1.62]",1.2000000000000002
2022-07-18,252,"[2.5, 3.02, 3.13, 3.15, 3.06, 2.96]","[1.97, 1.87, 1.73, 1.43, 1.4, 1.52]",1.3166666666666669
2022-07-19,252,"[2.52, 3.06, 3.18, 3.22, 3.14, 3.01]","[2.01, 1.9, 1.75, 1.47, 1.43, 1.54]",1.3383333333333336
2022-07-20,252,"[2.51, 3.04, 3.18, 3.25, 3.18, 3.04]","[1.98, 1.94, 1.77, 1.43, 1.4, 1.49]",1.3650000000000002
2022-07-21,252,"[2.48, 3.0, 3.11, 3.07, 3.0, 2.91]","[1.99, 1.89, 1.74, 1.42, 1.37, 1.47]",1.2816666666666665
2022-07-22,252,"[2.49, 2.97, 3.01, 2.93, 2.87, 2.77]","[1.99, 1.89, 1.75, 1.44, 1.4, 1.5]",1.1783333333333337
2022-07-25,252,"[2.62, 3.06, 3.07, 2.98, 2.89, 2.81]","[1.99, 1.89, 1.76, 1.42, 1.39, 1.5]",1.2466666666666668
2022-07-26,252,"[2.55, 3.01, 3.06, 3.01, 2.89, 2.81]","[1.99, 1.89, 1.76, 1.42, 1.39, 1.5]",1.2299999999999998
2022-07-27,252,"[2.44, 2.93, 3.0, 2.93, 2.82, 2.78]","[1.98, 1.88, 1.72, 1.38, 1.35, 1.47]",1.1866666666666663
2022-07-28,252,"[2.42, 2.9, 2.93, 2.81, 2.69, 2.68]","[1.97, 1.87, 1.69, 1.36, 1.32, 1.47]",1.125
2022-07-29,252,"[2.41, 2.91, 2.98, 2.83, 2.7, 2.67]","[1.97, 1.88, 1.73, 1.47, 1.43, 1.57]",1.0750000000000002
2022-08-01,252,"[2.56, 2.96, 2.98, 2.82, 2.66, 2.6]","[1.96, 1.88, 1.73, 1.46, 1.42, 1.55]",1.096666666666667
2022-08-02,252,"[2.56, 3.0, 3.09, 3.02, 2.85, 2.75]","[1.96, 1.87, 1.74, 1.52, 1.49, 1.63]",1.1766666666666667
2022-08-03,252,"[2.52, 3.0, 3.14, 3.04, 2.86, 2.73]","[1.95, 1.89, 1.81, 1.61, 1.58, 1.72]",1.1216666666666668
2022-08-04,252,"[2.5, 2.98, 3.11, 2.95, 2.76, 2.68]","[1.96, 1.88, 1.79, 1.62, 1.6, 1.75]",1.0633333333333332
2022-08-05,252,"[2.58, 3.1, 3.29, 3.18, 2.97, 2.83]","[1.95, 1.9, 1.82, 1.67, 1.65, 1.79]",1.195
2022-08-08,252,"[2.65, 3.15, 3.3, 3.14, 2.91, 2.77]","[1.96, 1.92, 1.88, 1.76, 1.75, 1.9]",1.125
2022-08-09,252,"[2.67, 3.16, 3.33, 3.2, 2.97, 2.8]","[1.99, 1.93, 1.86, 1.71, 1.69, 1.84]",1.185
2022-08-10,252,"[2.65, 3.13, 3.26, 3.13, 2.93, 2.78]","[1.99, 1.93, 1.87, 1.68, 1.66, 1.81]",1.1566666666666665
2022-08-11,252,"[2.62, 3.08, 3.25, 3.16, 2.98, 2.87]","[1.95, 1.91, 1.87, 1.72, 1.68, 1.8]",1.1716666666666666
2022-08-12,252,"[2.63, 3.13, 3.26, 3.18, 2.97, 2.84]","[1.93, 1.92, 1.88, 1.68, 1.66, 1.79]",1.1916666666666669
2022-08-15,252,"[2.72, 3.13, 3.23, 3.14, 2.91, 2.79]","[1.91, 1.91, 1.84, 1.63, 1.61, 1.74]",1.2133333333333332
2022-08-16,252,"[2.7, 3.12, 3.26, 3.19, 2.95, 2.82]","[1.94, 1.93, 1.81, 1.61, 1.59, 1.72]",1.24
2022-08-17,252,"[2.68, 3.15, 3.27, 3.27, 3.04, 2.89]","[1.92, 1.91, 1.78, 1.53, 1.52, 1.64]",1.3333333333333333
2022-08-18,252,"[2.71, 3.12, 3.24, 3.23, 3.02, 2.88]","[1.89, 1.9, 1.82, 1.61, 1.6, 1.73]",1.275
2022-08-19,252,"[2.74, 3.16, 3.26, 3.28, 3.11, 2.98]","[1.83, 1.88, 1.79, 1.61, 1.59, 1.7]",1.3549999999999998
2022-08-22,252,"[2.82, 3.23, 3.32, 3.36, 3.17, 3.03]","[1.8, 1.85, 1.74, 1.58, 1.56, 1.69]",1.4516666666666664
2022-08-23,252,"[2.8, 3.21, 3.29, 3.35, 3.18, 3.05]","[1.88, 1.83, 1.75, 1.56, 1.55, 1.68]",1.4383333333333332
2022-08-24,252,"[2.82, 3.28, 3.35, 3.4, 3.2, 3.11]","[1.82, 1.81, 1.73, 1.51, 1.51, 1.65]",1.5216666666666665
2022-08-25,252,"[2.88, 3.25, 3.33, 3.37, 3.15, 3.03]","[1.79, 1.75, 1.67, 1.43, 1.43, 1.6]",1.5566666666666666
2022-08-26,252,"[2.89, 3.26, 3.36, 3.4, 3.2, 3.04]","[1.7, 1.66, 1.58, 1.34, 1.34, 1.54]",1.665
2022-08-29,252,"[2.97, 3.32, 3.43, 3.45, 3.27, 3.12]","[1.71, 1.65, 1.58, 1.35, 1.34, 1.52]",1.735
2022-08-30,252,"[2.97, 3.31, 3.48, 3.47, 3.27, 3.11]","[1.75, 1.73, 1.64, 1.41, 1.38, 1.56]",1.6900000000000002
2022-08-31,252,"[2.96, 3.32, 3.5, 3.46, 3.3, 3.15]","[1.72, 1.69, 1.62, 1.38, 1.36, 1.54]",1.7299999999999998
2022-09-01,252,"[2.97, 3.34, 3.51, 3.54, 3.39, 3.26]","[1.69, 1.69, 1.59, 1.43, 1.4, 1.59]",1.7699999999999998
2022-09-02,252,"[2.94, 3.33, 3.47, 3.44, 3.3, 3.2]","[1.68, 1.68, 1.63, 1.49, 1.48, 1.67]",1.675
2022-09-05,252,"[2.94, 3.33, 3.47, 3.44, 3.3, 3.2]","[1.68, 1.68, 1.67, 1.6, 1.59, 1.76]",1.6166666666666665
2022-09-06,252,"[3.04, 3.4, 3.61, 3.55, 3.43, 3.33]","[1.68, 1.68, 1.67, 1.6, 1.59, 1.76]",1.7299999999999998
2022-09-07,252,"[3.07, 3.42, 3.6, 3.5, 3.37, 3.27]","[1.67, 1.67, 1.65, 1.6, 1.59, 1.77]",1.7133333333333332
2022-09-08,252,"[3.06, 3.44, 3.6, 3.54, 3.39, 3.29]","[1.66, 1.64, 1.59, 1.57, 1.57, 1.75]",1.7566666666666666
2022-09-09,252,"[3.08, 3.52, 3.67, 3.61, 3.45, 3.33]","[1.66, 1.63, 1.59, 1.57, 1.57, 1.76]",1.8133333333333332
2022-09-12,252,"[3.17, 3.56, 3.7, 3.6, 3.47, 3.37]","[1.66, 1.63, 1.58, 1.56, 1.56, 1.76]",1.8533333333333333
2022-09-13,252,"[3.28, 3.75, 3.92, 3.75, 3.58, 3.42]","[1.67, 1.65, 1.59, 1.59, 1.61, 1.8]",1.965
2022-09-14,252,"[3.24, 3.76, 3.95, 3.79, 3.6, 3.41]","[1.65, 1.64, 1.59, 1.59, 1.6, 1.78]",1.9833333333333332
2022-09-15,252,"[3.22, 3.78, 4.0, 3.85, 3.66, 3.45]","[1.65, 1.64, 1.58, 1.58, 1.58, 1.77]",2.026666666666667
2022-09-16,252,"[3.2, 3.77, 3.96, 3.81, 3.62, 3.45]","[1.67, 1.65, 1.59, 1.58, 1.58, 1.77]",1.995
2022-09-19,252,"[3.37, 3.87, 4.05, 3.9, 3.69, 3.49]","[1.66, 1.66, 1.6, 1.62, 1.62, 1.8]",2.068333333333333
2022-09-20,252,"[3.35, 3.86, 4.03, 3.94, 3.75, 3.57]","[1.65, 1.65, 1.6, 1.65, 1.66, 1.85]",2.073333333333333
2022-09-21,252,"[3.31, 3.86, 4.08, 3.98, 3.74, 3.51]","[1.63, 1.64, 1.59, 1.65, 1.66, 1.84]",2.0783333333333336
2022-09-22,252,"[3.29, 3.87, 4.08, 4.12, 3.91, 3.7]","[1.62, 1.62, 1.59, 1.6, 1.61, 1.78]",2.191666666666667
2022-09-23,252,"[3.24, 3.85, 4.15, 4.21, 3.96, 3.69]","[1.54, 1.57, 1.53, 1.52, 1.51, 1.69]",2.2900000000000005
2022-09-26,252,"[3.39, 3.95, 4.17, 4.37, 4.15, 3.88]","[1.52, 1.55, 1.53, 1.55, 1.55, 1.73]",2.4133333333333336
2022-09-27,252,"[3.35, 3.91, 4.16, 4.39, 4.21, 3.97]","[1.53, 1.57, 1.56, 1.59, 1.6, 1.79]",2.391666666666666
2022-09-28,252,"[3.4, 3.87, 3.99, 4.12, 3.92, 3.72]","[1.56, 1.58, 1.62, 1.63, 1.66, 1.86]",2.185
2022-09-29,252,"[3.36, 3.87, 3.98, 4.19, 3.98, 3.76]","[1.56, 1.57, 1.58, 1.6, 1.63, 1.81]",2.2316666666666665
2022-09-30,252,"[3.33, 3.92, 4.05, 4.25, 4.06, 3.83]","[1.56, 1.58, 1.58, 1.7, 1.74, 1.92]",2.2266666666666666
2022-10-03,252,"[3.46, 3.97, 4.01, 4.12, 3.9, 3.67]","[1.55, 1.58, 1.58, 1.7, 1.74, 1.94]",2.1733333333333333
2022-10-04,252,"[3.45, 3.98, 4.15, 4.08, 3.84, 3.62]","[1.55, 1.58, 1.58, 1.7, 1.74, 1.94]",2.1716666666666664
2022-10-05,252,"[3.46, 4.0, 4.14, 4.17, 3.96, 3.76]","[1.59, 1.59, 1.58, 1.69, 1.73, 1.92]",2.231666666666667
2022-10-06,252,"[3.46, 4.04, 4.19, 4.24, 4.05, 3.83]","[1.57, 1.59, 1.57, 1.65, 1.69, 1.88]",2.31
2022-10-07,252,"[3.45, 4.09, 4.24, 4.33, 4.14, 3.89]","[1.57, 1.58, 1.55, 1.59, 1.63, 1.82]",2.4
2022-10-10,252,"[3.45, 4.09, 4.24, 4.33, 4.14, 3.89]","[1.57, 1.59, 1.54, 1.61, 1.65, 1.84]",2.39
2022-10-11,252,"[3.67, 4.17, 4.28, 4.31, 4.14, 3.93]","[1.57, 1.58, 1.54, 1.59, 1.63, 1.81]",2.463333333333333
2022-10-12,252,"[3.7, 4.16, 4.28, 4.29, 4.12, 3.91]","[1.57, 1.58, 1.54, 1.59, 1.63, 1.79]",2.4600000000000004
2022-10-13,252,"[3.79, 4.3, 4.46, 4.44, 4.21, 3.97]","[1.57, 1.58, 1.54, 1.55, 1.58, 1.73]",2.603333333333333
2022-10-14,252,"[3.81, 4.31, 4.5, 4.47, 4.25, 4.0]","[1.58, 1.59, 1.55, 1.59, 1.62, 1.77]",2.606666666666667
2022-10-17,252,"[3.97, 4.38, 4.5, 4.45, 4.24, 4.02]","[1.58, 1.59, 1.56, 1.6, 1.62, 1.77]",2.64
2022-10-18,252,"[4.04, 4.39, 4.5, 4.43, 4.21, 4.01]","[1.61, 1.61, 1.58, 1.6, 1.62, 1.76]",2.6333333333333333
2022-10-19,252,"[4.07, 4.45, 4.6, 4.56, 4.35, 4.14]","[1.6, 1.62, 1.59, 1.58, 1.58, 1.74]",2.7433333333333327
2022-10-20,252,"[4.09, 4.48, 4.66, 4.66, 4.45, 4.24]","[1.62, 1.63, 1.6, 1.61, 1.63, 1.77]",2.786666666666666
2022-10-21,252,"[4.09, 4.43, 4.58, 4.52, 4.34, 4.21]","[1.62, 1.63, 1.6, 1.61, 1.63, 1.77]",2.7183333333333337
2022-10-24,252,"[4.16, 4.52, 4.61, 4.52, 4.36, 4.25]","[1.59, 1.63, 1.6, 1.61, 1.62, 1.78]",2.765
2022-10-25,252,"[4.14, 4.5, 4.6, 4.45, 4.25, 4.1]","[1.6, 1.62, 1.6, 1.63, 1.65, 1.83]",2.685
2022-10-26,252,"[4.11, 4.47, 4.54, 4.41, 4.2, 4.04]","[1.57, 1.57, 1.57, 1.54, 1.54, 1.72]",2.7100000000000004
2022-10-27,252,"[4.13, 4.44, 4.5, 4.29, 4.09, 3.96]","[1.55, 1.56, 1.56, 1.58, 1.6, 1.77]",2.6316666666666664
2022-10-28,252,"[4.18, 4.51, 4.55, 4.38, 4.19, 4.02]","[1.54, 1.55, 1.56, 1.6, 1.62, 1.8]",2.6933333333333334
2022-10-31,252,"[4.22, 4.57, 4.66, 4.45, 4.27, 4.1]","[1.53, 1.56, 1.57, 1.64, 1.67, 1.84]",2.7433333333333336
2022-11-01,252,"[4.23, 4.58, 4.75, 4.48, 4.27, 4.07]","[1.54, 1.58, 1.56, 1.63, 1.67, 1.83]",2.7616666666666667
2022-11-02,252,"[4.22, 4.57, 4.76, 4.54, 4.3, 4.1]","[1.56, 1.57, 1.56, 1.67, 1.68, 1.85]",2.766666666666667
2022-11-03,252,"[4.25, 4.57, 4.78, 4.63, 4.36, 4.14]","[1.57, 1.58, 1.55, 1.62, 1.64, 1.79]",2.83
2022-11-04,252,"[4.21, 4.55, 4.76, 4.58, 4.33, 4.17]","[1.56, 1.57, 1.55, 1.69, 1.73, 1.9]",2.766666666666667
2022-11-07,252,"[4.29, 4.62, 4.8, 4.63, 4.39, 4.22]","[1.57, 1.56, 1.54, 1.62, 1.66, 1.82]",2.863333333333333
2022-11-08,252,"[4.28, 4.6, 4.77, 4.55, 4.31, 4.14]","[1.57, 1.58, 1.54, 1.67, 1.72, 1.89]",2.78
2022-11-09,252,"[4.29, 4.59, 4.75, 4.49, 4.27, 4.12]","[1.56, 1.58, 1.53, 1.66, 1.71, 1.89]",2.7633333333333336
2022-11-10,252,"[4.28, 4.52, 4.59, 4.17, 3.95, 3.82]","[1.56, 1.58, 1.54, 1.67, 1.74, 1.92]",2.5533333333333337
2022-11-11,252,"[4.28, 4.52, 4.59, 4.17, 3.95, 3.82]","[1.57, 1.57, 1.52, 1.65, 1.73, 1.92]",2.5616666666666665
2022-11-14,252,"[4.34, 4.55, 4.63, 4.24, 4.0, 3.88]","[1.58, 1.58, 1.52, 1.67, 1.73, 1.92]",2.606666666666667
2022-11-15,252,"[4.31, 4.54, 4.6, 4.17, 3.93, 3.8]","[1.59, 1.6, 1.53, 1.67, 1.75, 1.93]",2.5466666666666664
2022-11-16,252,"[4.32, 4.54, 4.62, 4.13, 3.83, 3.67]","[1.58, 1.61, 1.53, 1.64, 1.72, 1.9]",2.5216666666666665
2022-11-17,252,"[4.32, 4.57, 4.68, 4.22, 3.93, 3.77]","[1.58, 1.61, 1.53, 1.64, 1.72, 1.9]",2.5850000000000004
2022-11-18,252,"[4.34, 4.61, 4.74, 4.28, 3.99, 3.82]","[1.58, 1.61, 1.53, 1.65, 1.72, 1.9]",2.631666666666667
2022-11-21,252,"[4.41, 4.65, 4.75, 4.32, 3.97, 3.83]","[1.57, 1.59, 1.51, 1.6, 1.68, 1.88]",2.6833333333333336
2022-11-22,252,"[4.4, 4.68, 4.79, 4.27, 3.93, 3.76]","[1.57, 1.6, 1.57, 1.59, 1.68, 1.9]",2.653333333333333
2022-11-23,252,"[4.4, 4.67, 4.75, 4.23, 3.88, 3.71]","[1.55, 1.6, 1.59, 1.62, 1.69, 1.92]",2.611666666666667
2022-11-24,252,"[4.4, 4.67, 4.75, 4.23, 3.88, 3.71]","[1.55, 1.6, 1.59, 1.62, 1.69, 1.92]",2.611666666666667
2022-11-25,252,"[4.41, 4.67, 4.76, 4.2, 3.85, 3.68]","[1.54, 1.57, 1.56, 1.59, 1.67, 1.88]",2.626666666666667
2022-11-28,252,"[4.41, 4.72, 4.76, 4.22, 3.88, 3.69]","[1.52, 1.55, 1.55, 1.54, 1.59, 1.8]",2.688333333333333
2022-11-29,252,"[4.38, 4.72, 4.78, 4.24, 3.92, 3.75]","[1.56, 1.56, 1.54, 1.56, 1.61, 1.81]",2.6916666666666664
2022-11-30,252,"[4.37, 4.7, 4.74, 4.13, 3.82, 3.68]","[1.54, 1.56, 1.53, 1.55, 1.62, 1.83]",2.635
2022-12-01,252,"[4.33, 4.65, 4.66, 3.98, 3.68, 3.53]","[1.54, 1.56, 1.55, 1.61, 1.67, 1.87]",2.5050000000000003
2022-12-02,252,"[4.34, 4.65, 4.69, 3.99, 3.67, 3.51]","[1.54, 1.56, 1.54, 1.59, 1.65, 1.85]",2.52
2022-12-05,252,"[4.36, 4.73, 4.77, 4.13, 3.8, 3.6]","[1.54, 1.55, 1.53, 1.59, 1.63, 1.83]",2.62
2022-12-06,252,"[4.37, 4.74, 4.73, 4.07, 3.73, 3.51]","[1.57, 1.57, 1.53, 1.6, 1.65, 1.85]",2.563333333333333
2022-12-07,252,"[4.29, 4.72, 4.67, 3.97, 3.62, 3.42]","[1.57, 1.57, 1.53, 1.59, 1.63, 1.82]",2.496666666666666
2022-12-08,252,"[4.28, 4.71, 4.71, 4.04, 3.71, 3.48]","[1.57, 1.58, 1.54, 1.56, 1.6, 1.79]",2.5483333333333333
2022-12-09,252,"[4.31, 4.72, 4.72, 4.07, 3.75, 3.57]","[1.55, 1.56, 1.54, 1.58, 1.63, 1.81]",2.5783333333333336
2022-12-12,252,"[4.38, 4.78, 4.75, 4.1, 3.8, 3.61]","[1.56, 1.57, 1.56, 1.56, 1.63, 1.84]",2.6166666666666663
2022-12-13,252,"[4.35, 4.7, 4.64, 3.96, 3.66, 3.51]","[1.56, 1.57, 1.56, 1.56, 1.63, 1.84]",2.5166666666666666
2022-12-14,252,"[4.33, 4.68, 4.64, 3.94, 3.64, 3.49]","[1.56, 1.57, 1.54, 1.53, 1.57, 1.78]",2.5283333333333333
2022-12-15,252,"[4.34, 4.7, 4.65, 3.96, 3.62, 3.44]","[1.55, 1.56, 1.55, 1.52, 1.57, 1.77]",2.5316666666666667
2022-12-16,252,"[4.31, 4.68, 4.61, 3.91, 3.61, 3.48]","[1.55, 1.56, 1.55, 1.51, 1.55, 1.74]",2.523333333333333
2022-12-19,252,"[4.37, 4.71, 4.64, 3.99, 3.7, 3.57]","[1.54, 1.55, 1.55, 1.48, 1.51, 1.7]",2.6083333333333334
2022-12-20,252,"[4.35, 4.7, 4.64, 4.03, 3.79, 3.69]","[1.55, 1.57, 1.53, 1.41, 1.44, 1.61]",2.681666666666666
2022-12-21,252,"[4.33, 4.67, 4.6, 4.0, 3.78, 3.68]","[1.57, 1.58, 1.53, 1.45, 1.47, 1.65]",2.635
2022-12-22,252,"[4.35, 4.66, 4.64, 4.02, 3.79, 3.67]","[1.56, 1.57, 1.51, 1.39, 1.41, 1.6]",2.681666666666666
2022-12-23,252,"[4.34, 4.67, 4.66, 4.09, 3.86, 3.75]","[1.57, 1.57, 1.48, 1.37, 1.39, 1.57]",2.7366666666666664
2022-12-26,252,"[4.34, 4.67, 4.66, 4.09, 3.86, 3.75]","[1.55, 1.54, 1.45, 1.3, 1.32, 1.51]",2.7833333333333328
2022-12-27,252,"[4.46, 4.76, 4.75, 4.17, 3.94, 3.84]","[1.57, 1.56, 1.46, 1.34, 1.35, 1.54]",2.85
2022-12-28,252,"[4.46, 4.75, 4.71, 4.18, 3.97, 3.88]","[1.57, 1.57, 1.48, 1.4, 1.42, 1.61]",2.8166666666666664
2022-12-29,252,"[4.45, 4.73, 4.71, 4.16, 3.94, 3.83]","[1.57, 1.57, 1.49, 1.43, 1.46, 1.66]",2.773333333333333
2022-12-30,252,"[4.42, 4.76, 4.73, 4.22, 3.99, 3.88]","[1.57, 1.58, 1.51, 1.43, 1.45, 1.65]",2.8016666666666663
2023-01-02,252,"[4.42, 4.76, 4.73, 4.22, 3.99, 3.88]","[1.56, 1.57, 1.49, 1.39, 1.41, 1.59]",2.8316666666666666
2023-01-03,252,"[4.53, 4.77, 4.72, 4.18, 3.94, 3.79]","[1.58, 1.58, 1.45, 1.36, 1.38, 1.56]",2.8366666666666664
2023-01-04,252,"[4.55, 4.77, 4.71, 4.11, 3.85, 3.69]","[1.57, 1.55, 1.48, 1.39, 1.4, 1.59]",2.7833333333333337
2023-01-05,252,"[4.66, 4.81, 4.78, 4.18, 3.9, 3.71]","[1.58, 1.56, 1.49, 1.42, 1.45, 1.62]",2.8200000000000003
2023-01-06,252,"[4.67, 4.79, 4.71, 3.96, 3.69, 3.55]","[1.59, 1.56, 1.48, 1.42, 1.43, 1.61]",2.7133333333333334
2023-01-09,252,"[4.7, 4.83, 4.69, 3.93, 3.66, 3.53]","[1.58, 1.56, 1.49, 1.4, 1.42, 1.59]",2.716666666666667
2023-01-10,252,"[4.73, 4.85, 4.74, 3.94, 3.72, 3.61]","[1.58, 1.56, 1.49, 1.4, 1.42, 1.59]",2.7583333333333333
2023-01-11,252,"[4.72, 4.84, 4.73, 3.9, 3.66, 3.54]","[1.58, 1.56, 1.47, 1.37, 1.39, 1.55]",2.745
2023-01-12,252,"[4.66, 4.76, 4.66, 3.79, 3.53, 3.43]","[1.58, 1.56, 1.47, 1.39, 1.41, 1.56]",2.643333333333333
2023-01-13,252,"[4.67, 4.77, 4.69, 3.88, 3.6, 3.49]","[1.58, 1.55, 1.46, 1.35, 1.37, 1.52]",2.7116666666666664
2023-01-16,252,"[4.67, 4.77, 4.69, 3.88, 3.6, 3.49]","[1.56, 1.53, 1.43, 1.3, 1.3, 1.46]",2.7533333333333334
2023-01-17,252,"[4.71, 4.82, 4.67, 3.86, 3.6, 3.53]","[1.53, 1.49, 1.35, 1.21, 1.21, 1.38]",2.8366666666666664
2023-01-18,252,"[4.69, 4.79, 4.63, 3.72, 3.43, 3.37]","[1.53, 1.47, 1.3, 1.16, 1.16, 1.33]",2.78
2023-01-19,252,"[4.71, 4.79, 4.65, 3.76, 3.48, 3.39]","[1.53, 1.42, 1.26, 1.14, 1.14, 1.33]",2.8266666666666667
2023-01-20,252,"[4.72, 4.8, 4.68, 3.83, 3.56, 3.48]","[1.45, 1.33, 1.18, 1.08, 1.11, 1.3]",2.936666666666666
2023-01-23,252,"[4.73, 4.82, 4.7, 3.88, 3.61, 3.52]","[1.27, 1.11, 0.97, 0.85, 0.89, 1.13]",3.1733333333333333
2023-01-24,252,"[4.72, 4.84, 4.7, 3.86, 3.58, 3.46]","[1.13, 0.95, 0.89, 0.85, 0.88, 1.1]",3.2266666666666666
2023-01-25,252,"[4.72, 4.79, 4.67, 3.84, 3.54, 3.46]","[0.95, 0.83, 0.73, 0.72, 0.77, 1.02]",3.333333333333333
2023-01-26,252,"[4.71, 4.79, 4.68, 3.88, 3.58, 3.49]","[0.72, 0.68, 0.59, 0.68, 0.75, 1.02]",3.448333333333333
2023-01-27,252,"[4.73, 4.81, 4.68, 3.9, 3.62, 3.52]","[0.62, 0.53, 0.48, 0.61, 0.67, 0.92]",3.5716666666666668
2023-01-30,252,"[4.72, 4.82, 4.71, 3.96, 3.68, 3.55]","[0.45, 0.41, 0.39, 0.53, 0.58, 0.74]",3.723333333333333
2023-01-31,252,"[4.7, 4.8, 4.68, 3.9, 3.63, 3.52]","[0.33, 0.27, 0.31, 0.4, 0.46, 0.54]",3.82
2023-02-01,252,"[4.66, 4.79, 4.66, 3.75, 3.48, 3.39]","[0.44, 0.43, 0.43, 0.58, 0.63, 0.76]",3.5766666666666667
2023-02-02,252,"[4.66, 4.76, 4.64, 3.75, 3.49, 3.4]","[0.42, 0.4, 0.4, 0.58, 0.66, 0.82]",3.569999999999999
2023-02-03,252,"[4.7, 4.82, 4.79, 3.96, 3.67, 3.53]","[0.33, 0.37, 0.39, 0.58, 0.66, 0.88]",3.71
2023-02-06,252,"[4.71, 4.89, 4.85, 4.1, 3.81, 3.63]","[0.28, 0.38, 0.38, 0.58, 0.7, 0.94]",3.7883333333333336
2023-02-07,252,"[4.71, 4.89, 4.88, 4.11, 3.85, 3.67]","[0.24, 0.29, 0.29, 0.43, 0.49, 0.73]",3.94
2023-02-08,252,"[4.72, 4.88, 4.87, 4.08, 3.82, 3.63]","[0.19, 0.24, 0.3, 0.54, 0.66, 1.02]",3.8416666666666655
2023-02-09,252,"[4.77, 4.9, 4.88, 4.15, 3.87, 3.67]","[0.02, 0.08, 0.21, 0.66, 0.79, 1.18]",3.883333333333334
2023-02-10,252,"[4.79, 4.89, 4.89, 4.19, 3.93, 3.74]","[0.04, 0.06, 0.2, 0.53, 0.66, 1.12]",3.97
2023-02-13,252,"[4.81, 4.99, 4.91, 4.22, 3.93, 3.72]","[0.05, 0.05, 0.15, 0.41, 0.52, 0.92]",4.08
2023-02-14,252,"[4.8, 4.98, 4.99, 4.32, 4.0, 3.77]","[0.02, 0.08, 0.17, 0.31, 0.38, 0.76]",4.19
2023-02-15,252,"[4.79, 4.97, 4.96, 4.35, 4.04, 3.81]","[0.01, 0.09, 0.25, 0.44, 0.52, 0.84]",4.128333333333333
2023-02-16,252,"[4.84, 4.98, 4.99, 4.35, 4.06, 3.86]","[0.0, 0.07, 0.19, 0.41, 0.56, 0.88]",4.161666666666667
2023-02-17,252,"[4.84, 4.99, 5.0, 4.33, 4.03, 3.82]","[0.0, 0.04, 0.13, 0.36, 0.51, 0.83]",4.19
2023-02-20,252,"[4.84, 4.99, 5.0, 4.33, 4.03, 3.82]","[0.03, 0.02, 0.11, 0.3, 0.41, 0.72]",4.236666666666667
2023-02-21,252,"[4.86, 5.07, 5.07, 4.44, 4.16, 3.95]","[0.12, 0.12, 0.14, 0.29, 0.39, 0.7]",4.298333333333334
2023-02-22,252,"[4.84, 5.08, 5.07, 4.43, 4.13, 3.93]","[0.11, 0.15, 0.17, 0.29, 0.37, 0.7]",4.281666666666667
2023-02-23,252,"[4.84, 5.05, 5.03, 4.4, 4.09, 3.88]","[0.09, 0.14, 0.16, 0.28, 0.37, 0.62]",4.271666666666667
2023-02-24,252,"[4.86, 5.06, 5.05, 4.52, 4.19, 3.95]","[0.09, 0.15, 0.14, 0.29, 0.39, 0.63]",4.323333333333333
2023-02-27,252,"[4.89, 5.18, 5.03, 4.49, 4.17, 3.92]","[0.1, 0.15, 0.15, 0.3, 0.39, 0.62]",4.328333333333334
2023-02-28,252,"[4.88, 5.17, 5.02, 4.51, 4.18, 3.92]","[0.15, 0.17, 0.2, 0.35, 0.44, 0.67]",4.283333333333333
2023-03-01,252,"[4.9, 5.2, 5.06, 4.61, 4.27, 4.01]","[0.14, 0.2, 0.2, 0.36, 0.48, 0.75]",4.32
2023-03-02,252,"[4.91, 5.18, 5.04, 4.63, 4.32, 4.08]","[0.22, 0.24, 0.23, 0.34, 0.47, 0.77]",4.315
2023-03-03,252,"[4.91, 5.18, 5.03, 4.6, 4.26, 3.97]","[0.25, 0.24, 0.25, 0.29, 0.41, 0.73]",4.296666666666667
2023-03-06,252,"[4.93, 5.22, 5.05, 4.61, 4.27, 3.98]","[0.25, 0.24, 0.25, 0.29, 0.41, 0.73]",4.315
2023-03-07,252,"[5.04, 5.32, 5.22, 4.66, 4.31, 3.97]","[0.26, 0.27, 0.27, 0.31, 0.44, 0.76]",4.368333333333334
2023-03-08,252,"[5.06, 5.34, 5.25, 4.71, 4.34, 3.98]","[0.2, 0.24, 0.25, 0.29, 0.42, 0.76]",4.419999999999999
2023-03-09,252,"[5.05, 5.32, 5.18, 4.56, 4.22, 3.93]","[0.14, 0.19, 0.19, 0.24, 0.34, 0.63]",4.421666666666666
2023-03-10,252,"[5.01, 5.17, 4.9, 4.31, 3.96, 3.7]","[0.14, 0.18, 0.17, 0.25, 0.35, 0.61]",4.225
2023-03-13,252,"[4.87, 4.81, 4.3, 3.88, 3.68, 3.55]","[0.12, 0.16, 0.16, 0.26, 0.36, 0.65]",3.8966666666666665
2023-03-14,252,"[4.88, 4.93, 4.45, 4.05, 3.78, 3.64]","[0.12, 0.15, 0.15, 0.26, 0.35, 0.63]",4.011666666666667
2023-03-15,252,"[4.75, 4.73, 4.19, 3.83, 3.59, 3.51]","[0.11, 0.14, 0.17, 0.24, 0.34, 0.58]",3.8366666666666656
2023-03-16,252,"[4.74, 4.94, 4.49, 3.99, 3.72, 3.56]","[0.12, 0.14, 0.16, 0.26, 0.37, 0.63]",3.960000000000001
2023-03-17,252,"[4.52, 4.71, 4.26, 3.68, 3.44, 3.39]","[0.11, 0.14, 0.17, 0.26, 0.37, 0.61]",3.723333333333334
2023-03-20,252,"[4.81, 4.8, 4.34, 3.77, 3.56, 3.47]","[0.12, 0.14, 0.18, 0.26, 0.36, 0.6]",3.848333333333333
2023-03-21,252,"[4.78, 4.96, 4.68, 3.98, 3.73, 3.59]","[0.12, 0.15, 0.17, 0.29, 0.41, 0.67]",3.985
2023-03-22,252,"[4.79, 4.95, 4.56, 3.76, 3.54, 3.48]","[0.11, 0.13, 0.16, 0.26, 0.37, 0.62]",3.905
2023-03-23,252,"[4.73, 4.8, 4.38, 3.57, 3.39, 3.38]","[0.1, 0.12, 0.18, 0.24, 0.36, 0.63]",3.770000000000001
2023-03-24,252,"[4.74, 4.76, 4.32, 3.58, 3.41, 3.38]","[0.09, 0.11, 0.16, 0.24, 0.36, 0.64]",3.765
2023-03-27,252,"[4.91, 4.86, 4.51, 3.79, 3.59, 3.53]","[0.12, 0.12, 0.17, 0.25, 0.36, 0.64]",3.921666666666667
2023-03-28,252,"[4.8, 4.9, 4.55, 3.84, 3.63, 3.55]","[0.13, 0.14, 0.16, 0.24, 0.36, 0.64]",3.9333333333333336
2023-03-29,252,"[4.8, 4.92, 4.59, 3.87, 3.67, 3.57]","[0.13, 0.15, 0.16, 0.24, 0.36, 0.66]",3.953333333333333
2023-03-30,252,"[4.97, 4.92, 4.63, 3.87, 3.66, 3.55]","[0.12, 0.16, 0.16, 0.24, 0.37, 0.72]",3.971666666666666
2023-03-31,252,"[4.85, 4.94, 4.64, 3.81, 3.6, 3.48]","[0.11, 0.14, 0.15, 0.19, 0.29, 0.63]",3.968333333333333
2023-04-03,252,"[4.9, 4.88, 4.6, 3.73, 3.52, 3.43]","[0.12, 0.15, 0.15, 0.21, 0.33, 0.69]",3.9016666666666673
2023-04-04,252,"[4.88, 4.8, 4.5, 3.6, 3.39, 3.35]","[0.12, 0.16, 0.16, 0.24, 0.36, 0.73]",3.7916666666666665
2023-04-05,252,"[4.86, 4.82, 4.43, 3.55, 3.36, 3.3]","[0.13, 0.16, 0.16, 0.22, 0.34, 0.69]",3.77
2023-04-06,252,"[4.91, 4.93, 4.51, 3.59, 3.37, 3.3]","[0.13, 0.15, 0.15, 0.2, 0.31, 0.64]",3.838333333333333
2023-04-07,252,"[4.95, 4.95, 4.61, 3.72, 3.49, 3.39]","[0.12, 0.15, 0.15, 0.2, 0.31, 0.63]",3.925
2023-04-10,252,"[5.08, 4.98, 4.65, 3.75, 3.52, 3.41]","[0.12, 0.15, 0.15, 0.19, 0.31, 0.64]",3.971666666666666
2023-04-11,252,"[5.04, 4.99, 4.67, 3.76, 3.54, 3.43]","[0.13, 0.15, 0.17, 0.24, 0.38, 0.73]",3.938333333333333
2023-04-12,252,"[5.02, 4.98, 4.64, 3.68, 3.46, 3.41]","[0.13, 0.15, 0.16, 0.22, 0.35, 0.7]",3.9133333333333336
2023-04-13,252,"[5.1, 4.95, 4.66, 3.7, 3.51, 3.45]","[0.12, 0.14, 0.16, 0.21, 0.34, 0.68]",3.9533333333333336
2023-04-14,252,"[5.14, 5.03, 4.77, 3.83, 3.6, 3.52]","[0.12, 0.14, 0.16, 0.21, 0.35, 0.68]",4.038333333333333
2023-04-17,252,"[5.21, 5.07, 4.8, 3.92, 3.69, 3.6]","[0.12, 0.16, 0.17, 0.21, 0.34, 0.66]",4.105
2023-04-18,252,"[5.2, 5.09, 4.81, 3.92, 3.69, 3.58]","[0.12, 0.16, 0.17, 0.21, 0.34, 0.66]",4.105
2023-04-19,252,"[5.16, 5.1, 4.84, 3.97, 3.71, 3.6]","[0.14, 0.17, 0.17, 0.22, 0.35, 0.69]",4.1066666666666665
2023-04-20,252,"[5.12, 5.06, 4.77, 3.87, 3.63, 3.54]","[0.15, 0.17, 0.18, 0.22, 0.34, 0.68]",4.041666666666666
2023-04-21,252,"[5.14, 5.07, 4.78, 3.89, 3.66, 3.57]","[0.15, 0.18, 0.17, 0.22, 0.34, 0.7]",4.058333333333333
2023-04-24,252,"[5.2, 5.06, 4.76, 3.84, 3.6, 3.52]","[0.14, 0.18, 0.17, 0.19, 0.3, 0.65]",4.058333333333334
2023-04-25,252,"[5.12, 4.98, 4.6, 3.62, 3.43, 3.4]","[0.14, 0.18, 0.17, 0.2, 0.31, 0.66]",3.915000000000001
2023-04-26,252,"[5.16, 5.0, 4.64, 3.65, 3.46, 3.43]","[0.15, 0.18, 0.17, 0.2, 0.32, 0.68]",3.94
2023-04-27,252,"[5.18, 5.05, 4.78, 3.82, 3.6, 3.53]","[0.16, 0.19, 0.17, 0.26, 0.38, 0.77]",4.004999999999999
2023-04-28,252,"[5.1, 5.06, 4.8, 3.75, 3.51, 3.44]","[0.15, 0.18, 0.17, 0.26, 0.4, 0.82]",3.946666666666666
2023-05-01,252,"[5.27, 5.14, 4.86, 3.85, 3.64, 3.59]","[0.15, 0.18, 0.18, 0.29, 0.47, 0.91]",4.028333333333332
2023-05-02,252,"[5.24, 5.06, 4.74, 3.67, 3.46, 3.44]","[0.17, 0.19, 0.19, 0.29, 0.45, 0.88]",3.906666666666666
2023-05-03,252,"[5.26, 5.08, 4.7, 3.58, 3.37, 3.38]","[0.19, 0.19, 0.19, 0.25, 0.4, 0.84]",3.8849999999999993
2023-05-04,252,"[5.26, 5.04, 4.59, 3.47, 3.29, 3.37]","[0.17, 0.19, 0.18, 0.22, 0.33, 0.75]",3.8633333333333337
2023-05-05,252,"[5.26, 5.13, 4.73, 3.63, 3.41, 3.44]","[0.17, 0.18, 0.19, 0.22, 0.32, 0.66]",3.9766666666666666
2023-05-08,252,"[5.31, 5.14, 4.79, 3.7, 3.49, 3.52]","[0.16, 0.18, 0.18, 0.22, 0.33, 0.71]",4.028333333333333
2023-05-09,252,"[5.29, 5.18, 4.81, 3.67, 3.51, 3.53]","[0.18, 0.19, 0.17, 0.22, 0.33, 0.71]",4.031666666666666
2023-05-10,252,"[5.24, 5.13, 4.7, 3.55, 3.37, 3.43]","[0.17, 0.19, 0.18, 0.23, 0.34, 0.75]",3.926666666666667
2023-05-11,252,"[5.2, 5.14, 4.7, 3.56, 3.36, 3.39]","[0.17, 0.18, 0.19, 0.23, 0.34, 0.74]",3.9166666666666665
2023-05-12,252,"[5.25, 5.16, 4.75, 3.65, 3.45, 3.46]","[0.16, 0.17, 0.19, 0.22, 0.34, 0.71]",3.988333333333333
2023-05-15,252,"[5.21, 5.24, 4.73, 3.67, 3.46, 3.5]","[0.15, 0.17, 0.18, 0.22, 0.33, 0.7]",4.01
2023-05-16,252,"[5.23, 5.26, 4.88, 3.74, 3.52, 3.54]","[0.16, 0.18, 0.17, 0.22, 0.34, 0.71]",4.065
2023-05-17,252,"[5.26, 5.3, 4.92, 3.8, 3.58, 3.57]","[0.16, 0.17, 0.18, 0.22, 0.33, 0.72]",4.108333333333333
2023-05-18,252,"[5.31, 5.38, 5.02, 3.94, 3.69, 3.65]","[0.15, 0.17, 0.17, 0.21, 0.33, 0.69]",4.211666666666667
2023-05-19,252,"[5.29, 5.36, 5.02, 3.98, 3.76, 3.7]","[0.16, 0.17, 0.17, 0.21, 0.32, 0.68]",4.233333333333333
2023-05-22,252,"[5.4, 5.43, 5.07, 3.98, 3.77, 3.72]","[0.14, 0.17, 0.17, 0.19, 0.3, 0.64]",4.293333333333333
2023-05-23,252,"[5.34, 5.39, 5.06, 3.99, 3.76, 3.7]","[0.14, 0.18, 0.16, 0.18, 0.28, 0.64]",4.276666666666666
2023-05-24,252,"[5.37, 5.42, 5.12, 4.04, 3.75, 3.73]","[0.16, 0.18, 0.16, 0.18, 0.29, 0.66]",4.3
2023-05-25,252,"[5.38, 5.46, 5.24, 4.21, 3.9, 3.83]","[0.14, 0.17, 0.16, 0.19, 0.31, 0.69]",4.3933333333333335
2023-05-26,252,"[5.34, 5.44, 5.25, 4.23, 3.92, 3.8]","[0.14, 0.16, 0.16, 0.19, 0.29, 0.68]",4.3933333333333335
2023-05-29,252,"[5.34, 5.44, 5.25, 4.23, 3.92, 3.8]","[0.14, 0.16, 0.16, 0.19, 0.29, 0.68]",4.3933333333333335
2023-05-30,252,"[5.55, 5.52, 5.22, 4.1, 3.81, 3.69]","[0.15, 0.16, 0.16, 0.19, 0.31, 0.69]",4.371666666666666
2023-05-31,252,"[5.52, 5.46, 5.18, 4.04, 3.74, 3.64]","[0.15, 0.17, 0.15, 0.19, 0.29, 0.65]",4.329999999999999
2023-06-01,252,"[5.5, 5.44, 5.11, 3.98, 3.7, 3.61]","[0.15, 0.17, 0.15, 0.19, 0.3, 0.67]",4.285000000000001
2023-06-02,252,"[5.5, 5.5, 5.22, 4.13, 3.84, 3.69]","[0.13, 0.16, 0.15, 0.18, 0.28, 0.62]",4.3933333333333335
2023-06-05,252,"[5.46, 5.46, 5.17, 4.1, 3.82, 3.69]","[0.13, 0.15, 0.15, 0.19, 0.3, 0.65]",4.355
2023-06-06,252,"[5.44, 5.44, 5.2, 4.15, 3.85, 3.7]","[0.14, 0.15, 0.16, 0.19, 0.3, 0.64]",4.366666666666666
2023-06-07,252,"[5.42, 5.43, 5.16, 4.21, 3.93, 3.79]","[0.15, 0.14, 0.17, 0.19, 0.28, 0.63]",4.3966666666666665
2023-06-08,252,"[5.38, 5.39, 5.12, 4.17, 3.87, 3.73]","[0.16, 0.15, 0.15, 0.18, 0.28, 0.64]",4.35
2023-06-09,252,"[5.37, 5.39, 5.17, 4.23, 3.92, 3.75]","[0.11, 0.13, 0.14, 0.17, 0.28, 0.62]",4.3966666666666665
2023-06-12,252,"[5.4, 5.38, 5.18, 4.16, 3.89, 3.73]","[0.11, 0.13, 0.14, 0.18, 0.29, 0.64]",4.375
2023-06-13,252,"[5.36, 5.36, 5.26, 4.3, 4.01, 3.84]","[0.13, 0.14, 0.14, 0.18, 0.29, 0.62]",4.4383333333333335
2023-06-14,252,"[5.36, 5.36, 5.27, 4.37, 4.06, 3.83]","[0.13, 0.13, 0.15, 0.17, 0.27, 0.61]",4.465
2023-06-15,252,"[5.33, 5.33, 5.21, 4.23, 3.91, 3.72]","[0.13, 0.14, 0.14, 0.17, 0.27, 0.6]",4.380000000000001
2023-06-16,252,"[5.34, 5.35, 5.24, 4.32, 3.99, 3.77]","[0.12, 0.13, 0.14, 0.16, 0.27, 0.59]",4.433333333333333
2023-06-19,252,"[5.34, 5.35, 5.24, 4.32, 3.99, 3.77]","[0.11, 0.14, 0.16, 0.17, 0.27, 0.59]",4.428333333333334
2023-06-20,252,"[5.39, 5.41, 5.24, 4.29, 3.96, 3.74]","[0.11, 0.14, 0.14, 0.18, 0.3, 0.62]",4.423333333333334
2023-06-21,252,"[5.4, 5.41, 5.25, 4.29, 3.95, 3.72]","[0.11, 0.12, 0.14, 0.16, 0.26, 0.59]",4.44
2023-06-22,252,"[5.4, 5.41, 5.29, 4.37, 4.03, 3.8]","[0.11, 0.12, 0.13, 0.15, 0.25, 0.58]",4.493333333333333
2023-06-23,252,"[5.41, 5.41, 5.25, 4.32, 3.99, 3.74]","[0.09, 0.11, 0.11, 0.14, 0.23, 0.55]",4.481666666666667
2023-06-26,252,"[5.5, 5.45, 5.27, 4.3, 3.96, 3.72]","[0.09, 0.1, 0.11, 0.11, 0.21, 0.55]",4.505
2023-06-27,252,"[5.44, 5.46, 5.33, 4.38, 4.02, 3.77]","[0.1, 0.11, 0.12, 0.13, 0.22, 0.56]",4.526666666666667
2023-06-28,252,"[5.44, 5.47, 5.32, 4.32, 3.97, 3.71]","[0.09, 0.11, 0.14, 0.1, 0.19, 0.52]",4.513333333333334
2023-06-29,252,"[5.46, 5.5, 5.41, 4.49, 4.14, 3.85]","[0.1, 0.12, 0.12, 0.13, 0.22, 0.55]",4.601666666666667
2023-06-30,252,"[5.43, 5.47, 5.4, 4.49, 4.13, 3.81]","[0.1, 0.11, 0.14, 0.13, 0.21, 0.55]",4.581666666666666
2023-07-03,252,"[5.44, 5.53, 5.43, 4.56, 4.19, 3.86]","[0.1, 0.12, 0.14, 0.14, 0.23, 0.57]",4.618333333333333
2023-07-04,252,"[5.44, 5.53, 5.43, 4.56, 4.19, 3.86]","[0.11, 0.13, 0.13, 0.15, 0.24, 0.59]",4.61
2023-07-05,252,"[5.44, 5.52, 5.4, 4.59, 4.25, 3.95]","[0.11, 0.12, 0.15, 0.18, 0.27, 0.64]",4.613333333333333
2023-07-06,252,"[5.46, 5.54, 5.44, 4.68, 4.37, 4.05]","[0.11, 0.12, 0.13, 0.19, 0.3, 0.69]",4.666666666666666
2023-07-07,252,"[5.46, 5.53, 5.41, 4.64, 4.35, 4.06]","[0.1, 0.12, 0.14, 0.19, 0.32, 0.71]",4.645
2023-07-10,252,"[5.48, 5.54, 5.38, 4.54, 4.25, 4.01]","[0.1, 0.12, 0.13, 0.18, 0.29, 0.71]",4.611666666666667
2023-07-11,252,"[5.49, 5.55, 5.44, 4.52, 4.24, 3.99]","[0.1, 0.12, 0.13, 0.18, 0.29, 0.69]",4.62
2023-07-12,252,"[5.47, 5.53, 5.35, 4.36, 4.07, 3.86]","[0.09, 0.13, 0.13, 0.17, 0.27, 0.67]",4.53
2023-07-13,252,"[5.47, 5.49, 5.27, 4.21, 3.93, 3.76]","[0.11, 0.12, 0.13, 0.17, 0.29, 0.68]",4.4383333333333335
2023-07-14,252,"[5.49, 5.52, 5.34, 4.35, 4.04, 3.83]","[0.11, 0.13, 0.12, 0.15, 0.26, 0.65]",4.525
2023-07-17,252,"[5.49, 5.52, 5.33, 4.34, 4.02, 3.81]","[0.1, 0.12, 0.13, 0.16, 0.27, 0.64]",4.515
2023-07-18,252,"[5.49, 5.51, 5.32, 4.35, 4.0, 3.8]","[0.12, 0.12, 0.14, 0.18, 0.28, 0.65]",4.496666666666666
2023-07-19,252,"[5.49, 5.51, 5.32, 4.34, 3.98, 3.75]","[0.11, 0.12, 0.13, 0.18, 0.3, 0.69]",4.476666666666667
2023-07-20,252,"[5.49, 5.52, 5.35, 4.43, 4.08, 3.85]","[0.11, 0.12, 0.12, 0.18, 0.28, 0.69]",4.536666666666666
2023-07-21,252,"[5.5, 5.53, 5.35, 4.44, 4.09, 3.84]","[0.11, 0.11, 0.13, 0.19, 0.31, 0.74]",4.526666666666666
2023-07-24,252,"[5.51, 5.55, 5.38, 4.48, 4.13, 3.86]","[0.1, 0.11, 0.12, 0.16, 0.28, 0.74]",4.566666666666667
2023-07-25,252,"[5.51, 5.57, 5.38, 4.53, 4.15, 3.91]","[0.11, 0.13, 0.12, 0.15, 0.28, 0.72]",4.590000000000001
2023-07-26,252,"[5.51, 5.55, 5.37, 4.47, 4.09, 3.86]","[0.12, 0.13, 0.12, 0.14, 0.26, 0.68]",4.566666666666666
2023-07-27,252,"[5.51, 5.56, 5.4, 4.58, 4.24, 4.01]","[0.12, 0.12, 0.13, 0.16, 0.26, 0.66]",4.641666666666666
2023-07-28,252,"[5.52, 5.54, 5.37, 4.52, 4.18, 3.96]","[0.11, 0.12, 0.12, 0.15, 0.24, 0.63]",4.619999999999998
2023-07-31,252,"[5.55, 5.53, 5.37, 4.51, 4.18, 3.97]","[0.11, 0.12, 0.13, 0.18, 0.3, 0.72]",4.591666666666667
2023-08-01,252,"[5.54, 5.54, 5.38, 4.57, 4.24, 4.05]","[0.11, 0.12, 0.13, 0.18, 0.3, 0.72]",4.626666666666668
2023-08-02,252,"[5.53, 5.52, 5.36, 4.54, 4.24, 4.08]","[0.13, 0.14, 0.15, 0.17, 0.28, 0.69]",4.618333333333334
2023-08-03,252,"[5.54, 5.52, 5.37, 4.58, 4.3, 4.2]","[0.12, 0.14, 0.14, 0.17, 0.28, 0.71]",4.658333333333334
2023-08-04,252,"[5.54, 5.5, 5.33, 4.45, 4.15, 4.05]","[0.12, 0.12, 0.15, 0.17, 0.26, 0.68]",4.586666666666667
2023-08-07,252,"[5.56, 5.53, 5.3, 4.44, 4.16, 4.09]","[0.11, 0.12, 0.13, 0.16, 0.26, 0.67]",4.605
2023-08-08,252,"[5.57, 5.53, 5.35, 4.36, 4.1, 4.02]","[0.11, 0.13, 0.14, 0.16, 0.27, 0.68]",4.573333333333333
2023-08-09,252,"[5.55, 5.54, 5.35, 4.41, 4.12, 4.0]","[0.11, 0.12, 0.13, 0.16, 0.27, 0.68]",4.583333333333333
2023-08-10,252,"[5.54, 5.52, 5.33, 4.47, 4.21, 4.09]","[0.12, 0.12, 0.12, 0.16, 0.28, 0.69]",4.611666666666666
2023-08-11,252,"[5.54, 5.52, 5.36, 4.56, 4.31, 4.16]","[0.09, 0.11, 0.12, 0.16, 0.28, 0.69]",4.666666666666667
2023-08-14,252,"[5.56, 5.56, 5.37, 4.64, 4.36, 4.19]","[0.1, 0.12, 0.13, 0.16, 0.29, 0.7]",4.696666666666666
2023-08-15,252,"[5.56, 5.55, 5.36, 4.64, 4.36, 4.21]","[0.1, 0.11, 0.12, 0.16, 0.27, 0.68]",4.706666666666667
2023-08-16,252,"[5.56, 5.54, 5.37, 4.68, 4.42, 4.28]","[0.1, 0.11, 0.12, 0.15, 0.27, 0.68]",4.736666666666667
2023-08-17,252,"[5.56, 5.53, 5.36, 4.67, 4.42, 4.3]","[0.11, 0.11, 0.13, 0.15, 0.28, 0.68]",4.73
2023-08-18,252,"[5.55, 5.52, 5.35, 4.63, 4.38, 4.26]","[0.1, 0.11, 0.12, 0.16, 0.27, 0.67]",4.71
2023-08-21,252,"[5.57, 5.58, 5.37, 4.7, 4.46, 4.34]","[0.1, 0.11, 0.12, 0.15, 0.26, 0.66]",4.7700000000000005
2023-08-22,252,"[5.57, 5.57, 5.39, 4.75, 4.49, 4.34]","[0.11, 0.11, 0.12, 0.16, 0.26, 0.67]",4.78
2023-08-23,252,"[5.57, 5.55, 5.35, 4.64, 4.36, 4.19]","[0.09, 0.11, 0.12, 0.13, 0.24, 0.66]",4.718333333333333
2023-08-24,252,"[5.58, 5.59, 5.39, 4.69, 4.39, 4.23]","[0.1, 0.11, 0.12, 0.16, 0.28, 0.69]",4.735
2023-08-25,252,"[5.61, 5.61, 5.44, 4.72, 4.44, 4.25]","[0.09, 0.1, 0.12, 0.16, 0.27, 0.68]",4.775
2023-08-28,252,"[5.58, 5.56, 5.44, 4.69, 4.38, 4.2]","[0.09, 0.11, 0.12, 0.16, 0.28, 0.7]",4.7316666666666665
2023-08-29,252,"[5.56, 5.52, 5.37, 4.56, 4.26, 4.12]","[0.1, 0.11, 0.12, 0.19, 0.33, 0.78]",4.626666666666666
2023-08-30,252,"[5.56, 5.51, 5.39, 4.57, 4.27, 4.12]","[0.1, 0.11, 0.14, 0.17, 0.32, 0.76]",4.636666666666666
2023-08-31,252,"[5.56, 5.48, 5.37, 4.54, 4.23, 4.09]","[0.1, 0.12, 0.13, 0.21, 0.35, 0.81]",4.591666666666667
2023-09-01,252,"[5.53, 5.47, 5.36, 4.57, 4.29, 4.18]","[0.09, 0.12, 0.13, 0.18, 0.33, 0.78]",4.628333333333333
2023-09-04,252,"[5.53, 5.47, 5.36, 4.57, 4.29, 4.18]","[0.1, 0.12, 0.15, 0.2, 0.34, 0.79]",4.616666666666667
2023-09-05,252,"[5.55, 5.51, 5.42, 4.65, 4.37, 4.27]","[0.1, 0.12, 0.15, 0.2, 0.34, 0.79]",4.678333333333334
2023-09-06,252,"[5.55, 5.52, 5.44, 4.73, 4.44, 4.3]","[0.11, 0.12, 0.13, 0.18, 0.31, 0.74]",4.7316666666666665
2023-09-07,252,"[5.53, 5.5, 5.4, 4.66, 4.38, 4.27]","[0.12, 0.12, 0.13, 0.18, 0.3, 0.73]",4.6933333333333325
2023-09-08,252,"[5.55, 5.49, 5.42, 4.68, 4.39, 4.26]","[0.11, 0.12, 0.12, 0.18, 0.32, 0.74]",4.7
2023-09-11,252,"[5.55, 5.51, 5.4, 4.64, 4.4, 4.29]","[0.11, 0.12, 0.12, 0.18, 0.32, 0.76]",4.696666666666666
2023-09-12,252,"[5.56, 5.53, 5.42, 4.66, 4.41, 4.27]","[0.11, 0.11, 0.13, 0.19, 0.34, 0.78]",4.698333333333333
2023-09-13,252,"[5.55, 5.51, 5.42, 4.64, 4.39, 4.25]","[0.1, 0.12, 0.13, 0.19, 0.34, 0.81]",4.678333333333334
2023-09-14,252,"[5.55, 5.5, 5.42, 4.68, 4.42, 4.29]","[0.1, 0.12, 0.13, 0.2, 0.36, 0.83]",4.6866666666666665
2023-09-15,252,"[5.56, 5.49, 5.43, 4.72, 4.45, 4.33]","[0.09, 0.11, 0.13, 0.21, 0.38, 0.87]",4.698333333333333
2023-09-18,252,"[5.55, 5.51, 5.44, 4.74, 4.46, 4.32]","[0.1, 0.11, 0.12, 0.21, 0.37, 0.85]",4.71
2023-09-19,252,"[5.54, 5.51, 5.45, 4.79, 4.51, 4.37]","[0.11, 0.12, 0.12, 0.18, 0.35, 0.81]",4.746666666666666
2023-09-20,252,"[5.56, 5.51, 5.47, 4.82, 4.52, 4.35]","[0.1, 0.11, 0.12, 0.19, 0.34, 0.79]",4.763333333333333
2023-09-21,252,"[5.57, 5.52, 5.46, 4.85, 4.61, 4.49]","[0.1, 0.11, 0.12, 0.19, 0.34, 0.79]",4.808333333333333
2023-09-22,252,"[5.56, 5.52, 5.46, 4.8, 4.57, 4.44]","[0.09, 0.1, 0.12, 0.2, 0.38, 0.85]",4.7683333333333335
2023-09-25,252,"[5.58, 5.52, 5.45, 4.83, 4.62, 4.55]","[0.09, 0.11, 0.13, 0.19, 0.38, 0.88]",4.795000000000001
2023-09-26,252,"[5.58, 5.53, 5.45, 4.84, 4.62, 4.56]","[0.09, 0.11, 0.13, 0.2, 0.38, 0.87]",4.8
2023-09-27,252,"[5.58, 5.53, 5.49, 4.89, 4.67, 4.61]","[0.1, 0.12, 0.14, 0.21, 0.39, 0.9]",4.818333333333334
2023-09-28,252,"[5.56, 5.53, 5.46, 4.83, 4.62, 4.59]","[0.1, 0.1, 0.12, 0.18, 0.33, 0.78]",4.83
2023-09-29,252,"[5.55, 5.53, 5.46, 4.8, 4.6, 4.59]","[0.1, 0.1, 0.12, 0.18, 0.33, 0.79]",4.818333333333333
2023-10-02,252,"[5.62, 5.58, 5.49, 4.88, 4.72, 4.69]","[0.1, 0.11, 0.12, 0.21, 0.36, 0.83]",4.875
2023-10-03,252,"[5.62, 5.58, 5.49, 4.95, 4.8, 4.81]","[0.11, 0.11, 0.12, 0.25, 0.44, 0.96]",4.876666666666666
2023-10-04,252,"[5.61, 5.57, 5.42, 4.85, 4.72, 4.73]","[0.1, 0.11, 0.12, 0.26, 0.46, 0.98]",4.8116666666666665
2023-10-05,252,"[5.61, 5.56, 5.39, 4.82, 4.68, 4.72]","[0.1, 0.11, 0.12, 0.26, 0.46, 0.98]",4.791666666666666
2023-10-06,252,"[5.63, 5.59, 5.43, 4.87, 4.75, 4.78]","[0.1, 0.1, 0.13, 0.23, 0.4, 0.88]",4.868333333333333
2023-10-09,252,"[5.63, 5.59, 5.43, 4.87, 4.75, 4.78]","[0.09, 0.1, 0.12, 0.23, 0.41, 0.89]",4.868333333333333
2023-10-10,252,"[5.61, 5.57, 5.37, 4.74, 4.62, 4.66]","[0.09, 0.12, 0.12, 0.24, 0.41, 0.91]",4.78
2023-10-11,252,"[5.61, 5.56, 5.38, 4.73, 4.59, 4.58]","[0.09, 0.1, 0.12, 0.22, 0.39, 0.87]",4.776666666666667
2023-10-12,252,"[5.63, 5.58, 5.43, 4.82, 4.69, 4.7]","[0.09, 0.1, 0.11, 0.22, 0.4, 0.88]",4.841666666666667
2023-10-13,252,"[5.62, 5.57, 5.41, 4.8, 4.65, 4.63]","[0.07, 0.1, 0.11, 0.22, 0.39, 0.86]",4.821666666666666
2023-10-16,252,"[5.61, 5.58, 5.42, 4.87, 4.72, 4.71]","[0.07, 0.1, 0.11, 0.21, 0.38, 0.83]",4.868333333333333
2023-10-17,252,"[5.62, 5.6, 5.48, 5.01, 4.86, 4.83]","[0.08, 0.08, 0.1, 0.22, 0.39, 0.86]",4.944999999999999
2023-10-18,252,"[5.61, 5.58, 5.47, 5.03, 4.92, 4.91]","[0.09, 0.1, 0.11, 0.22, 0.39, 0.88]",4.955000000000001
2023-10-19,252,"[5.6, 5.56, 5.44, 5.01, 4.95, 4.98]","[0.09, 0.09, 0.11, 0.21, 0.39, 0.88]",4.961666666666667
2023-10-20,252,"[5.58, 5.54, 5.41, 4.93, 4.86, 4.93]","[0.09, 0.09, 0.11, 0.21, 0.39, 0.88]",4.913333333333333
2023-10-23,252,"[5.58, 5.56, 5.42, 4.89, 4.81, 4.86]","[0.09, 0.1, 0.11, 0.2, 0.37, 0.84]",4.9016666666666655
2023-10-24,252,"[5.58, 5.57, 5.41, 4.91, 4.82, 4.83]","[0.08, 0.09, 0.11, 0.19, 0.36, 0.84]",4.908333333333334
2023-10-25,252,"[5.59, 5.57, 5.43, 4.98, 4.89, 4.95]","[0.09, 0.1, 0.12, 0.22, 0.42, 0.92]",4.923333333333334
2023-10-26,252,"[5.59, 5.55, 5.39, 4.89, 4.79, 4.86]","[0.09, 0.1, 0.11, 0.22, 0.42, 0.95]",4.863333333333333
2023-10-27,252,"[5.59, 5.55, 5.39, 4.84, 4.76, 4.84]","[0.08, 0.09, 0.1, 0.21, 0.4, 0.92]",4.8616666666666655
2023-10-30,252,"[5.6, 5.53, 5.41, 4.87, 4.8, 4.88]","[0.09, 0.1, 0.11, 0.21, 0.42, 0.97]",4.865
2023-10-31,252,"[5.59, 5.54, 5.44, 4.9, 4.82, 4.88]","[0.08, 0.1, 0.1, 0.2, 0.4, 0.94]",4.891666666666667
2023-11-01,252,"[5.57, 5.51, 5.37, 4.76, 4.67, 4.77]","[0.09, 0.09, 0.1, 0.2, 0.39, 0.92]",4.81
2023-11-02,252,"[5.54, 5.5, 5.38, 4.78, 4.65, 4.67]","[0.08, 0.09, 0.1, 0.21, 0.41, 0.95]",4.78
2023-11-03,252,"[5.53, 5.45, 5.29, 4.62, 4.49, 4.57]","[0.08, 0.09, 0.1, 0.2, 0.39, 0.92]",4.695
2023-11-06,252,"[5.56, 5.47, 5.33, 4.72, 4.6, 4.67]","[0.08, 0.08, 0.1, 0.18, 0.37, 0.9]",4.773333333333333
2023-11-07,252,"[5.55, 5.47, 5.33, 4.64, 4.53, 4.58]","[0.09, 0.08, 0.1, 0.17, 0.37, 0.9]",4.7316666666666665
2023-11-08,252,"[5.54, 5.46, 5.34, 4.65, 4.51, 4.49]","[0.08, 0.08, 0.09, 0.18, 0.37, 0.92]",4.711666666666667
2023-11-09,252,"[5.54, 5.46, 5.39, 4.77, 4.65, 4.62]","[0.09, 0.09, 0.09, 0.18, 0.37, 0.92]",4.781666666666667
2023-11-10,252,"[5.53, 5.46, 5.38, 4.8, 4.65, 4.61]","[0.08, 0.09, 0.09, 0.19, 0.38, 0.94]",4.776666666666666
2023-11-13,252,"[5.55, 5.48, 5.37, 4.8, 4.66, 4.63]","[0.08, 0.09, 0.09, 0.19, 0.39, 0.95]",4.783333333333333
2023-11-14,252,"[5.52, 5.41, 5.24, 4.56, 4.42, 4.44]","[0.09, 0.09, 0.09, 0.18, 0.39, 0.95]",4.633333333333334
2023-11-15,252,"[5.53, 5.41, 5.27, 4.68, 4.52, 4.53]","[0.09, 0.09, 0.09, 0.17, 0.37, 0.93]",4.7
2023-11-16,252,"[5.51, 5.38, 5.23, 4.59, 4.43, 4.45]","[0.09, 0.09, 0.09, 0.18, 0.38, 0.96]",4.633333333333334
2023-11-17,252,"[5.5, 5.39, 5.24, 4.64, 4.45, 4.44]","[0.09, 0.09, 0.1, 0.17, 0.37, 0.94]",4.65
2023-11-20,252,"[5.54, 5.43, 5.25, 4.62, 4.44, 4.42]","[0.09, 0.09, 0.1, 0.17, 0.37, 0.94]",4.656666666666667
2023-11-21,252,"[5.53, 5.42, 5.24, 4.6, 4.41, 4.41]","[0.11, 0.11, 0.11, 0.17, 0.38, 0.94]",4.631666666666667
2023-11-22,252,"[5.54, 5.42, 5.26, 4.62, 4.44, 4.42]","[0.1, 0.12, 0.11, 0.17, 0.37, 0.94]",4.648333333333333
2023-11-23,252,"[5.54, 5.42, 5.26, 4.62, 4.44, 4.42]","[0.08, 0.09, 0.12, 0.17, 0.37, 0.93]",4.656666666666666
2023-11-24,252,"[5.54, 5.45, 5.27, 4.67, 4.49, 4.47]","[0.09, 0.09, 0.1, 0.17, 0.36, 0.93]",4.691666666666666
2023-11-27,252,"[5.49, 5.45, 5.24, 4.6, 4.38, 4.39]","[0.09, 0.09, 0.1, 0.17, 0.36, 0.93]",4.635000000000001
2023-11-28,252,"[5.47, 5.42, 5.21, 4.49, 4.29, 4.34]","[0.09, 0.09, 0.1, 0.16, 0.36, 0.93]",4.581666666666666
2023-11-29,252,"[5.45, 5.38, 5.12, 4.4, 4.22, 4.27]","[0.09, 0.09, 0.1, 0.17, 0.38, 0.96]",4.508333333333334
2023-11-30,252,"[5.45, 5.38, 5.16, 4.48, 4.31, 4.37]","[0.09, 0.09, 0.11, 0.2, 0.43, 1.04]",4.531666666666666
2023-12-01,252,"[5.43, 5.33, 5.05, 4.31, 4.14, 4.22]","[0.09, 0.09, 0.11, 0.22, 0.46, 1.08]",4.405
2023-12-04,252,"[5.46, 5.41, 5.1, 4.4, 4.23, 4.28]","[0.08, 0.09, 0.1, 0.24, 0.49, 1.13]",4.458333333333333
2023-12-05,252,"[5.45, 5.37, 5.06, 4.33, 4.14, 4.18]","[0.08, 0.1, 0.1, 0.22, 0.5, 1.15]",4.396666666666667
2023-12-06,252,"[5.45, 5.38, 5.07, 4.33, 4.12, 4.12]","[0.09, 0.09, 0.11, 0.23, 0.5, 1.15]",4.383333333333334
2023-12-07,252,"[5.44, 5.36, 5.05, 4.31, 4.11, 4.14]","[0.09, 0.1, 0.12, 0.22, 0.48, 1.1]",4.383333333333334
2023-12-08,252,"[5.44, 5.39, 5.13, 4.45, 4.24, 4.23]","[0.09, 0.09, 0.1, 0.23, 0.49, 1.15]",4.455
2023-12-11,252,"[5.47, 5.4, 5.14, 4.42, 4.25, 4.23]","[0.09, 0.1, 0.1, 0.2, 0.46, 1.11]",4.475
2023-12-12,252,"[5.46, 5.41, 5.14, 4.42, 4.23, 4.2]","[0.09, 0.1, 0.1, 0.2, 0.46, 1.11]",4.466666666666666
2023-12-13,252,"[5.44, 5.33, 4.94, 4.18, 4.0, 4.04]","[0.09, 0.11, 0.1, 0.21, 0.45, 1.1]",4.3116666666666665
2023-12-14,252,"[5.43, 5.31, 4.9, 4.09, 3.9, 3.92]","[0.08, 0.1, 0.1, 0.19, 0.45, 1.1]",4.255
2023-12-15,252,"[5.44, 5.33, 4.95, 4.13, 3.91, 3.91]","[0.09, 0.09, 0.1, 0.19, 0.45, 1.12]",4.271666666666667
2023-12-18,252,"[5.46, 5.36, 4.95, 4.15, 3.94, 3.95]","[0.08, 0.1, 0.1, 0.19, 0.44, 1.1]",4.300000000000001
2023-12-19,252,"[5.43, 5.35, 4.93, 4.15, 3.94, 3.93]","[0.09, 0.09, 0.1, 0.17, 0.42, 1.05]",4.301666666666667
2023-12-20,252,"[5.44, 5.33, 4.88, 4.06, 3.86, 3.86]","[0.07, 0.09, 0.09, 0.18, 0.42, 1.05]",4.255
2023-12-21,252,"[5.42, 5.31, 4.84, 4.06, 3.87, 3.89]","[0.08, 0.09, 0.09, 0.18, 0.41, 1.04]",4.25
2023-12-22,252,"[5.44, 5.31, 4.82, 4.04, 3.87, 3.9]","[0.07, 0.08, 0.08, 0.18, 0.42, 1.07]",4.246666666666666
2023-12-25,252,"[5.44, 5.31, 4.82, 4.04, 3.87, 3.9]","[0.06, 0.07, 0.1, 0.19, 0.45, 1.11]",4.233333333333333
2023-12-26,252,"[5.45, 5.28, 4.83, 4.05, 3.89, 3.89]","[0.07, 0.08, 0.08, 0.17, 0.42, 1.09]",4.246666666666667
2023-12-27,252,"[5.44, 5.26, 4.79, 3.97, 3.78, 3.79]","[0.07, 0.08, 0.08, 0.18, 0.45, 1.12]",4.175
2023-12-28,252,"[5.45, 5.28, 4.82, 4.02, 3.83, 3.84]","[0.04, 0.06, 0.08, 0.19, 0.46, 1.15]",4.21
2023-12-29,252,"[5.4, 5.26, 4.79, 4.01, 3.84, 3.88]","[0.04, 0.06, 0.07, 0.18, 0.46, 1.15]",4.203333333333333
2024-01-01,252,"[5.4, 5.26, 4.79, 4.01, 3.84, 3.88]","[0.03, 0.05, 0.06, 0.19, 0.47, 1.19]",4.198333333333333
2024-01-02,252,"[5.46, 5.24, 4.8, 4.09, 3.93, 3.95]","[0.05, 0.05, 0.07, 0.2, 0.48, 1.19]",4.238333333333334
2024-01-03,252,"[5.48, 5.25, 4.81, 4.07, 3.9, 3.91]","[0.04, 0.06, 0.07, 0.19, 0.48, 1.18]",4.233333333333333
2024-01-04,252,"[5.48, 5.25, 4.85, 4.14, 3.97, 3.99]","[0.05, 0.06, 0.07, 0.19, 0.46, 1.15]",4.283333333333334
2024-01-05,252,"[5.47, 5.24, 4.84, 4.17, 4.02, 4.05]","[0.05, 0.06, 0.07, 0.19, 0.46, 1.16]",4.3
2024-01-08,252,"[5.49, 5.24, 4.82, 4.11, 3.97, 4.01]","[0.04, 0.05, 0.06, 0.2, 0.5, 1.2]",4.265
2024-01-09,252,"[5.47, 5.24, 4.82, 4.09, 3.97, 4.02]","[0.04, 0.05, 0.06, 0.2, 0.5, 1.2]",4.260000000000001
2024-01-10,252,"[5.46, 5.23, 4.82, 4.1, 3.99, 4.04]","[0.04, 0.06, 0.08, 0.23, 0.57, 1.3]",4.226666666666667
2024-01-11,252,"[5.46, 5.22, 4.75, 4.02, 3.9, 3.98]","[0.04, 0.06, 0.07, 0.21, 0.57, 1.29]",4.181666666666667
2024-01-12,252,"[5.45, 5.16, 4.65, 3.92, 3.84, 3.96]","[0.03, 0.04, 0.06, 0.21, 0.56, 1.29]",4.131666666666667
2024-01-15,252,"[5.45, 5.16, 4.65, 3.92, 3.84, 3.96]","[0.04, 0.06, 0.07, 0.22, 0.59, 1.34]",4.11
2024-01-16,252,"[5.45, 5.18, 4.7, 4.02, 3.95, 4.07]","[0.03, 0.04, 0.06, 0.22, 0.61, 1.37]",4.173333333333333
2024-01-17,252,"[5.47, 5.2, 4.8, 4.12, 4.02, 4.1]","[0.04, 0.05, 0.08, 0.22, 0.59, 1.37]",4.226666666666667
2024-01-18,252,"[5.45, 5.2, 4.8, 4.13, 4.04, 4.14]","[0.03, 0.05, 0.08, 0.24, 0.62, 1.38]",4.226666666666667
2024-01-19,252,"[5.45, 5.21, 4.84, 4.18, 4.08, 4.15]","[0.04, 0.06, 0.09, 0.34, 0.81, 1.54]",4.171666666666666
2024-01-22,252,"[5.46, 5.22, 4.83, 4.14, 4.03, 4.11]","[0.04, 0.05, 0.08, 0.3, 0.75, 1.44]",4.1883333333333335
2024-01-23,252,"[5.45, 5.21, 4.81, 4.16, 4.06, 4.14]","[0.05, 0.07, 0.08, 0.27, 0.71, 1.45]",4.199999999999999
2024-01-24,252,"[5.44, 5.22, 4.83, 4.19, 4.06, 4.18]","[0.04, 0.06, 0.08, 0.26, 0.67, 1.42]",4.2316666666666665
2024-01-25,252,"[5.44, 5.19, 4.76, 4.12, 4.01, 4.14]","[0.05, 0.07, 0.08, 0.29, 0.73, 1.47]",4.161666666666668
2024-01-26,252,"[5.44, 5.19, 4.78, 4.15, 4.04, 4.15]","[0.04, 0.07, 0.08, 0.32, 0.77, 1.54]",4.155
2024-01-29,252,"[5.42, 5.19, 4.76, 4.1, 3.97, 4.08]","[0.04, 0.07, 0.08, 0.32, 0.79, 1.56]",4.11
2024-01-30,252,"[5.42, 5.19, 4.8, 4.14, 4.0, 4.06]","[0.05, 0.06, 0.09, 0.34, 0.86, 1.59]",4.1033333333333335
2024-01-31,252,"[5.42, 5.18, 4.73, 4.05, 3.91, 3.99]","[0.05, 0.07, 0.1, 0.35, 0.83, 1.55]",4.055000000000001
2024-02-01,252,"[5.42, 5.15, 4.68, 3.96, 3.8, 3.87]","[0.04, 0.06, 0.08, 0.32, 0.8, 1.53]",4.008333333333334
2024-02-02,252,"[5.43, 5.22, 4.81, 4.14, 3.99, 4.03]","[0.04, 0.05, 0.08, 0.31, 0.78, 1.54]",4.136666666666667
2024-02-05,252,"[5.42, 5.25, 4.87, 4.27, 4.13, 4.17]","[0.04, 0.06, 0.09, 0.34, 0.85, 1.64]",4.181666666666668
2024-02-06,252,"[5.44, 5.23, 4.82, 4.14, 4.03, 4.09]","[0.04, 0.06, 0.08, 0.33, 0.84, 1.62]",4.13
2024-02-07,252,"[5.43, 5.23, 4.83, 4.16, 4.06, 4.09]","[0.02, 0.06, 0.07, 0.33, 0.83, 1.62]",4.1450000000000005
2024-02-08,252,"[5.44, 5.24, 4.83, 4.22, 4.12, 4.15]","[0.02, 0.05, 0.07, 0.29, 0.8, 1.63]",4.19
2024-02-09,252,"[5.44, 5.26, 4.86, 4.25, 4.14, 4.17]","[0.01, 0.03, 0.08, 0.33, 0.86, 1.71]",4.183333333333334
2024-02-12,252,"[5.43, 5.27, 4.87, 4.25, 4.13, 4.17]","[0.01, 0.03, 0.07, 0.33, 0.9, 1.74]",4.173333333333334
2024-02-13,252,"[5.45, 5.32, 4.99, 4.44, 4.31, 4.31]","[0.03, 0.05, 0.06, 0.32, 0.87, 1.69]",4.3
2024-02-14,252,"[5.43, 5.31, 4.94, 4.38, 4.25, 4.27]","[0.01, 0.04, 0.08, 0.31, 0.83, 1.63]",4.28
2024-02-15,252,"[5.43, 5.3, 4.93, 4.36, 4.22, 4.24]","[0.02, 0.04, 0.07, 0.31, 0.83, 1.62]",4.265
2024-02-16,252,"[5.44, 5.31, 4.98, 4.43, 4.29, 4.3]","[0.02, 0.04, 0.07, 0.3, 0.82, 1.63]",4.3116666666666665
2024-02-19,252,"[5.44, 5.31, 4.98, 4.43, 4.29, 4.3]","[0.02, 0.04, 0.06, 0.31, 0.85, 1.67]",4.300000000000001
2024-02-20,252,"[5.44, 5.32, 4.97, 4.38, 4.25, 4.27]","[0.03, 0.04, 0.06, 0.32, 0.89, 1.73]",4.26
2024-02-21,252,"[5.44, 5.32, 4.98, 4.43, 4.3, 4.32]","[0.02, 0.04, 0.06, 0.33, 0.9, 1.73]",4.284999999999999
2024-02-22,252,"[5.45, 5.32, 5.02, 4.49, 4.33, 4.33]","[0.03, 0.05, 0.07, 0.35, 0.92, 1.74]",4.296666666666667
2024-02-23,252,"[5.46, 5.32, 5.0, 4.45, 4.28, 4.26]","[0.02, 0.04, 0.06, 0.35, 0.9, 1.69]",4.285
2024-02-26,252,"[5.47, 5.34, 5.03, 4.48, 4.29, 4.28]","[0.02, 0.04, 0.07, 0.39, 0.97, 1.72]",4.28
2024-02-27,252,"[5.45, 5.33, 5.03, 4.5, 4.32, 4.31]","[0.03, 0.04, 0.06, 0.37, 0.94, 1.73]",4.295
2024-02-28,252,"[5.45, 5.31, 5.0, 4.44, 4.26, 4.27]","[0.02, 0.04, 0.06, 0.35, 0.88, 1.67]",4.285
2024-02-29,252,"[5.45, 5.3, 5.01, 4.43, 4.26, 4.25]","[0.02, 0.04, 0.06, 0.34, 0.87, 1.68]",4.281666666666667
2024-03-01,252,"[5.42, 5.27, 4.94, 4.32, 4.17, 4.19]","[0.01, 0.04, 0.05, 0.33, 0.85, 1.64]",4.231666666666667
2024-03-04,252,"[5.48, 5.37, 4.98, 4.39, 4.21, 4.22]","[0.02, 0.03, 0.06, 0.35, 0.87, 1.67]",4.275
2024-03-05,252,"[5.47, 5.35, 4.94, 4.32, 4.13, 4.13]","[0.02, 0.04, 0.06, 0.38, 0.89, 1.69]",4.21
2024-03-06,252,"[5.47, 5.35, 4.95, 4.32, 4.12, 4.11]","[0.03, 0.05, 0.06, 0.35, 0.85, 1.64]",4.223333333333333
2024-03-07,252,"[5.47, 5.34, 4.93, 4.28, 4.07, 4.09]","[0.02, 0.04, 0.06, 0.35, 0.87, 1.64]",4.2
2024-03-08,252,"[5.46, 5.34, 4.92, 4.25, 4.06, 4.09]","[0.02, 0.04, 0.06, 0.32, 0.81, 1.56]",4.218333333333334
2024-03-11,252,"[5.48, 5.35, 4.95, 4.26, 4.08, 4.1]","[0.02, 0.04, 0.06, 0.34, 0.84, 1.59]",4.221666666666667
2024-03-12,252,"[5.48, 5.37, 5.0, 4.33, 4.15, 4.16]","[0.02, 0.04, 0.08, 0.34, 0.85, 1.61]",4.258333333333334
2024-03-13,252,"[5.48, 5.37, 5.01, 4.37, 4.19, 4.19]","[0.03, 0.04, 0.07, 0.31, 0.81, 1.58]",4.295
2024-03-14,252,"[5.48, 5.38, 5.04, 4.46, 4.29, 4.29]","[0.03, 0.04, 0.07, 0.32, 0.81, 1.57]",4.35
2024-03-15,252,"[5.48, 5.38, 5.05, 4.51, 4.33, 4.31]","[0.03, 0.04, 0.06, 0.32, 0.81, 1.57]",4.371666666666666
2024-03-18,252,"[5.48, 5.39, 5.06, 4.52, 4.36, 4.34]","[0.03, 0.03, 0.07, 0.34, 0.83, 1.58]",4.378333333333333
2024-03-19,252,"[5.48, 5.39, 5.06, 4.47, 4.31, 4.3]","[0.03, 0.04, 0.06, 0.35, 0.85, 1.58]",4.3500000000000005
2024-03-20,252,"[5.47, 5.36, 5.01, 4.41, 4.25, 4.27]","[0.01, 0.04, 0.06, 0.36, 0.88, 1.63]",4.298333333333334
2024-03-21,252,"[5.48, 5.36, 5.01, 4.42, 4.26, 4.27]","[0.01, 0.04, 0.05, 0.35, 0.86, 1.63]",4.31
2024-03-22,252,"[5.46, 5.34, 4.98, 4.36, 4.2, 4.22]","[0.01, 0.04, 0.05, 0.35, 0.86, 1.65]",4.266666666666667
2024-03-25,252,"[5.46, 5.36, 5.0, 4.39, 4.23, 4.25]","[0.01, 0.03, 0.05, 0.35, 0.86, 1.65]",4.29
2024-03-26,252,"[5.46, 5.36, 5.0, 4.38, 4.22, 4.24]","[0.04, 0.04, 0.06, 0.33, 0.84, 1.63]",4.286666666666666
2024-03-27,252,"[5.45, 5.36, 4.99, 4.36, 4.18, 4.2]","[0.02, 0.04, 0.06, 0.33, 0.82, 1.61]",4.276666666666666
2024-03-28,252,"[5.46, 5.38, 5.03, 4.4, 4.21, 4.2]","[0.02, 0.04, 0.06, 0.32, 0.8, 1.59]",4.308333333333334
2024-03-29,252,"[5.46, 5.38, 5.03, 4.4, 4.21, 4.2]","[0.02, 0.04, 0.05, 0.32, 0.81, 1.58]",4.3100000000000005
2024-04-01,252,"[5.44, 5.36, 5.06, 4.51, 4.34, 4.33]","[0.02, 0.04, 0.05, 0.29, 0.77, 1.6]",4.378333333333334
2024-04-02,252,"[5.42, 5.34, 5.05, 4.51, 4.35, 4.36]","[0.02, 0.04, 0.05, 0.32, 0.8, 1.63]",4.361666666666667
2024-04-03,252,"[5.42, 5.33, 5.03, 4.48, 4.34, 4.36]","[0.01, 0.04, 0.05, 0.31, 0.8, 1.64]",4.351666666666667
2024-04-04,252,"[5.41, 5.32, 5.0, 4.46, 4.3, 4.31]","[0.02, 0.04, 0.05, 0.35, 0.87, 1.69]",4.296666666666667
2024-04-05,252,"[5.43, 5.34, 5.05, 4.54, 4.38, 4.39]","[0.02, 0.03, 0.05, 0.33, 0.84, 1.66]",4.366666666666666
2024-04-08,252,"[5.43, 5.35, 5.07, 4.6, 4.43, 4.42]","[0.01, 0.03, 0.06, 0.33, 0.82, 1.63]",4.403333333333333
2024-04-09,252,"[5.43, 5.34, 5.03, 4.52, 4.37, 4.36]","[0.02, 0.04, 0.06, 0.34, 0.84, 1.64]",4.351666666666667
2024-04-10,252,"[5.45, 5.4, 5.19, 4.77, 4.61, 4.55]","[0.02, 0.03, 0.06, 0.34, 0.83, 1.64]",4.508333333333334
2024-04-11,252,"[5.45, 5.38, 5.17, 4.77, 4.61, 4.56]","[0.01, 0.03, 0.05, 0.35, 0.87, 1.68]",4.491666666666666
2024-04-12,252,"[5.45, 5.36, 5.13, 4.7, 4.54, 4.5]","[0.01, 0.03, 0.05, 0.34, 0.83, 1.63]",4.465000000000001
2024-04-15,252,"[5.45, 5.38, 5.16, 4.78, 4.65, 4.63]","[0.01, 0.02, 0.04, 0.34, 0.84, 1.63]",4.528333333333333
2024-04-16,252,"[5.45, 5.39, 5.18, 4.83, 4.69, 4.67]","[0.02, 0.03, 0.04, 0.32, 0.82, 1.61]",4.5616666666666665
2024-04-17,252,"[5.45, 5.38, 5.16, 4.77, 4.62, 4.59]","[0.02, 0.04, 0.04, 0.3, 0.79, 1.56]",4.536666666666666
2024-04-18,252,"[5.46, 5.39, 5.18, 4.83, 4.68, 4.64]","[0.02, 0.04, 0.04, 0.31, 0.8, 1.58]",4.565
2024-04-19,252,"[5.45, 5.39, 5.17, 4.81, 4.66, 4.62]","[0.02, 0.04, 0.04, 0.31, 0.81, 1.61]",4.545000000000001
2024-04-22,252,"[5.42, 5.39, 5.16, 4.81, 4.66, 4.62]","[0.01, 0.03, 0.05, 0.3, 0.79, 1.58]",4.55
2024-04-23,252,"[5.45, 5.39, 5.14, 4.76, 4.63, 4.61]","[0.01, 0.03, 0.05, 0.3, 0.79, 1.58]",4.536666666666667
2024-04-24,252,"[5.46, 5.4, 5.17, 4.78, 4.64, 4.65]","[0.02, 0.04, 0.04, 0.31, 0.81, 1.62]",4.543333333333333
2024-04-25,252,"[5.47, 5.41, 5.21, 4.85, 4.7, 4.7]","[0.02, 0.04, 0.05, 0.3, 0.8, 1.59]",4.59
2024-04-26,252,"[5.46, 5.4, 5.21, 4.84, 4.68, 4.67]","[0.02, 0.04, 0.04, 0.34, 0.84, 1.63]",4.558333333333333
2024-04-29,252,"[5.45, 5.43, 5.2, 4.8, 4.65, 4.63]","[0.02, 0.04, 0.05, 0.32, 0.78, 1.56]",4.565
2024-04-30,252,"[5.46, 5.44, 5.25, 4.87, 4.72, 4.69]","[0.02, 0.04, 0.05, 0.33, 0.79, 1.57]",4.605
2024-05-01,252,"[5.46, 5.43, 5.21, 4.79, 4.64, 4.63]","[0.02, 0.04, 0.05, 0.32, 0.77, 1.53]",4.571666666666666
2024-05-02,252,"[5.46, 5.42, 5.16, 4.71, 4.57, 4.58]","[0.03, 0.04, 0.05, 0.31, 0.75, 1.5]",4.536666666666666
2024-05-03,252,"[5.45, 5.41, 5.12, 4.63, 4.48, 4.5]","[0.03, 0.04, 0.05, 0.3, 0.73, 1.45]",4.498333333333333
2024-05-06,252,"[5.45, 5.42, 5.12, 4.64, 4.48, 4.49]","[0.03, 0.04, 0.05, 0.31, 0.76, 1.47]",4.49
2024-05-07,252,"[5.45, 5.41, 5.13, 4.6, 4.48, 4.47]","[0.03, 0.05, 0.05, 0.33, 0.8, 1.51]",4.461666666666667
2024-05-08,252,"[5.45, 5.41, 5.13, 4.63, 4.5, 4.48]","[0.03, 0.05, 0.08, 0.34, 0.79, 1.51]",4.466666666666668
2024-05-09,252,"[5.46, 5.41, 5.12, 4.6, 4.47, 4.45]","[0.04, 0.06, 0.08, 0.41, 0.89, 1.57]",4.409999999999999
2024-05-10,252,"[5.47, 5.43, 5.17, 4.65, 4.52, 4.5]","[0.04, 0.06, 0.08, 0.43, 0.9, 1.52]",4.451666666666667
2024-05-13,252,"[5.45, 5.43, 5.16, 4.66, 4.5, 4.48]","[0.05, 0.06, 0.09, 0.47, 0.89, 1.45]",4.445
2024-05-14,252,"[5.44, 5.43, 5.16, 4.62, 4.46, 4.45]","[0.05, 0.06, 0.09, 0.48, 0.9, 1.5]",4.413333333333333
2024-05-15,252,"[5.45, 5.4, 5.1, 4.51, 4.35, 4.36]","[0.04, 0.06, 0.09, 0.44, 0.87, 1.48]",4.364999999999999
2024-05-16,252,"[5.45, 5.41, 5.13, 4.58, 4.4, 4.38]","[0.05, 0.05, 0.08, 0.47, 0.9, 1.5]",4.383333333333334
2024-05-17,252,"[5.46, 5.41, 5.14, 4.6, 4.44, 4.42]","[0.05, 0.05, 0.08, 0.48, 0.9, 1.49]",4.403333333333332
2024-05-20,252,"[5.45, 5.43, 5.15, 4.62, 4.46, 4.44]","[0.06, 0.06, 0.09, 0.48, 0.92, 1.54]",4.4
2024-05-21,252,"[5.45, 5.42, 5.14, 4.61, 4.43, 4.41]","[0.05, 0.06, 0.08, 0.47, 0.9, 1.49]",4.401666666666667
2024-05-22,252,"[5.45, 5.43, 5.16, 4.64, 4.47, 4.43]","[0.04, 0.06, 0.08, 0.47, 0.89, 1.49]",4.425
2024-05-23,252,"[5.46, 5.44, 5.2, 4.71, 4.52, 4.47]","[0.05, 0.06, 0.07, 0.46, 0.87, 1.45]",4.473333333333334
2024-05-24,252,"[5.46, 5.44, 5.21, 4.71, 4.53, 4.46]","[0.05, 0.05, 0.09, 0.47, 0.89, 1.48]",4.463333333333334
2024-05-27,252,"[5.46, 5.44, 5.21, 4.71, 4.53, 4.46]","[0.05, 0.05, 0.08, 0.45, 0.86, 1.44]",4.48
2024-05-28,252,"[5.46, 5.43, 5.21, 4.75, 4.56, 4.54]","[0.05, 0.05, 0.08, 0.45, 0.86, 1.44]",4.503333333333333
2024-05-29,252,"[5.46, 5.43, 5.22, 4.79, 4.63, 4.61]","[0.05, 0.06, 0.07, 0.42, 0.81, 1.37]",4.56
2024-05-30,252,"[5.46, 5.42, 5.19, 4.74, 4.57, 4.55]","[0.05, 0.05, 0.08, 0.41, 0.79, 1.33]",4.536666666666666
2024-05-31,252,"[5.46, 5.42, 5.18, 4.69, 4.52, 4.51]","[0.06, 0.06, 0.07, 0.37, 0.74, 1.3]",4.53
2024-06-03,252,"[5.52, 5.39, 5.14, 4.62, 4.42, 4.41]","[0.06, 0.05, 0.08, 0.41, 0.79, 1.37]",4.456666666666666
2024-06-04,252,"[5.52, 5.38, 5.11, 4.55, 4.35, 4.33]","[0.05, 0.06, 0.08, 0.43, 0.81, 1.38]",4.405
2024-06-05,252,"[5.51, 5.37, 5.08, 4.5, 4.31, 4.29]","[0.05, 0.06, 0.08, 0.47, 0.85, 1.42]",4.355
2024-06-06,252,"[5.51, 5.36, 5.08, 4.49, 4.29, 4.28]","[0.06, 0.05, 0.08, 0.44, 0.8, 1.37]",4.368333333333334
2024-06-07,252,"[5.52, 5.4, 5.17, 4.65, 4.46, 4.43]","[0.05, 0.05, 0.07, 0.43, 0.78, 1.31]",4.49
2024-06-10,252,"[5.52, 5.4, 5.16, 4.62, 4.48, 4.47]","[0.05, 0.05, 0.08, 0.43, 0.79, 1.31]",4.49
2024-06-11,252,"[5.52, 5.39, 5.17, 4.57, 4.41, 4.39]","[0.05, 0.06, 0.07, 0.38, 0.7, 1.19]",4.5
2024-06-12,252,"[5.51, 5.38, 5.13, 4.48, 4.32, 4.31]","[0.05, 0.06, 0.08, 0.37, 0.69, 1.23]",4.441666666666666
2024-06-13,252,"[5.51, 5.36, 5.07, 4.42, 4.24, 4.24]","[0.05, 0.05, 0.07, 0.39, 0.74, 1.3]",4.373333333333334
2024-06-14,252,"[5.51, 5.36, 5.07, 4.41, 4.22, 4.2]","[0.05, 0.05, 0.07, 0.37, 0.71, 1.27]",4.375
2024-06-17,252,"[5.52, 5.39, 5.11, 4.5, 4.3, 4.28]","[0.05, 0.05, 0.07, 0.38, 0.72, 1.3]",4.421666666666666
2024-06-18,252,"[5.5, 5.37, 5.09, 4.43, 4.24, 4.22]","[0.05, 0.06, 0.08, 0.38, 0.73, 1.29]",4.376666666666667
2024-06-19,252,"[5.5, 5.37, 5.09, 4.43, 4.24, 4.22]","[0.05, 0.05, 0.07, 0.37, 0.71, 1.25]",4.391666666666667
2024-06-20,252,"[5.5, 5.37, 5.1, 4.45, 4.26, 4.25]","[0.05, 0.05, 0.07, 0.38, 0.72, 1.26]",4.4
2024-06-21,252,"[5.49, 5.36, 5.1, 4.45, 4.26, 4.25]","[0.06, 0.05, 0.08, 0.37, 0.73, 1.28]",4.390000000000001
2024-06-24,252,"[5.5, 5.37, 5.1, 4.46, 4.27, 4.25]","[0.06, 0.05, 0.07, 0.35, 0.69, 1.24]",4.415
2024-06-25,252,"[5.49, 5.37, 5.1, 4.45, 4.25, 4.23]","[0.05, 0.06, 0.07, 0.33, 0.66, 1.2]",4.42
2024-06-26,252,"[5.5, 5.36, 5.13, 4.53, 4.32, 4.32]","[0.05, 0.06, 0.07, 0.33, 0.65, 1.19]",4.468333333333333
2024-06-27,252,"[5.49, 5.35, 5.1, 4.49, 4.29, 4.29]","[0.05, 0.05, 0.07, 0.34, 0.67, 1.19]",4.44
2024-06-28,252,"[5.48, 5.33, 5.09, 4.52, 4.33, 4.36]","[0.05, 0.06, 0.08, 0.38, 0.72, 1.23]",4.431666666666667
2024-07-01,252,"[5.47, 5.37, 5.1, 4.58, 4.44, 4.48]","[0.06, 0.06, 0.09, 0.42, 0.77, 1.31]",4.455000000000001
2024-07-02,252,"[5.47, 5.36, 5.07, 4.54, 4.39, 4.43]","[0.06, 0.06, 0.08, 0.43, 0.79, 1.33]",4.418333333333334
2024-07-03,252,"[5.47, 5.36, 5.04, 4.48, 4.33, 4.36]","[0.05, 0.05, 0.08, 0.47, 0.82, 1.36]",4.368333333333334
2024-07-04,252,"[5.47, 5.36, 5.04, 4.48, 4.33, 4.36]","[0.05, 0.06, 0.08, 0.45, 0.81, 1.35]",4.373333333333334
2024-07-05,252,"[5.46, 5.34, 4.98, 4.39, 4.22, 4.28]","[0.06, 0.06, 0.09, 0.46, 0.83, 1.36]",4.301666666666667
2024-07-08,252,"[5.46, 5.33, 4.99, 4.4, 4.23, 4.28]","[0.06, 0.05, 0.08, 0.44, 0.79, 1.29]",4.330000000000001
2024-07-09,252,"[5.46, 5.34, 5.02, 4.37, 4.24, 4.3]","[0.06, 0.05, 0.08, 0.42, 0.75, 1.26]",4.351666666666667
2024-07-10,252,"[5.46, 5.33, 5.01, 4.38, 4.24, 4.28]","[0.07, 0.06, 0.07, 0.43, 0.77, 1.26]",4.34
2024-07-11,252,"[5.44, 5.25, 4.91, 4.26, 4.13, 4.2]","[0.07, 0.05, 0.07, 0.43, 0.79, 1.27]",4.251666666666666
2024-07-12,252,"[5.43, 5.23, 4.87, 4.22, 4.1, 4.18]","[0.06, 0.05, 0.06, 0.44, 0.78, 1.24]",4.233333333333333
2024-07-15,252,"[5.43, 5.23, 4.85, 4.23, 4.13, 4.23]","[0.05, 0.05, 0.06, 0.44, 0.8, 1.26]",4.239999999999999
2024-07-16,252,"[5.43, 5.23, 4.85, 4.21, 4.09, 4.17]","[0.05, 0.06, 0.07, 0.43, 0.78, 1.25]",4.223333333333333
2024-07-17,252,"[5.43, 5.23, 4.85, 4.19, 4.07, 4.16]","[0.05, 0.05, 0.06, 0.44, 0.8, 1.29]",4.206666666666667
2024-07-18,252,"[5.43, 5.23, 4.86, 4.24, 4.11, 4.2]","[0.06, 0.06, 0.07, 0.47, 0.84, 1.35]",4.203333333333334
2024-07-19,252,"[5.43, 5.24, 4.87, 4.28, 4.16, 4.25]","[0.05, 0.06, 0.07, 0.46, 0.84, 1.34]",4.235
2024-07-22,252,"[5.43, 5.24, 4.88, 4.29, 4.17, 4.26]","[0.05, 0.05, 0.07, 0.41, 0.79, 1.31]",4.265
2024-07-23,252,"[5.41, 5.22, 4.85, 4.26, 4.15, 4.25]","[0.05, 0.05, 0.08, 0.4, 0.77, 1.29]",4.25
2024-07-24,252,"[5.4, 5.19, 4.82, 4.24, 4.12, 4.28]","[0.04, 0.06, 0.07, 0.4, 0.77, 1.3]",4.235
2024-07-25,252,"[5.39, 5.19, 4.83, 4.26, 4.13, 4.27]","[0.05, 0.06, 0.07, 0.42, 0.78, 1.31]",4.23
2024-07-26,252,"[5.38, 5.18, 4.79, 4.2, 4.06, 4.2]","[0.05, 0.06, 0.07, 0.42, 0.78, 1.29]",4.19
2024-07-29,252,"[5.41, 5.18, 4.79, 4.19, 4.05, 4.17]","[0.05, 0.05, 0.08, 0.42, 0.78, 1.33]",4.18
2024-07-30,252,"[5.4, 5.16, 4.78, 4.16, 4.03, 4.15]","[0.05, 0.05, 0.08, 0.42, 0.78, 1.33]",4.161666666666666
2024-07-31,252,"[5.41, 5.14, 4.73, 4.1, 3.97, 4.09]","[0.05, 0.06, 0.08, 0.45, 0.82, 1.38]",4.1000000000000005
2024-08-01,252,"[5.37, 5.08, 4.62, 3.96, 3.84, 3.99]","[0.05, 0.06, 0.08, 0.43, 0.81, 1.35]",4.013333333333334
2024-08-02,252,"[5.29, 4.88, 4.33, 3.7, 3.62, 3.8]","[0.04, 0.05, 0.07, 0.43, 0.79, 1.3]",3.823333333333333
2024-08-05,252,"[5.35, 4.91, 4.34, 3.71, 3.62, 3.78]","[0.05, 0.06, 0.08, 0.45, 0.82, 1.35]",3.816666666666667
2024-08-06,252,"[5.34, 5.0, 4.46, 3.76, 3.73, 3.9]","[0.06, 0.06, 0.07, 0.44, 0.81, 1.33]",3.9033333333333338
2024-08-07,252,"[5.34, 4.99, 4.45, 3.81, 3.79, 3.96]","[0.04, 0.05, 0.07, 0.43, 0.79, 1.28]",3.9466666666666663
2024-08-08,252,"[5.34, 5.01, 4.48, 3.86, 3.83, 3.99]","[0.04, 0.05, 0.07, 0.43, 0.81, 1.31]",3.966666666666667
2024-08-09,252,"[5.33, 5.02, 4.5, 3.86, 3.8, 3.94]","[0.04, 0.05, 0.07, 0.46, 0.84, 1.34]",3.9416666666666655
2024-08-12,252,"[5.33, 5.02, 4.47, 3.82, 3.75, 3.9]","[0.04, 0.05, 0.07, 0.47, 0.88, 1.37]",3.901666666666667
2024-08-13,252,"[5.32, 4.97, 4.4, 3.75, 3.68, 3.85]","[0.04, 0.05, 0.07, 0.45, 0.83, 1.31]",3.87
2024-08-14,252,"[5.32, 5.0, 4.42, 3.76, 3.67, 3.83]","[0.03, 0.04, 0.07, 0.46, 0.84, 1.33]",3.871666666666666
2024-08-15,252,"[5.34, 5.04, 4.52, 3.9, 3.79, 3.92]","[0.03, 0.05, 0.08, 0.48, 0.86, 1.32]",3.948333333333333
2024-08-16,252,"[5.33, 5.02, 4.49, 3.87, 3.77, 3.89]","[0.03, 0.04, 0.08, 0.53, 0.94, 1.41]",3.89
2024-08-19,252,"[5.31, 5.0, 4.48, 3.86, 3.75, 3.86]","[0.03, 0.05, 0.08, 0.55, 0.97, 1.47]",3.851666666666667
2024-08-20,252,"[5.29, 4.97, 4.43, 3.8, 3.7, 3.82]","[0.04, 0.05, 0.09, 0.56, 0.98, 1.48]",3.8016666666666654
2024-08-21,252,"[5.26, 4.92, 4.36, 3.74, 3.64, 3.79]","[0.04, 0.06, 0.09, 0.55, 1.02, 1.54]",3.7350000000000008
2024-08-22,252,"[5.28, 4.96, 4.43, 3.82, 3.72, 3.86]","[0.04, 0.05, 0.09, 0.55, 1.01, 1.55]",3.7966666666666655
2024-08-23,252,"[5.25, 4.92, 4.36, 3.73, 3.65, 3.81]","[0.04, 0.05, 0.09, 0.53, 0.98, 1.52]",3.7516666666666665
2024-08-26,252,"[5.24, 4.91, 4.38, 3.74, 3.66, 3.82]","[0.04, 0.05, 0.09, 0.49, 0.93, 1.48]",3.7783333333333338
2024-08-27,252,"[5.23, 4.89, 4.34, 3.72, 3.66, 3.83]","[0.04, 0.06, 0.09, 0.52, 0.95, 1.49]",3.753333333333333
2024-08-28,252,"[5.21, 4.87, 4.36, 3.72, 3.63, 3.84]","[0.04, 0.06, 0.09, 0.54, 0.98, 1.54]",3.73
2024-08-29,252,"[5.22, 4.89, 4.38, 3.76, 3.66, 3.87]","[0.04, 0.06, 0.1, 0.55, 0.99, 1.53]",3.751666666666667
2024-08-30,252,"[5.21, 4.89, 4.38, 3.79, 3.71, 3.91]","[0.05, 0.06, 0.1, 0.57, 1.02, 1.58]",3.7516666666666665
2024-09-02,252,"[5.21, 4.89, 4.38, 3.79, 3.71, 3.91]","[0.05, 0.07, 0.09, 0.59, 1.05, 1.61]",3.738333333333333
2024-09-03,252,"[5.19, 4.8, 4.35, 3.73, 3.65, 3.84]","[0.05, 0.07, 0.09, 0.59, 1.05, 1.61]",3.683333333333333
2024-09-04,252,"[5.18, 4.74, 4.23, 3.63, 3.56, 3.77]","[0.06, 0.06, 0.1, 0.64, 1.08, 1.59]",3.596666666666667
2024-09-05,252,"[5.15, 4.73, 4.21, 3.61, 3.54, 3.73]","[0.05, 0.06, 0.11, 0.66, 1.09, 1.56]",3.573333333333333
2024-09-06,252,"[5.13, 4.69, 4.1, 3.54, 3.5, 3.72]","[0.05, 0.06, 0.1, 0.62, 1.05, 1.52]",3.546666666666667
2024-09-09,252,"[5.11, 4.68, 4.12, 3.54, 3.49, 3.7]","[0.05, 0.06, 0.12, 0.7, 1.13, 1.59]",3.498333333333333
2024-09-10,252,"[5.06, 4.65, 4.07, 3.42, 3.43, 3.65]","[0.06, 0.06, 0.11, 0.72, 1.16, 1.59]",3.43
2024-09-11,252,"[5.1, 4.72, 4.12, 3.45, 3.45, 3.65]","[0.05, 0.06, 0.11, 0.71, 1.17, 1.65]",3.456666666666667
2024-09-12,252,"[5.06, 4.68, 4.09, 3.47, 3.47, 3.68]","[0.05, 0.06, 0.1, 0.7, 1.16, 1.65]",3.4550000000000005
2024-09-13,252,"[4.97, 4.6, 4.0, 3.42, 3.43, 3.66]","[0.06, 0.06, 0.12, 0.78, 1.23, 1.68]",3.358333333333333
2024-09-16,252,"[4.96, 4.55, 3.96, 3.42, 3.41, 3.63]","[0.06, 0.07, 0.13, 0.79, 1.22, 1.66]",3.333333333333333
2024-09-17,252,"[4.95, 4.55, 3.99, 3.45, 3.44, 3.65]","[0.06, 0.06, 0.14, 0.76, 1.19, 1.64]",3.3633333333333333
2024-09-18,252,"[4.84, 4.5, 3.95, 3.49, 3.47, 3.7]","[0.06, 0.06, 0.14, 0.77, 1.2, 1.63]",3.348333333333334
2024-09-19,252,"[4.8, 4.46, 3.93, 3.47, 3.49, 3.73]","[0.06, 0.07, 0.12, 0.77, 1.16, 1.54]",3.36
2024-09-20,252,"[4.75, 4.43, 3.92, 3.46, 3.48, 3.73]","[0.06, 0.06, 0.15, 0.77, 1.18, 1.57]",3.33
2024-09-23,252,"[4.72, 4.4, 3.91, 3.47, 3.51, 3.75]","[0.05, 0.07, 0.15, 0.75, 1.18, 1.55]",3.3350000000000004
2024-09-24,252,"[4.69, 4.36, 3.88, 3.44, 3.47, 3.74]","[0.05, 0.06, 0.15, 0.79, 1.2, 1.58]",3.2916666666666674
2024-09-25,252,"[4.69, 4.36, 3.89, 3.49, 3.52, 3.79]","[0.05, 0.07, 0.15, 0.73, 1.15, 1.56]",3.3383333333333334
2024-09-26,252,"[4.68, 4.38, 3.96, 3.54, 3.55, 3.79]","[0.05, 0.07, 0.17, 0.77, 1.19, 1.6]",3.341666666666667
2024-09-27,252,"[4.68, 4.35, 3.9, 3.49, 3.5, 3.75]","[0.04, 0.07, 0.14, 0.69, 1.1, 1.53]",3.35
2024-09-30,252,"[4.73, 4.38, 3.98, 3.58, 3.58, 3.81]","[0.05, 0.07, 0.14, 0.66, 1.04, 1.45]",3.4416666666666664
2024-10-01,252,"[4.71, 4.36, 3.96, 3.52, 3.51, 3.74]","[0.06, 0.07, 0.16, 0.75, 1.13, 1.51]",3.353333333333333
2024-10-02,252,"[4.69, 4.36, 3.97, 3.54, 3.55, 3.79]","[0.04, 0.06, 0.14, 0.71, 1.08, 1.46]",3.4016666666666677
2024-10-03,252,"[4.68, 4.37, 4.02, 3.62, 3.62, 3.85]","[0.05, 0.07, 0.17, 0.83, 1.23, 1.56]",3.375
2024-10-04,252,"[4.73, 4.45, 4.2, 3.84, 3.81, 3.98]","[0.05, 0.07, 0.17, 0.83, 1.23, 1.56]",3.516666666666667
2024-10-07,252,"[4.77, 4.45, 4.24, 3.89, 3.86, 4.03]","[0.05, 0.07, 0.17, 0.85, 1.24, 1.58]",3.546666666666667
2024-10-08,252,"[4.75, 4.44, 4.21, 3.86, 3.86, 4.04]","[0.05, 0.06, 0.18, 0.87, 1.26, 1.63]",3.518333333333334
2024-10-09,252,"[4.75, 4.46, 4.24, 3.89, 3.91, 4.06]","[0.05, 0.07, 0.17, 0.87, 1.27, 1.63]",3.5416666666666665
2024-10-10,252,"[4.75, 4.45, 4.22, 3.88, 3.91, 4.09]","[0.05, 0.06, 0.18, 0.85, 1.24, 1.6]",3.553333333333333
2024-10-11,252,"[4.73, 4.44, 4.18, 3.85, 3.88, 4.08]","[0.05, 0.06, 0.18, 0.84, 1.22, 1.59]",3.5366666666666675
2024-10-14,252,"[4.73, 4.44, 4.18, 3.85, 3.88, 4.08]","[0.05, 0.06, 0.18, 0.86, 1.22, 1.54]",3.5416666666666674
2024-10-15,252,"[4.73, 4.42, 4.18, 3.86, 3.86, 4.03]","[0.05, 0.07, 0.2, 0.95, 1.33, 1.63]",3.475
2024-10-16,252,"[4.72, 4.42, 4.17, 3.84, 3.84, 4.02]","[0.06, 0.07, 0.21, 0.95, 1.33, 1.67]",3.453333333333333
2024-10-17,252,"[4.74, 4.45, 4.21, 3.89, 3.9, 4.09]","[0.06, 0.1, 0.24, 0.97, 1.34, 1.64]",3.4883333333333333
2024-10-18,252,"[4.73, 4.45, 4.19, 3.86, 3.88, 4.08]","[0.06, 0.1, 0.24, 0.97, 1.34, 1.64]",3.473333333333334
2024-10-21,252,"[4.73, 4.47, 4.24, 3.95, 3.98, 4.19]","[0.06, 0.1, 0.2, 0.81, 1.16, 1.48]",3.625
2024-10-22,252,"[4.72, 4.47, 4.24, 3.98, 4.0, 4.2]","[0.06, 0.1, 0.21, 0.83, 1.18, 1.52]",3.6183333333333336
2024-10-23,252,"[4.73, 4.48, 4.27, 4.03, 4.05, 4.24]","[0.05, 0.1, 0.24, 0.81, 1.14, 1.43]",3.671666666666667
2024-10-24,252,"[4.7, 4.48, 4.25, 4.02, 4.03, 4.21]","[0.06, 0.1, 0.25, 0.85, 1.15, 1.43]",3.641666666666667
2024-10-25,252,"[4.73, 4.51, 4.29, 4.05, 4.07, 4.25]","[0.05, 0.09, 0.27, 0.9, 1.21, 1.44]",3.6566666666666654
2024-10-28,252,"[4.7, 4.46, 4.28, 4.09, 4.11, 4.28]","[0.06, 0.09, 0.26, 0.86, 1.13, 1.35]",3.695
2024-10-29,252,"[4.7, 4.45, 4.29, 4.08, 4.11, 4.28]","[0.05, 0.12, 0.28, 0.91, 1.21, 1.43]",3.6516666666666673
2024-10-30,252,"[4.67, 4.44, 4.28, 4.14, 4.14, 4.29]","[0.06, 0.15, 0.31, 0.99, 1.26, 1.48]",3.6183333333333327
2024-10-31,252,"[4.64, 4.43, 4.27, 4.12, 4.15, 4.28]","[0.07, 0.13, 0.29, 0.99, 1.27, 1.52]",3.603333333333333
2024-11-01,252,"[4.61, 4.42, 4.28, 4.18, 4.22, 4.37]","[0.06, 0.12, 0.28, 0.99, 1.26, 1.49]",3.6466666666666665
2024-11-04,252,"[4.65, 4.39, 4.25, 4.1, 4.17, 4.31]","[0.06, 0.13, 0.27, 0.98, 1.25, 1.48]",3.6166666666666663
2024-11-05,252,"[4.64, 4.39, 4.27, 4.11, 4.16, 4.26]","[0.05, 0.11, 0.27, 0.95, 1.21, 1.42]",3.6366666666666663
2024-11-06,252,"[4.64, 4.41, 4.31, 4.2, 4.27, 4.42]","[0.05, 0.13, 0.26, 0.98, 1.23, 1.44]",3.693333333333333
2024-11-07,252,"[4.63, 4.4, 4.28, 4.13, 4.17, 4.31]","[0.05, 0.13, 0.29, 1.0, 1.26, 1.47]",3.620000000000001
2024-11-08,252,"[4.63, 4.42, 4.32, 4.18, 4.2, 4.3]","[0.05, 0.13, 0.26, 0.92, 1.19, 1.44]",3.676666666666667
2024-11-11,252,"[4.63, 4.42, 4.32, 4.18, 4.2, 4.3]","[0.05, 0.13, 0.27, 0.93, 1.18, 1.41]",3.68
2024-11-12,252,"[4.63, 4.45, 4.38, 4.29, 4.32, 4.43]","[0.07, 0.16, 0.27, 0.91, 1.17, 1.43]",3.7483333333333335
2024-11-13,252,"[4.6, 4.4, 4.31, 4.25, 4.3, 4.44]","[0.07, 0.16, 0.29, 0.96, 1.24, 1.48]",3.683333333333333
2024-11-14,252,"[4.61, 4.43, 4.36, 4.3, 4.32, 4.43]","[0.08, 0.16, 0.28, 0.96, 1.23, 1.46]",3.713333333333333
2024-11-15,252,"[4.6, 4.44, 4.34, 4.27, 4.3, 4.43]","[0.07, 0.18, 0.31, 0.97, 1.25, 1.5]",3.6833333333333336
2024-11-18,252,"[4.63, 4.44, 4.33, 4.25, 4.28, 4.42]","[0.07, 0.18, 0.31, 0.97, 1.25, 1.5]",3.678333333333333
2024-11-19,252,"[4.62, 4.44, 4.34, 4.24, 4.25, 4.39]","[0.06, 0.21, 0.33, 0.98, 1.26, 1.48]",3.6600000000000006
2024-11-20,252,"[4.62, 4.44, 4.37, 4.26, 4.28, 4.41]","[0.06, 0.2, 0.39, 0.99, 1.27, 1.49]",3.663333333333334
2024-11-21,252,"[4.63, 4.45, 4.39, 4.3, 4.3, 4.43]","[0.05, 0.19, 0.38, 0.99, 1.29, 1.55]",3.675
2024-11-22,252,"[4.63, 4.46, 4.42, 4.32, 4.3, 4.41]","[0.05, 0.19, 0.38, 0.98, 1.27, 1.52]",3.691666666666667
2024-11-25,252,"[4.62, 4.46, 4.37, 4.21, 4.17, 4.27]","[0.06, 0.19, 0.39, 0.97, 1.26, 1.52]",3.6183333333333336
2024-11-26,252,"[4.61, 4.45, 4.37, 4.21, 4.17, 4.3]","[0.08, 0.22, 0.4, 1.04, 1.37, 1.63]",3.5616666666666674
2024-11-27,252,"[4.6, 4.43, 4.34, 4.17, 4.11, 4.25]","[0.08, 0.22, 0.38, 1.02, 1.37, 1.66]",3.5283333333333338
2024-11-28,252,"[4.6, 4.43, 4.34, 4.17, 4.11, 4.25]","[0.09, 0.22, 0.41, 1.1, 1.43, 1.71]",3.49
2024-11-29,252,"[4.58, 4.42, 4.3, 4.1, 4.05, 4.18]","[0.1, 0.23, 0.45, 1.15, 1.47, 1.73]",3.416666666666666
2024-12-02,252,"[4.51, 4.43, 4.3, 4.11, 4.08, 4.19]","[0.1, 0.24, 0.43, 1.17, 1.5, 1.76]",3.4033333333333338
2024-12-03,252,"[4.49, 4.4, 4.27, 4.13, 4.11, 4.23]","[0.13, 0.28, 0.46, 1.21, 1.53, 1.78]",3.373333333333333
2024-12-04,252,"[4.47, 4.38, 4.23, 4.09, 4.07, 4.19]","[0.11, 0.28, 0.46, 1.22, 1.51, 1.75]",3.350000000000001
2024-12-05,252,"[4.46, 4.38, 4.23, 4.1, 4.07, 4.17]","[0.12, 0.27, 0.48, 1.21, 1.5, 1.74]",3.348333333333333
2024-12-06,252,"[4.42, 4.34, 4.19, 4.05, 4.03, 4.15]","[0.12, 0.28, 0.47, 1.18, 1.47, 1.7]",3.326666666666666
2024-12-09,252,"[4.42, 4.34, 4.2, 4.09, 4.07, 4.2]","[0.13, 0.3, 0.51, 1.26, 1.55, 1.78]",3.2983333333333333
2024-12-10,252,"[4.41, 4.35, 4.22, 4.08, 4.09, 4.22]","[0.13, 0.3, 0.51, 1.26, 1.55, 1.78]",3.306666666666666
2024-12-11,252,"[4.38, 4.32, 4.21, 4.09, 4.13, 4.26]","[0.16, 0.37, 0.58, 1.35, 1.65, 1.87]",3.235
2024-12-12,252,"[4.35, 4.31, 4.22, 4.14, 4.18, 4.32]","[0.17, 0.36, 0.57, 1.33, 1.62, 1.83]",3.273333333333333
2024-12-13,252,"[4.34, 4.32, 4.24, 4.21, 4.25, 4.4]","[0.17, 0.36, 0.6, 1.34, 1.62, 1.83]",3.306666666666666
2024-12-16,252,"[4.37, 4.3, 4.24, 4.22, 4.25, 4.39]","[0.17, 0.35, 0.58, 1.28, 1.54, 1.75]",3.35
2024-12-17,252,"[4.38, 4.3, 4.25, 4.22, 4.26, 4.4]","[0.19, 0.39, 0.58, 1.25, 1.53, 1.75]",3.353333333333333
2024-12-18,252,"[4.36, 4.3, 4.3, 4.35, 4.4, 4.5]","[0.19, 0.39, 0.65, 1.28, 1.56, 1.78]",3.393333333333333
2024-12-19,252,"[4.35, 4.29, 4.28, 4.35, 4.43, 4.57]","[0.19, 0.4, 0.7, 1.39, 1.66, 1.85]",3.3466666666666662
2024-12-20,252,"[4.34, 4.29, 4.27, 4.32, 4.37, 4.52]","[0.2, 0.43, 0.75, 1.43, 1.66, 1.81]",3.305
2024-12-23,252,"[4.36, 4.3, 4.26, 4.36, 4.44, 4.59]","[0.19, 0.43, 0.75, 1.38, 1.61, 1.78]",3.3616666666666664
2024-12-24,252,"[4.4, 4.3, 4.24, 4.36, 4.43, 4.59]","[0.22, 0.49, 0.78, 1.39, 1.62, 1.79]",3.3383333333333334
2024-12-25,252,"[4.4, 4.3, 4.24, 4.36, 4.43, 4.59]","[0.19, 0.48, 0.78, 1.39, 1.63, 1.81]",3.34
2024-12-26,252,"[4.35, 4.31, 4.23, 4.35, 4.42, 4.58]","[0.19, 0.45, 0.76, 1.38, 1.6, 1.78]",3.346666666666667
2024-12-27,252,"[4.31, 4.29, 4.2, 4.36, 4.45, 4.62]","[0.2, 0.48, 0.78, 1.42, 1.66, 1.82]",3.311666666666667
2024-12-30,252,"[4.37, 4.25, 4.17, 4.29, 4.37, 4.55]","[0.23, 0.56, 0.89, 1.55, 1.78, 1.93]",3.1766666666666663
2024-12-31,252,"[4.37, 4.24, 4.16, 4.27, 4.38, 4.58]","[0.27, 0.58, 0.88, 1.54, 1.76, 1.92]",3.1750000000000003
2025-01-01,252,"[4.37, 4.24, 4.16, 4.27, 4.38, 4.58]","[0.25, 0.59, 0.91, 1.59, 1.81, 1.96]",3.148333333333333
2025-01-02,252,"[4.36, 4.25, 4.17, 4.29, 4.38, 4.57]","[0.26, 0.57, 0.91, 1.61, 1.82, 1.94]",3.151666666666667
2025-01-03,252,"[4.34, 4.25, 4.18, 4.32, 4.41, 4.6]","[0.4, 0.74, 1.14, 1.82, 1.96, 2.03]",3.0016666666666665
2025-01-06,252,"[4.35, 4.24, 4.17, 4.3, 4.42, 4.62]","[0.36, 0.71, 1.07, 1.71, 1.84, 1.92]",3.0816666666666666
2025-01-07,252,"[4.35, 4.24, 4.19, 4.33, 4.46, 4.67]","[0.43, 0.76, 1.13, 1.8, 1.9, 1.98]",3.0400000000000005
2025-01-08,252,"[4.35, 4.25, 4.19, 4.31, 4.45, 4.67]","[0.4, 0.72, 1.11, 1.8, 1.94, 2.05]",3.033333333333333
2025-01-09,252,"[4.35, 4.24, 4.16, 4.31, 4.46, 4.68]","[0.38, 0.67, 1.09, 1.75, 1.9, 2.03]",3.063333333333333
2025-01-10,252,"[4.36, 4.27, 4.25, 4.46, 4.59, 4.77]","[0.36, 0.65, 1.05, 1.7, 1.85, 1.97]",3.186666666666667
2025-01-13,252,"[4.37, 4.3, 4.24, 4.49, 4.61, 4.79]","[0.35, 0.65, 1.03, 1.68, 1.82, 1.92]",3.225
2025-01-14,252,"[4.36, 4.29, 4.22, 4.46, 4.59, 4.78]","[0.35, 0.65, 1.03, 1.68, 1.82, 1.92]",3.208333333333333
2025-01-15,252,"[4.35, 4.26, 4.19, 4.34, 4.45, 4.66]","[0.37, 0.73, 1.17, 1.74, 1.85, 1.94]",3.075
2025-01-16,252,"[4.34, 4.26, 4.18, 4.29, 4.39, 4.61]","[0.34, 0.74, 1.16, 1.78, 1.89, 1.99]",3.028333333333333
2025-01-17,252,"[4.34, 4.28, 4.21, 4.33, 4.42, 4.61]","[0.32, 0.65, 1.08, 1.73, 1.84, 1.96]",3.1016666666666666
2025-01-20,252,"[4.34, 4.28, 4.21, 4.33, 4.42, 4.61]","[0.33, 0.71, 1.13, 1.76, 1.86, 1.97]",3.0716666666666668
2025-01-21,252,"[4.36, 4.28, 4.21, 4.33, 4.4, 4.57]","[0.35, 0.69, 1.01, 1.62, 1.71, 1.83]",3.156666666666668
2025-01-22,252,"[4.36, 4.28, 4.2, 4.34, 4.43, 4.6]","[0.32, 0.6, 0.91, 1.47, 1.56, 1.72]",3.271666666666667
2025-01-23,252,"[4.36, 4.27, 4.18, 4.35, 4.45, 4.65]","[0.34, 0.68, 1.06, 1.67, 1.74, 1.86]",3.151666666666666
2025-01-24,252,"[4.35, 4.25, 4.17, 4.33, 4.43, 4.63]","[0.38, 0.69, 1.08, 1.69, 1.74, 1.86]",3.12
2025-01-27,252,"[4.32, 4.25, 4.13, 4.24, 4.32, 4.53]","[0.34, 0.69, 1.05, 1.62, 1.65, 1.74]",3.116666666666667
2025-01-28,252,"[4.31, 4.26, 4.14, 4.25, 4.33, 4.55]","[0.38, 0.75, 1.07, 1.68, 1.71, 1.78]",3.078333333333333
2025-01-29,252,"[4.31, 4.27, 4.17, 4.27, 4.35, 4.55]","[0.36, 0.72, 1.12, 1.78, 1.8, 1.86]",3.046666666666667
2025-01-30,252,"[4.3, 4.27, 4.16, 4.24, 4.31, 4.52]","[0.38, 0.75, 1.15, 1.83, 1.87, 1.94]",2.98
2025-01-31,252,"[4.31, 4.28, 4.17, 4.27, 4.36, 4.58]","[0.39, 0.75, 1.19, 1.88, 1.92, 1.98]",2.976666666666667
2025-02-03,252,"[4.34, 4.28, 4.2, 4.28, 4.35, 4.54]","[0.4, 0.78, 1.22, 1.91, 1.96, 2.0]",2.953333333333333
2025-02-04,252,"[4.33, 4.27, 4.18, 4.25, 4.31, 4.52]","[0.45, 0.86, 1.28, 2.04, 2.1, 2.14]",2.8316666666666666
2025-02-05,252,"[4.33, 4.27, 4.17, 4.19, 4.24, 4.43]","[0.46, 0.86, 1.28, 2.04, 2.1, 2.15]",2.79
2025-02-06,252,"[4.34, 4.28, 4.19, 4.23, 4.28, 4.45]","[0.44, 0.86, 1.35, 2.14, 2.18, 2.19]",2.768333333333333
2025-02-07,252,"[4.35, 4.3, 4.25, 4.31, 4.34, 4.49]","[0.4, 0.81, 1.3, 2.14, 2.17, 2.2]",2.8366666666666664
2025-02-10,252,"[4.35, 4.31, 4.24, 4.3, 4.34, 4.51]","[0.42, 0.83, 1.29, 2.15, 2.14, 2.14]",2.8466666666666662
2025-02-11,252,"[4.35, 4.31, 4.25, 4.28, 4.37, 4.54]","[0.54, 0.95, 1.4, 2.34, 2.33, 2.32]",2.703333333333333
2025-02-12,252,"[4.35, 4.33, 4.3, 4.37, 4.48, 4.62]","[0.51, 0.96, 1.59, 2.38, 2.39, 2.38]",2.706666666666667
2025-02-13,252,"[4.34, 4.33, 4.27, 4.31, 4.39, 4.52]","[0.5, 0.93, 1.52, 2.32, 2.34, 2.32]",2.705
2025-02-14,252,"[4.34, 4.32, 4.23, 4.26, 4.33, 4.47]","[0.52, 0.96, 1.55, 2.35, 2.37, 2.34]",2.643333333333333
2025-02-17,252,"[4.34, 4.32, 4.23, 4.26, 4.33, 4.47]","[0.55, 1.01, 1.67, 2.51, 2.55, 2.48]",2.53
2025-02-18,252,"[4.34, 4.34, 4.24, 4.33, 4.4, 4.55]","[0.59, 1.08, 1.69, 2.55, 2.54, 2.46]",2.5483333333333333
2025-02-19,252,"[4.34, 4.34, 4.22, 4.3, 4.37, 4.53]","[0.55, 1.06, 1.67, 2.54, 2.49, 2.41]",2.563333333333334
2025-02-20,252,"[4.33, 4.33, 4.2, 4.27, 4.34, 4.5]","[0.55, 1.04, 1.64, 2.49, 2.44, 2.35]",2.5766666666666667
2025-02-21,252,"[4.32, 4.3, 4.15, 4.19, 4.26, 4.42]","[0.52, 1.06, 1.63, 2.45, 2.42, 2.32]",2.54
2025-02-24,252,"[4.31, 4.3, 4.15, 4.17, 4.23, 4.4]","[0.53, 1.09, 1.72, 2.61, 2.55, 2.39]",2.445
2025-02-25,252,"[4.3, 4.28, 4.12, 4.08, 4.12, 4.3]","[0.66, 1.14, 1.72, 2.61, 2.56, 2.42]",2.348333333333333
2025-02-26,252,"[4.31, 4.28, 4.12, 4.04, 4.06, 4.25]","[0.65, 1.13, 1.77, 2.69, 2.69, 2.54]",2.265
2025-02-27,252,"[4.32, 4.28, 4.13, 4.05, 4.09, 4.29]","[0.67, 1.15, 1.79, 2.67, 2.7, 2.61]",2.2616666666666667
2025-02-28,252,"[4.32, 4.25, 4.08, 3.99, 4.03, 4.24]","[0.68, 1.15, 1.78, 2.66, 2.7, 2.66]",2.2133333333333334
2025-03-03,252,"[4.35, 4.31, 4.06, 3.93, 3.97, 4.16]","[0.7, 1.19, 1.81, 2.73, 2.76, 2.72]",2.145
2025-03-04,252,"[4.34, 4.28, 4.04, 3.94, 4.01, 4.22]","[0.77, 1.23, 1.85, 2.73, 2.79, 2.79]",2.1116666666666664
2025-03-05,252,"[4.35, 4.3, 4.06, 4.01, 4.08, 4.28]","[0.74, 1.2, 1.77, 2.58, 2.66, 2.72]",2.235
