eval_date,horizon,forecast_yields,true_yields
2022-04-13,63,"[5.46, 3.876, 3.567, 2.576, 2.4123, 2.302]","[0.75, 1.2, 1.78, 2.57, 2.66, 2.7]"
2022-04-14,63,"[5.82, 3.976, 3.666, 2.636, 2.434, 2.314]","[0.79, 1.25, 1.84, 2.67, 2.79, 2.83]"
2022-04-15,63,"[5.48, 3.89, 3.62, 2.68, 2.517, 2.3993]","[0.79, 1.25, 1.84, 2.67, 2.79, 2.83]"
2022-04-18,63,"[4.955, 3.735, 3.52, 2.641, 2.4755000000000003, 2.3505000000000003]","[0.81, 1.27, 1.84, 2.68, 2.79, 2.85]"
2022-04-19,63,"[5.287, 3.762, 3.569, 2.652, 2.4706, 2.348]","[0.81, 1.28, 1.94, 2.81, 2.91, 2.93]"
2022-04-20,63,"[5.67, 3.834, 3.668, 2.658, 2.419, 2.2837]","[0.82, 1.29, 1.93, 2.79, 2.87, 2.85]"
2022-04-21,63,"[4.885000000000001, 3.654, 3.56, 2.616, 2.4133, 2.287]","[0.83, 1.32, 2.01, 2.87, 2.96, 2.9]"
2022-04-22,63,"[5.11, 3.68, 3.662, 2.649, 2.4433, 2.318]","[0.83, 1.34, 2.06, 2.88, 2.94, 2.9]"
2022-04-25,63,"[5.65, 3.754, 3.76, 2.765, 2.542, 2.387]","[0.91, 1.42, 2.03, 2.79, 2.84, 2.81]"
2022-04-26,63,"[5.140000000000001, 3.645, 3.701, 2.762, 2.5296, 2.3447]","[0.83, 1.4, 1.99, 2.72, 2.79, 2.77]"
2022-04-27,63,"[5.295000000000001, 3.742, 3.836, 2.776, 2.503, 2.3215]","[0.82, 1.39, 1.97, 2.75, 2.81, 2.82]"
2022-04-28,63,"[4.693, 3.607, 3.737, 2.734, 2.494, 2.323]","[0.82, 1.38, 2.04, 2.8, 2.86, 2.85]"
2022-04-29,63,"[4.522, 3.585, 3.823, 2.762, 2.4943, 2.3217]","[0.85, 1.41, 2.1, 2.87, 2.92, 2.89]"
2022-05-02,63,"[4.3580000000000005, 3.5570000000000004, 3.922, 2.797, 2.4667000000000003, 2.278]","[0.9, 1.49, 2.1, 2.93, 3.01, 2.99]"
2022-05-03,63,"[3.821, 3.357, 3.753, 2.762, 2.4974, 2.3088]","[0.91, 1.45, 2.16, 2.95, 3.01, 2.97]"
2022-05-04,63,"[3.34, 3.17, 3.622, 2.794, 2.568, 2.395]","[0.89, 1.44, 2.07, 2.85, 2.93, 2.93]"
2022-05-05,63,"[2.905, 2.9370000000000003, 3.423, 2.7270000000000003, 2.5115, 2.3565]","[0.85, 1.37, 2.08, 2.91, 3.01, 3.05]"
2022-05-06,63,"[2.752, 2.842, 3.3800000000000003, 2.726, 2.514, 2.3565]","[0.85, 1.41, 2.08, 2.94, 3.06, 3.12]"
2022-05-09,63,"[2.4610000000000003, 2.646, 3.248, 2.709, 2.498, 2.3187]","[0.92, 1.43, 1.99, 2.81, 2.95, 3.05]"
2022-05-10,63,"[2.323, 2.635, 3.294, 2.841, 2.592, 2.3828]","[0.89, 1.44, 2.01, 2.81, 2.91, 2.99]"
2022-05-11,63,"[2.216, 2.591, 3.258, 2.745, 2.4596, 2.2506]","[0.91, 1.43, 1.99, 2.81, 2.89, 2.91]"
2022-05-12,63,"[2.1, 2.508, 3.17, 2.77, 2.4864, 2.2979]","[0.96, 1.44, 1.96, 2.73, 2.81, 2.84]"
2022-05-13,63,"[2.075, 2.519, 3.2250000000000005, 2.803, 2.531, 2.3608]","[1.03, 1.47, 2.04, 2.79, 2.89, 2.93]"
2022-05-16,63,"[2.135, 2.59, 3.356, 2.81, 2.511, 2.3474]","[1.07, 1.54, 2.07, 2.75, 2.83, 2.88]"
2022-05-17,63,"[2.151, 2.648, 3.443, 2.819, 2.49, 2.3025]","[1.06, 1.57, 2.16, 2.89, 2.96, 2.98]"
2022-05-18,63,"[2.143, 2.705, 3.532, 2.855, 2.49, 2.2689]","[1.03, 1.56, 2.16, 2.84, 2.89, 2.89]"
2022-05-19,63,"[2.109, 2.738, 3.616, 2.902, 2.518, 2.285]","[1.05, 1.52, 2.11, 2.78, 2.84, 2.84]"
2022-05-20,63,"[1.783, 2.5380000000000003, 3.453, 2.858, 2.521, 2.308]","[1.03, 1.51, 2.07, 2.73, 2.8, 2.78]"
2022-05-23,63,"[1.6780000000000002, 2.522, 3.455, 2.922, 2.5726, 2.3557]","[1.07, 1.57, 2.09, 2.8, 2.88, 2.86]"
2022-05-24,63,"[1.637, 2.399, 3.42, 2.907, 2.5397, 2.3277]","[1.06, 1.53, 2.02, 2.66, 2.76, 2.76]"
2022-05-25,63,"[1.471, 2.257, 3.243, 2.854, 2.5340000000000003, 2.3362]","[1.06, 1.52, 2.01, 2.63, 2.71, 2.75]"
2022-05-26,63,"[1.2885, 2.059, 2.9475, 2.681, 2.382, 2.1938]","[1.07, 1.52, 1.99, 2.63, 2.7, 2.75]"
2022-05-27,63,"[1.144, 1.936, 2.875, 2.564, 2.2465, 2.075]","[1.08, 1.54, 2.01, 2.64, 2.71, 2.74]"
2022-05-30,63,"[1.132, 1.918, 2.931, 2.73, 2.418, 2.2186]","[1.08, 1.54, 2.01, 2.64, 2.71, 2.74]"
2022-05-31,63,"[1.107, 1.821, 2.841, 2.698, 2.3923, 2.207]","[1.16, 1.64, 2.08, 2.71, 2.81, 2.85]"
2022-06-01,63,"[1.087, 1.888, 2.9160000000000004, 2.668, 2.308, 2.0728]","[1.15, 1.63, 2.16, 2.84, 2.94, 2.94]"
2022-06-02,63,"[1.1905, 2.004, 2.986, 2.734, 2.3746, 2.1206]","[1.17, 1.64, 2.15, 2.83, 2.92, 2.92]"
2022-06-03,63,"[1.5339999999999998, 2.126, 3.2350000000000003, 2.895, 2.4855, 2.1986]","[1.21, 1.68, 2.18, 2.87, 2.95, 2.96]"
2022-06-06,63,"[1.82, 2.309, 3.388, 2.973, 2.5746, 2.2984]","[1.26, 1.74, 2.23, 2.94, 3.03, 3.04]"
2022-06-07,63,"[1.806, 2.287, 3.374, 2.993, 2.6197, 2.3474]","[1.26, 1.75, 2.26, 2.91, 2.99, 2.98]"
2022-06-08,63,"[1.889, 2.422, 3.474, 3.046, 2.6783, 2.3757]","[1.28, 1.77, 2.29, 2.94, 3.03, 3.03]"
2022-06-09,63,"[2.044, 2.522, 3.5460000000000003, 3.177, 2.8275, 2.529]","[1.3, 1.81, 2.35, 2.99, 3.07, 3.04]"
2022-06-10,63,"[1.899, 2.496, 3.518, 3.1870000000000003, 2.8363, 2.544]","[1.39, 1.98, 2.58, 3.21, 3.25, 3.15]"
2022-06-13,63,"[2.252, 2.677, 3.8, 3.3550000000000004, 2.9370000000000003, 2.5833]","[1.73, 2.25, 2.89, 3.56, 3.56, 3.43]"
2022-06-14,63,"[2.714, 2.943, 4.112, 3.497, 2.982, 2.616]","[1.83, 2.43, 3.15, 3.6, 3.61, 3.49]"
2022-06-15,63,"[2.47, 2.92, 4.056, 3.524, 2.9774000000000003, 2.584]","[1.74, 2.32, 2.93, 3.35, 3.38, 3.33]"
2022-06-16,63,"[2.346, 2.9130000000000003, 4.033, 3.676, 3.1694, 2.7773]","[1.59, 2.24, 2.88, 3.33, 3.35, 3.28]"
2022-06-17,63,"[2.614, 3.044, 4.352, 3.755, 3.2455000000000003, 2.837]","[1.63, 2.25, 2.86, 3.35, 3.34, 3.25]"
2022-06-20,63,"[2.992, 3.252, 4.547000000000001, 3.7995, 3.236, 2.7927]","[1.63, 2.25, 2.86, 3.35, 3.34, 3.25]"
2022-06-21,63,"[3.204, 3.364, 4.6, 3.832, 3.2830000000000004, 2.834]","[1.7, 2.46, 2.92, 3.35, 3.38, 3.31]"
2022-06-22,63,"[3.31, 3.436, 4.666, 3.968, 3.4646, 2.9844]","[1.61, 2.4, 2.79, 3.2, 3.22, 3.16]"
2022-06-23,63,"[3.408, 3.5, 4.609999999999999, 3.971, 3.4414, 2.9634]","[1.65, 2.44, 2.78, 3.12, 3.14, 3.09]"
2022-06-24,63,"[3.73, 3.728, 4.783, 4.033, 3.4124000000000003, 2.914]","[1.73, 2.51, 2.83, 3.13, 3.18, 3.13]"
2022-06-27,63,"[4.238, 3.997, 4.994, 4.075, 3.4014, 2.871]","[1.79, 2.56, 2.89, 3.21, 3.24, 3.2]"
2022-06-28,63,"[4.58, 4.251, 5.165, 4.117, 3.432, 2.88]","[1.79, 2.55, 2.88, 3.21, 3.25, 3.2]"
2022-06-29,63,"[4.51, 4.254, 5.146, 4.241, 3.563, 2.971]","[1.78, 2.55, 2.88, 3.13, 3.15, 3.1]"
2022-06-30,63,"[4.22, 4.214, 4.988, 4.212, 3.5780000000000003, 3.019]","[1.72, 2.51, 2.8, 2.99, 3.01, 2.98]"
2022-07-01,63,"[4.533, 4.356999999999999, 5.1080000000000005, 4.309, 3.721, 3.1455]","[1.73, 2.52, 2.79, 2.85, 2.88, 2.88]"
2022-07-04,63,"[4.621, 4.336, 5.015000000000001, 4.225, 3.7, 3.2067]","[1.73, 2.52, 2.79, 2.85, 2.88, 2.88]"
2022-07-05,63,"[4.17, 4.151999999999999, 4.823, 4.165, 3.6814, 3.2538]","[1.9, 2.59, 2.77, 2.82, 2.82, 2.82]"
2022-07-06,63,"[4.061, 4.135, 4.76, 4.184, 3.7214, 3.3080000000000003]","[1.9, 2.62, 2.82, 2.99, 2.96, 2.93]"
2022-07-07,63,"[4.08, 4.134, 4.7170000000000005, 4.134, 3.727, 3.3667]","[1.95, 2.64, 2.87, 3.05, 3.05, 3.01]"
2022-07-08,63,"[4.281, 4.284, 4.805, 4.067, 3.6395, 3.3133000000000004]","[1.98, 2.68, 2.96, 3.14, 3.13, 3.09]"
2022-07-11,63,"[4.418, 4.307, 4.829, 4.053, 3.644, 3.2977000000000003]","[2.18, 2.79, 2.97, 3.09, 3.05, 2.99]"
2022-07-12,63,"[4.382, 4.316, 4.838, 4.126, 3.7636, 3.4238]","[2.22, 2.78, 3.07, 3.07, 3.01, 2.96]"
2022-07-13,63,"[4.567, 4.475, 5.004, 4.211, 3.809, 3.444]","[2.39, 2.96, 3.21, 3.14, 3.02, 2.91]"
2022-07-14,63,"[4.357, 4.428, 4.98, 4.237, 3.828, 3.476]","[2.4, 2.93, 3.16, 3.16, 3.06, 2.96]"
2022-07-15,63,"[4.742, 4.577, 5.208, 4.415, 3.976, 3.568]","[2.37, 2.94, 3.12, 3.14, 3.05, 2.93]"
2022-07-18,63,"[4.558, 4.507, 5.143, 4.391, 3.941, 3.495]","[2.5, 3.02, 3.13, 3.15, 3.06, 2.96]"
2022-07-19,63,"[4.64, 4.545, 5.198, 4.446, 4.022, 3.543]","[2.52, 3.06, 3.18, 3.22, 3.14, 3.01]"
2022-07-20,63,"[5.19, 4.738, 5.369, 4.481, 4.005, 3.5377]","[2.51, 3.04, 3.18, 3.25, 3.18, 3.04]"
2022-07-21,63,"[5.04, 4.747999999999999, 5.279999999999999, 4.375, 3.902, 3.4506]","[2.48, 3.0, 3.11, 3.07, 3.0, 2.91]"
2022-07-22,63,"[5.197, 4.853, 5.375, 4.381, 3.893, 3.4326]","[2.49, 2.97, 3.01, 2.93, 2.87, 2.77]"
2022-07-25,63,"[5.515000000000001, 4.95, 5.476, 4.481, 3.953, 3.5065]","[2.62, 3.06, 3.07, 2.98, 2.89, 2.81]"
2022-07-26,63,"[6.023000000000001, 4.965999999999999, 5.563000000000001, 4.517, 3.993, 3.531]","[2.55, 3.01, 3.06, 3.01, 2.89, 2.81]"
2022-07-27,63,"[5.807, 4.885, 5.5, 4.516, 4.027, 3.5660000000000003]","[2.44, 2.93, 3.0, 2.93, 2.82, 2.78]"
2022-07-28,63,"[5.300000000000001, 4.844, 5.407, 4.561, 4.121, 3.6716]","[2.42, 2.9, 2.93, 2.81, 2.69, 2.68]"
2022-07-29,63,"[5.12, 4.766, 5.408, 4.538, 4.102, 3.6424]","[2.41, 2.91, 2.98, 2.83, 2.7, 2.67]"
2022-08-01,63,"[5.3, 4.84, 5.417999999999999, 4.478, 4.0345, 3.6033]","[2.56, 2.96, 2.98, 2.82, 2.66, 2.6]"
2022-08-02,63,"[5.909999999999999, 4.915, 5.523, 4.532, 4.092, 3.7043]","[2.56, 3.0, 3.09, 3.02, 2.85, 2.75]"
2022-08-03,63,"[6.23, 5.023, 5.605, 4.59, 4.145, 3.776]","[2.52, 3.0, 3.14, 3.04, 2.86, 2.73]"
2022-08-04,63,"[5.807, 4.932, 5.445, 4.47, 4.061, 3.7253]","[2.5, 2.98, 3.11, 2.95, 2.76, 2.68]"
2022-08-05,63,"[6.162999999999999, 4.993, 5.512, 4.468, 4.011, 3.655]","[2.58, 3.1, 3.29, 3.18, 2.97, 2.83]"
2022-08-08,63,"[5.746, 4.877, 5.422, 4.469, 4.008, 3.5907]","[2.65, 3.15, 3.3, 3.14, 2.91, 2.77]"
2022-08-09,63,"[5.378, 4.801, 5.34, 4.406, 3.952, 3.5334]","[2.67, 3.16, 3.33, 3.2, 2.97, 2.8]"
2022-08-10,63,"[5.405, 4.845, 5.41, 4.446, 4.022, 3.619]","[2.65, 3.13, 3.26, 3.13, 2.93, 2.78]"
2022-08-11,63,"[5.5, 4.929, 5.422, 4.39, 3.949, 3.5655]","[2.62, 3.08, 3.25, 3.16, 2.98, 2.87]"
2022-08-12,63,"[6.199999999999999, 5.144, 5.61, 4.526, 4.05, 3.6455]","[2.63, 3.13, 3.26, 3.18, 2.97, 2.84]"
2022-08-15,63,"[6.5920000000000005, 5.341, 5.719, 4.504, 3.978, 3.5546]","[2.72, 3.13, 3.23, 3.14, 2.91, 2.79]"
2022-08-16,63,"[6.12, 5.297000000000001, 5.659, 4.478, 3.96, 3.5163]","[2.7, 3.12, 3.26, 3.19, 2.95, 2.82]"
2022-08-17,63,"[6.128, 5.381, 5.696999999999999, 4.462, 3.933, 3.464]","[2.68, 3.15, 3.27, 3.27, 3.04, 2.89]"
2022-08-18,63,"[6.054, 5.379, 5.66, 4.5, 4.001, 3.5372]","[2.71, 3.12, 3.24, 3.23, 3.02, 2.88]"
2022-08-19,63,"[6.23, 5.432, 5.665, 4.381, 3.879, 3.4314]","[2.74, 3.16, 3.26, 3.28, 3.11, 2.98]"
2022-08-22,63,"[6.384, 5.550000000000001, 5.744, 4.379, 3.837, 3.4243]","[2.82, 3.23, 3.32, 3.36, 3.17, 3.03]"
2022-08-23,63,"[5.918, 5.45, 5.674, 4.388, 3.844, 3.427]","[2.8, 3.21, 3.29, 3.35, 3.18, 3.05]"
2022-08-24,63,"[5.744, 5.298, 5.558999999999999, 4.339, 3.829, 3.401]","[2.82, 3.28, 3.35, 3.4, 3.2, 3.11]"
2022-08-25,63,"[5.857, 5.38, 5.63, 4.362, 3.829, 3.3997]","[2.88, 3.25, 3.33, 3.37, 3.15, 3.03]"
2022-08-26,63,"[5.88, 5.376, 5.593999999999999, 4.378, 3.903, 3.4926]","[2.89, 3.26, 3.36, 3.4, 3.2, 3.04]"
2022-08-29,63,"[6.263, 5.46, 5.697, 4.486, 4.007, 3.57]","[2.97, 3.32, 3.43, 3.45, 3.27, 3.12]"
2022-08-30,63,"[6.12, 5.53, 5.726, 4.49, 3.99, 3.5484]","[2.97, 3.31, 3.48, 3.47, 3.27, 3.11]"
2022-08-31,63,"[6.194, 5.578, 5.735, 4.502, 4.003, 3.5796]","[2.96, 3.32, 3.5, 3.46, 3.3, 3.15]"
2022-09-01,63,"[6.322, 5.652, 5.767, 4.541, 4.058, 3.649]","[2.97, 3.34, 3.51, 3.54, 3.39, 3.26]"
2022-09-02,63,"[6.928, 5.805, 5.858, 4.5120000000000005, 4.008, 3.5855]","[2.94, 3.33, 3.47, 3.44, 3.3, 3.2]"
2022-09-05,63,"[6.9750000000000005, 5.764, 5.849, 4.531, 4.052, 3.6413]","[2.94, 3.33, 3.47, 3.44, 3.3, 3.2]"
2022-09-06,63,"[6.66, 5.662, 5.83, 4.567, 4.093, 3.655]","[3.04, 3.4, 3.61, 3.55, 3.43, 3.33]"
2022-09-07,63,"[6.476, 5.705, 5.98, 4.764, 4.267, 3.7657]","[3.07, 3.42, 3.6, 3.5, 3.37, 3.27]"
2022-09-08,63,"[6.5600000000000005, 5.861000000000001, 6.214, 5.088, 4.567, 4.0457]","[3.06, 3.44, 3.6, 3.54, 3.39, 3.29]"
2022-09-09,63,"[6.45, 5.932, 6.384, 5.087, 4.596, 4.0994]","[3.08, 3.52, 3.67, 3.61, 3.45, 3.33]"
2022-09-12,63,"[6.494, 5.91, 6.244, 4.879, 4.382, 3.9433]","[3.17, 3.56, 3.7, 3.6, 3.47, 3.37]"
2022-09-13,63,"[6.4, 5.836, 6.257, 4.909, 4.386, 3.9094]","[3.28, 3.75, 3.92, 3.75, 3.58, 3.42]"
2022-09-14,63,"[5.927, 5.638999999999999, 6.126, 4.931, 4.398, 3.895]","[3.24, 3.76, 3.95, 3.79, 3.6, 3.41]"
2022-09-15,63,"[5.94, 5.627, 6.176, 4.9830000000000005, 4.431, 3.912]","[3.22, 3.78, 4.0, 3.85, 3.66, 3.45]"
2022-09-16,63,"[5.934, 5.765000000000001, 6.168, 4.9510000000000005, 4.464, 3.974]","[3.2, 3.77, 3.96, 3.81, 3.62, 3.45]"
2022-09-19,63,"[6.0280000000000005, 5.744, 6.1080000000000005, 4.836, 4.317, 3.8255]","[3.37, 3.87, 4.05, 3.9, 3.69, 3.49]"
2022-09-20,63,"[5.731999999999999, 5.6690000000000005, 6.007, 4.738, 4.24, 3.761]","[3.35, 3.86, 4.03, 3.94, 3.75, 3.57]"
2022-09-21,63,"[5.699, 5.69, 5.98, 4.697, 4.255, 3.7906]","[3.31, 3.86, 4.08, 3.98, 3.74, 3.51]"
2022-09-22,63,"[5.698, 5.706, 5.96, 4.709, 4.274, 3.8396]","[3.29, 3.87, 4.08, 4.12, 3.91, 3.7]"
2022-09-23,63,"[5.97, 5.792, 6.029999999999999, 4.718999999999999, 4.2705, 3.8196]","[3.24, 3.85, 4.15, 4.21, 3.96, 3.69]"
2022-09-26,63,"[6.315, 5.923, 6.146, 4.664, 4.168, 3.7104]","[3.39, 3.95, 4.17, 4.37, 4.15, 3.88]"
2022-09-27,63,"[6.704, 6.041, 6.19, 4.561, 4.035, 3.5923]","[3.35, 3.91, 4.16, 4.39, 4.21, 3.97]"
2022-09-28,63,"[6.33, 6.05, 6.155, 4.438000000000001, 3.938, 3.517]","[3.4, 3.87, 3.99, 4.12, 3.92, 3.72]"
2022-09-29,63,"[6.44, 6.131, 6.2490000000000006, 4.493, 3.968, 3.5333]","[3.36, 3.87, 3.98, 4.19, 3.98, 3.76]"
2022-09-30,63,"[6.286999999999999, 6.115, 6.168, 4.462, 3.92, 3.482]","[3.33, 3.92, 4.05, 4.25, 4.06, 3.83]"
2022-10-03,63,"[6.67, 6.2330000000000005, 6.265, 4.628, 4.046, 3.5814000000000004]","[3.46, 3.97, 4.01, 4.12, 3.9, 3.67]"
2022-10-04,63,"[6.6450000000000005, 6.171, 6.231, 4.634, 4.111, 3.652]","[3.45, 3.98, 4.15, 4.08, 3.84, 3.62]"
2022-10-05,63,"[6.507, 6.130000000000001, 6.222, 4.657, 4.152, 3.7135]","[3.46, 4.0, 4.14, 4.17, 3.96, 3.76]"
2022-10-06,63,"[6.52, 6.226, 6.173, 4.544, 4.0275, 3.5886000000000005]","[3.46, 4.04, 4.19, 4.24, 4.05, 3.83]"
2022-10-07,63,"[6.423, 6.204, 6.215999999999999, 4.468999999999999, 3.9475, 3.535]","[3.45, 4.09, 4.24, 4.33, 4.14, 3.89]"
2022-10-10,63,"[6.52, 6.388, 6.327, 4.498, 3.9253, 3.4647]","[3.45, 4.09, 4.24, 4.33, 4.14, 3.89]"
2022-10-11,63,"[6.4, 6.368, 6.285, 4.523, 3.9584, 3.503]","[3.67, 4.17, 4.28, 4.31, 4.14, 3.93]"
2022-10-12,63,"[6.59, 6.55, 6.391, 4.574, 3.973, 3.4800000000000004]","[3.7, 4.16, 4.28, 4.29, 4.12, 3.91]"
2022-10-13,63,"[6.895, 6.68, 6.417, 4.585, 3.987, 3.5147]","[3.79, 4.3, 4.46, 4.44, 4.21, 3.97]"
2022-10-14,63,"[7.016, 6.736000000000001, 6.465, 4.646, 4.0624, 3.564]","[3.81, 4.31, 4.5, 4.47, 4.25, 4.0]"
2022-10-17,63,"[7.194, 6.8580000000000005, 6.5920000000000005, 4.739, 4.1287, 3.605]","[3.97, 4.38, 4.5, 4.45, 4.24, 4.02]"
2022-10-18,63,"[7.4, 6.932, 6.628, 4.624, 3.985, 3.4935]","[4.04, 4.39, 4.5, 4.43, 4.21, 4.01]"
2022-10-19,63,"[7.205, 6.825, 6.504, 4.506, 3.88, 3.3657]","[4.07, 4.45, 4.6, 4.56, 4.35, 4.14]"
2022-10-20,63,"[7.335, 6.863, 6.523, 4.5440000000000005, 3.901, 3.4077]","[4.09, 4.48, 4.66, 4.66, 4.45, 4.24]"
2022-10-21,63,"[7.359999999999999, 6.88, 6.591, 4.619, 3.918, 3.417]","[4.09, 4.43, 4.58, 4.52, 4.34, 4.21]"
2022-10-24,63,"[7.404999999999999, 6.86, 6.593999999999999, 4.577, 3.869, 3.399]","[4.16, 4.52, 4.61, 4.52, 4.36, 4.25]"
2022-10-25,63,"[7.58, 6.904, 6.586, 4.493, 3.755, 3.3040000000000003]","[4.14, 4.5, 4.6, 4.45, 4.25, 4.1]"
2022-10-26,63,"[8.06, 6.996, 6.644, 4.498, 3.756, 3.2867]","[4.11, 4.47, 4.54, 4.41, 4.2, 4.04]"
2022-10-27,63,"[7.837, 6.99, 6.632, 4.481, 3.712, 3.2133000000000003]","[4.13, 4.44, 4.5, 4.29, 4.09, 3.96]"
2022-10-28,63,"[8.142, 7.055, 6.723, 4.662, 3.892, 3.3604000000000003]","[4.18, 4.51, 4.55, 4.38, 4.19, 4.02]"
2022-10-31,63,"[8.59, 7.086, 6.765000000000001, 4.676, 3.9, 3.342]","[4.22, 4.57, 4.66, 4.45, 4.27, 4.1]"
2022-11-01,63,"[8.58, 7.066000000000001, 6.75, 4.602, 3.807, 3.2987]","[4.23, 4.58, 4.75, 4.48, 4.27, 4.07]"
2022-11-02,63,"[8.379999999999999, 7.09, 6.856, 4.8020000000000005, 4.013, 3.449]","[4.22, 4.57, 4.76, 4.54, 4.3, 4.1]"
2022-11-03,63,"[8.197, 7.072, 6.811999999999999, 4.729, 3.936, 3.3833]","[4.25, 4.57, 4.78, 4.63, 4.36, 4.14]"
2022-11-04,63,"[8.056999999999999, 7.053, 6.805, 4.757, 3.976, 3.403]","[4.21, 4.55, 4.76, 4.58, 4.33, 4.17]"
2022-11-07,63,"[8.04, 7.106999999999999, 6.808999999999999, 4.717, 3.941, 3.3835]","[4.29, 4.62, 4.8, 4.63, 4.39, 4.22]"
2022-11-08,63,"[8.093, 7.123, 6.863, 4.786, 4.01, 3.4823]","[4.28, 4.6, 4.77, 4.55, 4.31, 4.14]"
2022-11-09,63,"[8.044, 7.126, 6.824, 4.784000000000001, 3.996, 3.4513]","[4.29, 4.59, 4.75, 4.49, 4.27, 4.12]"
2022-11-10,63,"[7.724, 7.038, 6.761, 4.743, 3.943, 3.4004000000000003]","[4.28, 4.52, 4.59, 4.17, 3.95, 3.82]"
2022-11-11,63,"[7.895, 7.09, 6.826, 4.791, 3.974, 3.4225]","[4.28, 4.52, 4.59, 4.17, 3.95, 3.82]"
2022-11-14,63,"[8.235, 7.1850000000000005, 6.862, 4.856, 4.045, 3.4813]","[4.34, 4.55, 4.63, 4.24, 4.0, 3.88]"
2022-11-15,63,"[7.9, 7.093, 6.800000000000001, 4.806, 4.026, 3.4723]","[4.31, 4.54, 4.6, 4.17, 3.93, 3.8]"
2022-11-16,63,"[7.802, 7.07, 6.766, 4.824999999999999, 4.106, 3.569]","[4.32, 4.54, 4.62, 4.13, 3.83, 3.67]"
2022-11-17,63,"[7.785, 7.113, 6.779, 4.858, 4.1407, 3.608]","[4.32, 4.57, 4.68, 4.22, 3.93, 3.77]"
2022-11-18,63,"[7.87, 7.16, 6.823, 4.876, 4.1527, 3.625]","[4.34, 4.61, 4.74, 4.28, 3.99, 3.82]"
2022-11-21,63,"[7.945, 7.25, 6.854, 4.889, 4.154, 3.6764]","[4.41, 4.65, 4.75, 4.32, 3.97, 3.83]"
2022-11-22,63,"[7.58, 7.135, 6.78, 4.841, 4.097, 3.5925]","[4.4, 4.68, 4.79, 4.27, 3.93, 3.76]"
2022-11-23,63,"[7.476000000000001, 7.115, 6.758, 4.827, 4.1233, 3.59]","[4.4, 4.67, 4.75, 4.23, 3.88, 3.71]"
2022-11-24,63,"[7.497, 7.156, 6.7780000000000005, 4.823, 4.16, 3.652]","[4.4, 4.67, 4.75, 4.23, 3.88, 3.71]"
2022-11-25,63,"[7.986000000000001, 7.214, 6.835, 4.801, 4.115, 3.6078]","[4.41, 4.67, 4.76, 4.2, 3.85, 3.68]"
2022-11-28,63,"[8.616, 7.273, 6.824, 4.729, 4.0847, 3.605]","[4.41, 4.72, 4.76, 4.22, 3.88, 3.69]"
2022-11-29,63,"[8.34, 7.22, 6.705, 4.73, 4.136, 3.7058]","[4.38, 4.72, 4.78, 4.24, 3.92, 3.75]"
2022-11-30,63,"[8.495, 7.232, 6.683, 4.626, 4.0285, 3.6336]","[4.37, 4.7, 4.74, 4.13, 3.82, 3.68]"
2022-12-01,63,"[8.628, 7.281000000000001, 6.753, 4.658, 4.0354, 3.6373]","[4.33, 4.65, 4.66, 3.98, 3.68, 3.53]"
2022-12-02,63,"[8.35, 7.289, 6.811, 4.731999999999999, 4.1644000000000005, 3.7778]","[4.34, 4.65, 4.69, 3.99, 3.67, 3.51]"
2022-12-05,63,"[7.816000000000001, 7.217, 6.748, 4.668, 4.1024, 3.7202]","[4.36, 4.73, 4.77, 4.13, 3.8, 3.6]"
2022-12-06,63,"[7.949999999999999, 7.303, 6.871, 4.763, 4.134, 3.734]","[4.37, 4.74, 4.73, 4.07, 3.73, 3.51]"
2022-12-07,63,"[7.822, 7.338, 6.854, 4.784, 4.1785000000000005, 3.7697]","[4.29, 4.72, 4.67, 3.97, 3.62, 3.42]"
2022-12-08,63,"[7.744, 7.302, 6.782, 4.719, 4.174, 3.7997]","[4.28, 4.71, 4.71, 4.04, 3.71, 3.48]"
2022-12-09,63,"[7.733, 7.423999999999999, 6.902, 4.813, 4.2533, 3.8338]","[4.31, 4.72, 4.72, 4.07, 3.75, 3.57]"
2022-12-12,63,"[8.185, 7.47, 6.907, 4.812, 4.2343, 3.793]","[4.38, 4.78, 4.75, 4.1, 3.8, 3.61]"
2022-12-13,63,"[8.872, 7.56, 6.928, 4.834, 4.2503, 3.7989]","[4.35, 4.7, 4.64, 3.96, 3.66, 3.51]"
2022-12-14,63,"[9.208, 7.63, 6.9030000000000005, 4.797, 4.192, 3.7872]","[4.33, 4.68, 4.64, 3.94, 3.64, 3.49]"
2022-12-15,63,"[9.0, 7.737, 6.956, 4.872, 4.2706, 3.845]","[4.34, 4.7, 4.65, 3.96, 3.62, 3.44]"
2022-12-16,63,"[9.16, 7.823, 7.018000000000001, 4.952999999999999, 4.3447, 3.9338]","[4.31, 4.68, 4.61, 3.91, 3.61, 3.48]"
2022-12-19,63,"[9.53, 7.827, 7.047000000000001, 4.982, 4.325, 3.866]","[4.37, 4.71, 4.64, 3.99, 3.7, 3.57]"
2022-12-20,63,"[9.458, 7.759, 7.016, 5.117, 4.4813, 4.05]","[4.35, 4.7, 4.64, 4.03, 3.79, 3.69]"
2022-12-21,63,"[9.56, 7.616, 6.976000000000001, 5.1646, 4.5122, 4.032]","[4.33, 4.67, 4.6, 4.0, 3.78, 3.68]"
2022-12-22,63,"[9.187, 7.598000000000001, 6.8870000000000005, 5.28, 4.6954, 4.232]","[4.35, 4.66, 4.64, 4.02, 3.79, 3.67]"
2022-12-23,63,"[9.23, 7.535, 6.873, 5.2977, 4.743, 4.3116]","[4.34, 4.67, 4.66, 4.09, 3.86, 3.75]"
2022-12-26,63,"[8.545, 7.474, 6.697, 5.022, 4.4556, 4.0635]","[4.34, 4.67, 4.66, 4.09, 3.86, 3.75]"
2022-12-27,63,"[8.708, 7.53, 6.761, 5.121, 4.5280000000000005, 4.1052]","[4.46, 4.76, 4.75, 4.17, 3.94, 3.84]"
2022-12-28,63,"[9.084, 7.58, 6.814, 5.162, 4.593, 4.1598]","[4.46, 4.75, 4.71, 4.18, 3.97, 3.88]"
2022-12-29,63,"[8.6, 7.585000000000001, 6.758, 5.0280000000000005, 4.433, 4.005]","[4.45, 4.73, 4.71, 4.16, 3.94, 3.83]"
2022-12-30,63,"[9.0, 7.625, 6.92, 4.9906, 4.3766, 3.9528]","[4.42, 4.76, 4.73, 4.22, 3.99, 3.88]"
2023-01-02,63,"[8.440000000000001, 7.6, 6.904, 5.0855, 4.5025, 4.1003]","[4.42, 4.76, 4.73, 4.22, 3.99, 3.88]"
2023-01-03,63,"[8.86, 7.686, 6.981, 5.164000000000001, 4.5983, 4.1681]","[4.53, 4.77, 4.72, 4.18, 3.94, 3.79]"
2023-01-04,63,"[9.282, 7.74, 7.01, 5.2362, 4.6673, 4.2090000000000005]","[4.55, 4.77, 4.71, 4.11, 3.85, 3.69]"
2023-01-05,63,"[9.45, 7.734999999999999, 7.017, 5.2475000000000005, 4.66, 4.204]","[4.66, 4.81, 4.78, 4.18, 3.9, 3.71]"
2023-01-06,63,"[9.295, 7.808999999999999, 7.01, 5.204, 4.6644, 4.2593000000000005]","[4.67, 4.79, 4.71, 3.96, 3.69, 3.55]"
2023-01-09,63,"[8.754999999999999, 7.767, 7.003, 5.1826, 4.6503, 4.2474]","[4.7, 4.83, 4.69, 3.93, 3.66, 3.53]"
2023-01-10,63,"[8.690000000000001, 7.9, 7.1690000000000005, 5.317, 4.7417, 4.3098]","[4.73, 4.85, 4.74, 3.94, 3.72, 3.61]"
2023-01-11,63,"[8.61, 7.872, 7.176, 5.329, 4.776, 4.3367]","[4.72, 4.84, 4.73, 3.9, 3.66, 3.54]"
2023-01-12,63,"[8.365, 7.898, 7.172000000000001, 5.309, 4.7537, 4.3432]","[4.66, 4.76, 4.66, 3.79, 3.53, 3.43]"
2023-01-13,63,"[8.165, 7.878, 7.18, 5.295999999999999, 4.72, 4.324199999999999]","[4.67, 4.77, 4.69, 3.88, 3.6, 3.49]"
2023-01-16,63,"[8.23, 7.905, 7.252, 5.414499999999999, 4.8554, 4.4503]","[4.67, 4.77, 4.69, 3.88, 3.6, 3.49]"
2023-01-17,63,"[8.29, 7.896000000000001, 7.275, 5.497, 4.9458, 4.545]","[4.71, 4.82, 4.67, 3.86, 3.6, 3.53]"
2023-01-18,63,"[8.59, 7.912, 7.262, 5.3896, 4.8388, 4.5074]","[4.69, 4.79, 4.63, 3.72, 3.43, 3.37]"
2023-01-19,63,"[8.687000000000001, 8.012, 7.278, 5.382, 4.86, 4.5503]","[4.71, 4.79, 4.65, 3.76, 3.48, 3.39]"
2023-01-20,63,"[9.105, 8.133, 7.387, 5.355, 4.757, 4.396599999999999]","[4.72, 4.8, 4.68, 3.83, 3.56, 3.48]"
2023-01-23,63,"[9.555, 8.306, 7.491, 5.384, 4.7366, 4.3527000000000005]","[4.73, 4.82, 4.7, 3.88, 3.61, 3.52]"
2023-01-24,63,"[9.146, 8.3, 7.527, 5.329, 4.683, 4.3145]","[4.72, 4.84, 4.7, 3.86, 3.58, 3.46]"
2023-01-25,63,"[9.15, 8.334, 7.574999999999999, 5.433, 4.813000000000001, 4.398]","[4.72, 4.79, 4.67, 3.84, 3.54, 3.46]"
2023-01-26,63,"[9.18, 8.34, 7.664, 5.491, 4.892, 4.4787]","[4.71, 4.79, 4.68, 3.88, 3.58, 3.49]"
2023-01-27,63,"[9.226, 8.309000000000001, 7.715, 5.494000000000001, 4.876, 4.439]","[4.73, 4.81, 4.68, 3.9, 3.62, 3.52]"
2023-01-30,63,"[9.9, 8.396, 7.74, 5.537, 4.881, 4.4467]","[4.72, 4.82, 4.71, 3.96, 3.68, 3.55]"
2023-01-31,63,"[9.91, 8.367, 7.7, 5.6066, 4.933, 4.486]","[4.7, 4.8, 4.68, 3.9, 3.63, 3.52]"
2023-02-01,63,"[10.12, 8.474, 7.776, 5.613, 4.92, 4.5225]","[4.66, 4.79, 4.66, 3.75, 3.48, 3.39]"
2023-02-02,63,"[9.97, 8.454, 7.788, 5.681, 5.007, 4.5916]","[4.66, 4.76, 4.64, 3.75, 3.49, 3.4]"
2023-02-03,63,"[10.11, 8.488999999999999, 7.85, 5.666, 4.951599999999999, 4.5233]","[4.7, 4.82, 4.79, 3.96, 3.67, 3.53]"
2023-02-06,63,"[9.536, 8.338000000000001, 7.827999999999999, 5.654, 4.952, 4.5282]","[4.71, 4.89, 4.85, 4.1, 3.81, 3.63]"
2023-02-07,63,"[9.6, 8.286, 7.774, 5.417, 4.679, 4.255]","[4.71, 4.89, 4.88, 4.11, 3.85, 3.67]"
2023-02-08,63,"[9.74, 8.282, 7.865, 5.499, 4.731, 4.284]","[4.72, 4.88, 4.87, 4.08, 3.82, 3.63]"
2023-02-09,63,"[9.652, 8.206, 7.859, 5.578, 4.8125, 4.3675]","[4.77, 4.9, 4.88, 4.15, 3.87, 3.67]"
2023-02-10,63,"[9.724, 8.218, 7.904999999999999, 5.561, 4.774, 4.303]","[4.79, 4.89, 4.89, 4.19, 3.93, 3.74]"
2023-02-13,63,"[9.66, 8.167, 7.872, 5.497, 4.6786, 4.1793]","[4.81, 4.99, 4.91, 4.22, 3.93, 3.72]"
2023-02-14,63,"[10.24, 8.273, 7.946, 5.566, 4.7537, 4.2593]","[4.8, 4.98, 4.99, 4.32, 4.0, 3.77]"
2023-02-15,63,"[10.22, 8.276, 7.933, 5.579000000000001, 4.791300000000001, 4.3017]","[4.79, 4.97, 4.96, 4.35, 4.04, 3.81]"
2023-02-16,63,"[10.117, 8.304, 7.893, 5.577, 4.748, 4.3017]","[4.84, 4.98, 4.99, 4.35, 4.06, 3.86]"
2023-02-17,63,"[10.55, 8.416, 7.95, 5.507, 4.6795, 4.2075]","[4.84, 4.99, 5.0, 4.33, 4.03, 3.82]"
2023-02-20,63,"[10.732, 8.457, 7.979, 5.507000000000001, 4.64, 4.159]","[4.84, 4.99, 5.0, 4.33, 4.03, 3.82]"
2023-02-21,63,"[10.814, 8.463000000000001, 8.047, 5.571000000000001, 4.676, 4.1783]","[4.86, 5.07, 5.07, 4.44, 4.16, 3.95]"
2023-02-22,63,"[10.504, 8.387, 8.014, 5.54, 4.664, 4.1627]","[4.84, 5.08, 5.07, 4.43, 4.13, 3.93]"
2023-02-23,63,"[10.465, 8.437, 8.076, 5.609999999999999, 4.7203, 4.1866]","[4.84, 5.05, 5.03, 4.4, 4.09, 3.88]"
2023-02-24,63,"[10.83, 8.456, 8.094000000000001, 5.628, 4.7574, 4.2417]","[4.86, 5.06, 5.05, 4.52, 4.19, 3.95]"
2023-02-27,63,"[11.04, 8.397, 8.058, 5.542, 4.6696, 4.1702]","[4.89, 5.18, 5.03, 4.49, 4.17, 3.92]"
2023-02-28,63,"[11.084, 8.318000000000001, 7.99, 5.418, 4.5487, 4.025]","[4.88, 5.17, 5.02, 4.51, 4.18, 3.92]"
2023-03-01,63,"[10.797, 8.232, 7.934000000000001, 5.393000000000001, 4.534, 4.002]","[4.9, 5.2, 5.06, 4.61, 4.27, 4.01]"
2023-03-02,63,"[10.24, 8.257000000000001, 7.943999999999999, 5.5, 4.661, 4.1005]","[4.91, 5.18, 5.04, 4.63, 4.32, 4.08]"
2023-03-03,63,"[9.624, 8.14, 7.812, 5.413, 4.5845, 4.0068]","[4.91, 5.18, 5.03, 4.6, 4.26, 3.97]"
2023-03-06,63,"[9.62, 8.177, 7.797, 5.331, 4.474, 3.9088]","[4.93, 5.22, 5.05, 4.61, 4.27, 3.98]"
2023-03-07,63,"[10.35, 8.308, 7.882, 5.390000000000001, 4.5445, 3.948]","[5.04, 5.32, 5.22, 4.66, 4.31, 3.97]"
2023-03-08,63,"[9.923, 8.251, 7.833, 5.388, 4.5728, 4.0407]","[5.06, 5.34, 5.25, 4.71, 4.34, 3.98]"
2023-03-09,63,"[9.57, 8.257, 7.803, 5.382999999999999, 4.604699999999999, 4.0768]","[5.05, 5.32, 5.18, 4.56, 4.22, 3.93]"
2023-03-10,63,"[9.486999999999998, 8.216000000000001, 7.765, 5.286, 4.478400000000001, 3.9802]","[5.01, 5.17, 4.9, 4.31, 3.96, 3.7]"
2023-03-13,63,"[9.576, 8.245999999999999, 7.845, 5.317, 4.4813, 3.969]","[4.87, 4.81, 4.3, 3.88, 3.68, 3.55]"
2023-03-14,63,"[9.305, 8.194, 7.798, 5.315, 4.455, 3.9188]","[4.88, 4.93, 4.45, 4.05, 3.78, 3.64]"
2023-03-15,63,"[9.68, 8.29, 7.852, 5.287, 4.435, 3.941]","[4.75, 4.73, 4.19, 3.83, 3.59, 3.51]"
2023-03-16,63,"[9.573, 8.189, 7.774999999999999, 5.3340000000000005, 4.5223, 4.0312]","[4.74, 4.94, 4.49, 3.99, 3.72, 3.56]"
2023-03-17,63,"[9.912, 8.294, 7.862999999999999, 5.397, 4.6074, 4.1414]","[4.52, 4.71, 4.26, 3.68, 3.44, 3.39]"
2023-03-20,63,"[10.498, 8.416, 7.931999999999999, 5.4190000000000005, 4.62, 4.1321]","[4.81, 4.8, 4.34, 3.77, 3.56, 3.47]"
2023-03-21,63,"[9.75, 8.21, 7.882, 5.441999999999999, 4.661, 4.1397]","[4.78, 4.96, 4.68, 3.98, 3.73, 3.59]"
2023-03-22,63,"[10.137, 8.285, 7.933, 5.508, 4.7223, 4.2136]","[4.79, 4.95, 4.56, 3.76, 3.54, 3.48]"
2023-03-23,63,"[10.633, 8.326, 8.014, 5.532, 4.7116, 4.2002]","[4.73, 4.8, 4.38, 3.57, 3.39, 3.38]"
2023-03-24,63,"[9.91, 8.135, 7.945, 5.565, 4.7896, 4.3022]","[4.74, 4.76, 4.32, 3.58, 3.41, 3.38]"
2023-03-27,63,"[9.944, 8.113, 7.903, 5.563, 4.7957, 4.3331]","[4.91, 4.86, 4.51, 3.79, 3.59, 3.53]"
2023-03-28,63,"[10.247, 8.095, 7.894, 5.548, 4.767, 4.2860000000000005]","[4.8, 4.9, 4.55, 3.84, 3.63, 3.55]"
2023-03-29,63,"[10.455, 8.112, 7.865, 5.585, 4.814, 4.3424]","[4.8, 4.92, 4.59, 3.87, 3.67, 3.57]"
2023-03-30,63,"[10.412, 8.076, 7.843, 5.590999999999999, 4.812, 4.3473]","[4.97, 4.92, 4.63, 3.87, 3.66, 3.55]"
2023-03-31,63,"[9.745, 7.891, 7.725999999999999, 5.531, 4.7545, 4.2504]","[4.85, 4.94, 4.64, 3.81, 3.6, 3.48]"
2023-04-03,63,"[9.027, 7.733, 7.608, 5.4350000000000005, 4.656000000000001, 4.1465]","[4.9, 4.88, 4.6, 3.73, 3.52, 3.43]"
2023-04-04,63,"[8.576, 7.673, 7.551, 5.449, 4.681, 4.1582]","[4.88, 4.8, 4.5, 3.6, 3.39, 3.35]"
2023-04-05,63,"[8.213000000000001, 7.585, 7.378, 5.181, 4.4307, 3.9685]","[4.86, 4.82, 4.43, 3.55, 3.36, 3.3]"
2023-04-06,63,"[7.891, 7.566000000000001, 7.258000000000001, 5.1080000000000005, 4.366, 3.9216]","[4.91, 4.93, 4.51, 3.59, 3.37, 3.3]"
2023-04-07,63,"[7.828, 7.558999999999999, 7.220000000000001, 5.071, 4.396, 3.9816]","[4.95, 4.95, 4.61, 3.72, 3.49, 3.39]"
2023-04-10,63,"[7.971999999999999, 7.672, 7.261000000000001, 5.029, 4.315, 3.8928]","[5.08, 4.98, 4.65, 3.75, 3.52, 3.41]"
2023-04-11,63,"[8.181000000000001, 7.74, 7.275, 4.944, 4.184, 3.7777]","[5.04, 4.99, 4.67, 3.76, 3.54, 3.43]"
2023-04-12,63,"[7.928, 7.662999999999999, 7.202, 5.0, 4.244, 3.8364]","[5.02, 4.98, 4.64, 3.68, 3.46, 3.41]"
2023-04-13,63,"[8.156, 7.763999999999999, 7.254, 5.016, 4.242, 3.8318]","[5.1, 4.95, 4.66, 3.7, 3.51, 3.45]"
2023-04-14,63,"[7.76, 7.699, 7.149, 4.977, 4.2377, 3.8708]","[5.14, 5.03, 4.77, 3.83, 3.6, 3.52]"
2023-04-17,63,"[8.047, 7.75, 7.157, 4.861000000000001, 4.0784, 3.7145]","[5.21, 5.07, 4.8, 3.92, 3.69, 3.6]"
2023-04-18,63,"[7.88, 7.686, 7.105, 4.872, 4.1187000000000005, 3.7313]","[5.2, 5.09, 4.81, 3.92, 3.69, 3.58]"
2023-04-19,63,"[7.74, 7.628, 7.042999999999999, 4.893, 4.168, 3.8047]","[5.16, 5.1, 4.84, 3.97, 3.71, 3.6]"
2023-04-20,63,"[7.634, 7.595000000000001, 6.981, 4.892, 4.1803, 3.8222]","[5.12, 5.06, 4.77, 3.87, 3.63, 3.54]"
2023-04-21,63,"[7.946999999999999, 7.728999999999999, 7.038, 4.877, 4.1347000000000005, 3.7447]","[5.14, 5.07, 4.78, 3.89, 3.66, 3.57]"
2023-04-24,63,"[8.46, 7.833, 7.104, 4.891, 4.1035, 3.7432]","[5.2, 5.06, 4.76, 3.84, 3.6, 3.52]"
2023-04-25,63,"[9.11, 7.966, 7.176, 4.95, 4.1596, 3.7817]","[5.12, 4.98, 4.6, 3.62, 3.43, 3.4]"
2023-04-26,63,"[8.492, 7.84, 7.13, 4.979, 4.212, 3.816]","[5.16, 5.0, 4.64, 3.65, 3.46, 3.43]"
2023-04-27,63,"[8.986, 7.943, 7.2, 5.05, 4.2816, 3.8515]","[5.18, 5.05, 4.78, 3.82, 3.6, 3.53]"
2023-04-28,63,"[9.28, 7.929, 7.192, 5.015, 4.242, 3.8193]","[5.1, 5.06, 4.8, 3.75, 3.51, 3.44]"
2023-05-01,63,"[9.426, 7.895, 7.183, 4.8955, 4.109, 3.6927]","[5.27, 5.14, 4.86, 3.85, 3.64, 3.59]"
2023-05-02,63,"[9.394, 7.814999999999999, 7.186999999999999, 4.937, 4.1375, 3.7022]","[5.24, 5.06, 4.74, 3.67, 3.46, 3.44]"
2023-05-03,63,"[8.77, 7.732, 7.234999999999999, 5.103, 4.3004, 3.8305]","[5.26, 5.08, 4.7, 3.58, 3.37, 3.38]"
2023-05-04,63,"[8.136, 7.590999999999999, 7.129999999999999, 5.157, 4.3954, 3.9154]","[5.26, 5.04, 4.59, 3.47, 3.29, 3.37]"
2023-05-05,63,"[8.243, 7.564, 7.112, 5.119, 4.3974, 3.9342]","[5.26, 5.13, 4.73, 3.63, 3.41, 3.44]"
2023-05-08,63,"[7.818, 7.455999999999999, 7.03, 5.0414, 4.3205, 3.8608]","[5.31, 5.14, 4.79, 3.7, 3.49, 3.52]"
2023-05-09,63,"[7.395, 7.293, 6.89, 5.0323, 4.3168, 3.8706]","[5.29, 5.18, 4.81, 3.67, 3.51, 3.53]"
2023-05-10,63,"[7.024, 7.061999999999999, 6.701, 4.972, 4.3074, 3.898]","[5.24, 5.13, 4.7, 3.55, 3.37, 3.43]"
2023-05-11,63,"[6.616999999999999, 6.907, 6.497, 4.879, 4.2156, 3.8188]","[5.2, 5.14, 4.7, 3.56, 3.36, 3.39]"
2023-05-12,63,"[6.545999999999999, 6.727, 6.414, 4.8722, 4.1924, 3.7999]","[5.25, 5.16, 4.75, 3.65, 3.45, 3.46]"
2023-05-15,63,"[6.497, 6.625, 6.324, 4.8415, 4.1585, 3.77533]","[5.21, 5.24, 4.73, 3.67, 3.46, 3.5]"
2023-05-16,63,"[5.964, 6.290000000000001, 6.098000000000001, 4.705699999999999, 4.08284, 3.76436]","[5.23, 5.26, 4.88, 3.74, 3.52, 3.54]"
2023-05-17,63,"[5.774, 6.061, 5.912, 4.5629, 3.9589, 3.6575]","[5.26, 5.3, 4.92, 3.8, 3.58, 3.57]"
2023-05-18,63,"[5.6276, 5.9124, 5.8296, 4.4911, 3.8833, 3.5927]","[5.31, 5.38, 5.02, 3.94, 3.69, 3.65]"
2023-05-19,63,"[5.050000000000001, 5.658, 5.649, 4.4769000000000005, 3.9361, 3.682]","[5.29, 5.36, 5.02, 3.98, 3.76, 3.7]"
2023-05-22,63,"[4.75766, 5.4855, 5.538, 4.394419999999999, 3.8463, 3.6133]","[5.4, 5.43, 5.07, 3.98, 3.77, 3.72]"
2023-05-23,63,"[4.6233, 5.2827, 5.4543, 4.33365, 3.7773, 3.5382]","[5.34, 5.39, 5.06, 3.99, 3.76, 3.7]"
2023-05-24,63,"[4.196000000000001, 5.06433, 5.3083, 4.398359999999999, 3.872100000000001, 3.627]","[5.37, 5.42, 5.12, 4.04, 3.75, 3.73]"
2023-05-25,63,"[3.893, 5.0705, 5.202, 4.3402, 3.8595, 3.613]","[5.38, 5.46, 5.24, 4.21, 3.9, 3.83]"
2023-05-26,63,"[3.848, 4.9542, 5.1454, 4.3345, 3.852, 3.597]","[5.34, 5.44, 5.25, 4.23, 3.92, 3.8]"
2023-05-29,63,"[3.737, 4.8348, 5.05404, 4.3870000000000005, 3.9306, 3.694]","[5.34, 5.44, 5.25, 4.23, 3.92, 3.8]"
2023-05-30,63,"[3.5975, 4.726, 4.9558, 4.3678, 3.9653, 3.758]","[5.55, 5.52, 5.22, 4.1, 3.81, 3.69]"
2023-05-31,63,"[3.582, 4.6273, 4.894, 4.3007, 3.874, 3.621]","[5.52, 5.46, 5.18, 4.04, 3.74, 3.64]"
2023-06-01,63,"[3.546, 4.5794, 4.8305, 4.2804, 3.8752, 3.6355]","[5.5, 5.44, 5.11, 3.98, 3.7, 3.61]"
2023-06-02,63,"[3.66, 4.6545000000000005, 4.943099999999999, 4.3082, 3.9113, 3.631]","[5.5, 5.5, 5.22, 4.13, 3.84, 3.69]"
2023-06-05,63,"[3.707, 4.6593, 4.9236, 4.333, 3.9328, 3.6419]","[5.46, 5.46, 5.17, 4.1, 3.82, 3.69]"
2023-06-06,63,"[3.754, 4.6240000000000006, 4.840199999999999, 4.157, 3.7879, 3.569]","[5.44, 5.44, 5.2, 4.15, 3.85, 3.7]"
2023-06-07,63,"[3.734, 4.4425, 4.5572, 3.892, 3.5098, 3.3226]","[5.42, 5.43, 5.16, 4.21, 3.93, 3.79]"
2023-06-08,63,"[3.656, 4.1, 4.0146, 3.4965, 3.2486, 3.179]","[5.38, 5.39, 5.12, 4.17, 3.87, 3.73]"
2023-06-09,63,"[3.653, 4.2196, 4.1812000000000005, 3.7043, 3.3833, 3.2960000000000003]","[5.37, 5.39, 5.17, 4.23, 3.92, 3.75]"
2023-06-12,63,"[3.6020000000000003, 4.031300000000001, 3.958, 3.5104, 3.208, 3.1677]","[5.4, 5.38, 5.18, 4.16, 3.89, 3.73]"
2023-06-13,63,"[3.7507, 4.235, 4.288600000000001, 3.6987, 3.3560000000000003, 3.2253]","[5.36, 5.36, 5.26, 4.3, 4.01, 3.84]"
2023-06-14,63,"[3.6045, 4.0157, 4.1035, 3.4178, 3.0867, 3.0538000000000003]","[5.36, 5.36, 5.27, 4.37, 4.06, 3.83]"
2023-06-15,63,"[3.76, 4.1384, 4.2567, 3.5748, 3.2587, 3.1668000000000003]","[5.33, 5.33, 5.21, 4.23, 3.91, 3.72]"
2023-06-16,63,"[3.7907, 4.3125, 4.6075, 3.7897, 3.4339, 3.2875]","[5.34, 5.35, 5.24, 4.32, 3.99, 3.77]"
2023-06-19,63,"[3.635, 4.3567, 4.56479, 3.6166, 3.2724, 3.193]","[5.34, 5.35, 5.24, 4.32, 3.99, 3.77]"
2023-06-20,63,"[3.559, 4.2033, 4.41108, 3.4489, 3.1327000000000003, 3.0939]","[5.39, 5.41, 5.24, 4.29, 3.96, 3.74]"
2023-06-21,63,"[3.513, 4.214, 4.397200000000001, 3.49583, 3.1815, 3.1178]","[5.4, 5.41, 5.25, 4.29, 3.95, 3.72]"
2023-06-22,63,"[3.7645, 4.3783, 4.602399999999999, 3.74438, 3.4057, 3.3082]","[5.4, 5.41, 5.29, 4.37, 4.03, 3.8]"
2023-06-23,63,"[3.751, 4.415900000000001, 4.6157, 3.7964, 3.4514, 3.3292]","[5.41, 5.41, 5.25, 4.32, 3.99, 3.74]"
2023-06-26,63,"[3.909, 4.4525, 4.65076, 3.83503, 3.497, 3.3492]","[5.5, 5.45, 5.27, 4.3, 3.96, 3.72]"
2023-06-27,63,"[4.1033, 4.5372, 4.72845, 3.863412, 3.5119, 3.351]","[5.44, 5.46, 5.33, 4.38, 4.02, 3.77]"
2023-06-28,63,"[4.1, 4.58, 4.7365, 3.79961, 3.4467, 3.2747]","[5.44, 5.47, 5.32, 4.32, 3.97, 3.71]"
2023-06-29,63,"[4.04, 4.5658, 4.709899999999999, 3.728503, 3.3785, 3.2386000000000004]","[5.46, 5.5, 5.41, 4.49, 4.14, 3.85]"
2023-06-30,63,"[4.03, 4.4775, 4.5992, 3.593454, 3.2452, 3.1565000000000003]","[5.43, 5.47, 5.4, 4.49, 4.13, 3.81]"
2023-07-03,63,"[4.027, 4.4965, 4.531, 3.554787, 3.2255, 3.113]","[5.44, 5.53, 5.43, 4.56, 4.19, 3.86]"
2023-07-04,63,"[4.085, 4.6212, 4.5999, 3.60525, 3.25586, 3.1335]","[5.44, 5.53, 5.43, 4.56, 4.19, 3.86]"
2023-07-05,63,"[4.1336, 4.656000000000001, 4.68404, 3.73678, 3.38667, 3.2358]","[5.44, 5.52, 5.4, 4.59, 4.25, 3.95]"
2023-07-06,63,"[4.2983, 4.7090000000000005, 4.707000000000001, 3.76263, 3.422, 3.2668]","[5.46, 5.54, 5.44, 4.68, 4.37, 4.05]"
2023-07-07,63,"[4.3637, 4.7222, 4.68109, 3.73711, 3.4179, 3.2752000000000003]","[5.46, 5.53, 5.41, 4.64, 4.35, 4.06]"
2023-07-10,63,"[4.435499999999999, 4.7273000000000005, 4.637105, 3.6395, 3.3194, 3.2430000000000003]","[5.48, 5.54, 5.38, 4.54, 4.25, 4.01]"
2023-07-11,63,"[4.504, 4.7123, 4.63032, 3.6481, 3.3658, 3.2881]","[5.49, 5.55, 5.44, 4.52, 4.24, 3.99]"
2023-07-12,63,"[4.528, 4.7873, 4.700399999999999, 3.75554, 3.4466, 3.359]","[5.47, 5.53, 5.35, 4.36, 4.07, 3.86]"
2023-07-13,63,"[4.5547, 4.803, 4.6751, 3.80934, 3.5187, 3.4329]","[5.47, 5.49, 5.27, 4.21, 3.93, 3.76]"
2023-07-14,63,"[4.547000000000001, 4.8026, 4.649, 3.7773, 3.4971, 3.3982]","[5.49, 5.52, 5.34, 4.35, 4.04, 3.83]"
2023-07-17,63,"[4.541, 4.795599999999999, 4.6499, 3.7965, 3.4906, 3.3986]","[5.49, 5.52, 5.33, 4.34, 4.02, 3.81]"
2023-07-18,63,"[4.497, 4.7585, 4.5875, 3.6797, 3.3892, 3.3197]","[5.49, 5.51, 5.32, 4.35, 4.0, 3.8]"
2023-07-19,63,"[4.4403, 4.7468, 4.5715, 3.6852, 3.4109000000000003, 3.3486]","[5.49, 5.51, 5.32, 4.34, 3.98, 3.75]"
2023-07-20,63,"[4.41, 4.717499999999999, 4.5455, 3.6172, 3.3366, 3.2886]","[5.49, 5.52, 5.35, 4.43, 4.08, 3.85]"
2023-07-21,63,"[4.3353, 4.599600000000001, 4.382199999999999, 3.3932, 3.162, 3.1622]","[5.5, 5.53, 5.35, 4.44, 4.09, 3.84]"
2023-07-24,63,"[4.3436, 4.6052, 4.4143, 3.4316, 3.2027, 3.2027]","[5.51, 5.55, 5.38, 4.48, 4.13, 3.86]"
2023-07-25,63,"[4.366, 4.647, 4.5422, 3.5969, 3.3440000000000003, 3.3064]","[5.51, 5.57, 5.38, 4.53, 4.15, 3.91]"
2023-07-26,63,"[4.329, 4.635199999999999, 4.5463, 3.5134, 3.2432, 3.2076]","[5.51, 5.55, 5.37, 4.47, 4.09, 3.86]"
2023-07-27,63,"[4.449, 4.6986, 4.582000000000001, 3.5978000000000003, 3.3653, 3.3556]","[5.51, 5.56, 5.4, 4.58, 4.24, 4.01]"
2023-07-28,63,"[4.4363, 4.598999999999999, 4.461, 3.4007, 3.1665, 3.188]","[5.52, 5.54, 5.37, 4.52, 4.18, 3.96]"
2023-07-31,63,"[4.3694, 4.606, 4.4317, 3.3156, 3.0778, 3.1268]","[5.55, 5.53, 5.37, 4.51, 4.18, 3.97]"
2023-08-01,63,"[4.394, 4.5442, 4.3258, 3.2066000000000003, 2.9958, 3.1122]","[5.54, 5.54, 5.38, 4.57, 4.24, 4.05]"
2023-08-02,63,"[4.4436, 4.637, 4.471500000000001, 3.377, 3.1236, 3.1883]","[5.53, 5.52, 5.36, 4.54, 4.24, 4.08]"
2023-08-03,63,"[4.4907, 4.6776, 4.5449, 3.4634, 3.2188000000000003, 3.2809]","[5.54, 5.52, 5.37, 4.58, 4.3, 4.2]"
2023-08-04,63,"[4.5546, 4.7344, 4.568, 3.4382, 3.242, 3.2923]","[5.54, 5.5, 5.33, 4.45, 4.15, 4.05]"
2023-08-07,63,"[4.5803, 4.6925, 4.4661, 3.3154, 3.0939, 3.1826000000000003]","[5.56, 5.53, 5.3, 4.44, 4.16, 4.09]"
2023-08-08,63,"[4.588, 4.704, 4.4717, 3.3261000000000003, 3.0792, 3.1356]","[5.57, 5.53, 5.35, 4.36, 4.1, 4.02]"
2023-08-09,63,"[4.563, 4.7555000000000005, 4.5352, 3.4353, 3.1883000000000004, 3.2218]","[5.55, 5.54, 5.35, 4.41, 4.12, 4.0]"
2023-08-10,63,"[4.5816, 4.844, 4.5193, 3.454, 3.194, 3.2557]","[5.54, 5.52, 5.33, 4.47, 4.21, 4.09]"
2023-08-11,63,"[4.540500000000001, 4.8894, 4.6781, 3.5361, 3.266, 3.3081]","[5.54, 5.52, 5.36, 4.56, 4.31, 4.16]"
2023-08-14,63,"[4.5515, 4.948, 4.7188, 3.5996, 3.3339, 3.348]","[5.56, 5.56, 5.37, 4.64, 4.36, 4.19]"
2023-08-15,63,"[4.600499999999999, 5.035, 4.8149, 3.7309, 3.4405, 3.4292]","[5.56, 5.55, 5.36, 4.64, 4.36, 4.21]"
2023-08-16,63,"[4.5844000000000005, 5.0006, 4.819299999999999, 3.7595, 3.498, 3.4687]","[5.56, 5.54, 5.37, 4.68, 4.42, 4.28]"
2023-08-17,63,"[4.6314, 5.0645, 4.8654, 3.7577, 3.5105, 3.4951000000000003]","[5.56, 5.53, 5.36, 4.67, 4.42, 4.3]"
2023-08-18,63,"[4.5856, 5.003299999999999, 4.8569, 3.7456, 3.478, 3.4576]","[5.55, 5.52, 5.35, 4.63, 4.38, 4.26]"
2023-08-21,63,"[4.525, 5.0089, 4.9061, 3.782, 3.459, 3.4844]","[5.57, 5.58, 5.37, 4.7, 4.46, 4.34]"
2023-08-22,63,"[4.486, 5.0257, 5.0049, 3.9344, 3.5985, 3.5798]","[5.57, 5.57, 5.39, 4.75, 4.49, 4.34]"
2023-08-23,63,"[4.4704, 4.971500000000001, 4.9915, 3.9300000000000006, 3.5968, 3.5334]","[5.57, 5.55, 5.35, 4.64, 4.36, 4.19]"
2023-08-24,63,"[4.4733, 4.9446, 4.991, 3.9058000000000006, 3.568, 3.5087]","[5.58, 5.59, 5.39, 4.69, 4.39, 4.23]"
2023-08-25,63,"[4.525, 5.0005, 4.9678, 3.77, 3.4484, 3.3902]","[5.61, 5.61, 5.44, 4.72, 4.44, 4.25]"
2023-08-28,63,"[4.472, 4.9146, 4.931, 3.704, 3.3682000000000003, 3.3302]","[5.58, 5.56, 5.44, 4.69, 4.38, 4.2]"
2023-08-29,63,"[4.427, 4.8604, 4.8622000000000005, 3.6362, 3.3157, 3.2892]","[5.56, 5.52, 5.37, 4.56, 4.26, 4.12]"
2023-08-30,63,"[4.427, 4.8984, 4.9722, 3.7977, 3.4638, 3.3733]","[5.56, 5.51, 5.39, 4.57, 4.27, 4.12]"
2023-08-31,63,"[4.414, 4.848, 4.9326, 3.773, 3.4445, 3.3707]","[5.56, 5.48, 5.37, 4.54, 4.23, 4.09]"
2023-09-01,63,"[4.438000000000001, 4.823300000000001, 4.9507, 3.818200000000001, 3.4696, 3.378]","[5.53, 5.47, 5.36, 4.57, 4.29, 4.18]"
2023-09-04,63,"[4.41, 4.8153, 4.9184, 3.8667, 3.5328, 3.453]","[5.53, 5.47, 5.36, 4.57, 4.29, 4.18]"
2023-09-05,63,"[4.266, 4.7245, 4.8483, 3.7948, 3.4408000000000003, 3.368]","[5.55, 5.51, 5.42, 4.65, 4.37, 4.27]"
2023-09-06,63,"[4.221, 4.686, 4.8582, 3.8223, 3.4603, 3.366]","[5.55, 5.52, 5.44, 4.73, 4.44, 4.3]"
2023-09-07,63,"[4.096, 4.653, 4.8314, 3.728, 3.411, 3.335]","[5.53, 5.5, 5.4, 4.66, 4.38, 4.27]"
2023-09-08,63,"[4.047000000000001, 4.6046000000000005, 4.8594, 3.8337, 3.5046, 3.4276]","[5.55, 5.49, 5.42, 4.68, 4.39, 4.26]"
2023-09-11,63,"[4.024, 4.569500000000001, 4.8247, 3.869, 3.526, 3.3971]","[5.55, 5.51, 5.4, 4.64, 4.4, 4.29]"
2023-09-12,63,"[3.883, 4.507, 4.746, 3.7017000000000007, 3.349, 3.2654]","[5.56, 5.53, 5.42, 4.66, 4.41, 4.27]"
2023-09-13,63,"[3.652, 4.4794, 4.7446, 3.785, 3.4275, 3.3186]","[5.55, 5.51, 5.42, 4.64, 4.39, 4.25]"
2023-09-14,63,"[3.539, 4.4696, 4.745900000000001, 3.796, 3.4456, 3.331]","[5.55, 5.5, 5.42, 4.68, 4.42, 4.29]"
2023-09-15,63,"[3.42, 4.503, 4.7595, 3.7895, 3.4444, 3.3228]","[5.56, 5.49, 5.43, 4.72, 4.45, 4.33]"
2023-09-18,63,"[3.548, 4.5477, 4.76, 3.8117, 3.4615, 3.3272000000000004]","[5.55, 5.51, 5.44, 4.74, 4.46, 4.32]"
2023-09-19,63,"[3.647, 4.556, 4.7846, 3.8969, 3.555, 3.418]","[5.54, 5.51, 5.45, 4.79, 4.51, 4.37]"
2023-09-20,63,"[3.633, 4.5594, 4.748, 3.8598, 3.5332000000000003, 3.3728]","[5.56, 5.51, 5.47, 4.82, 4.52, 4.35]"
2023-09-21,63,"[3.842, 4.629, 4.765599999999999, 3.852, 3.518, 3.3667]","[5.57, 5.52, 5.46, 4.85, 4.61, 4.49]"
2023-09-22,63,"[3.9010000000000007, 4.6597, 4.8217, 3.931, 3.579, 3.4172]","[5.56, 5.52, 5.46, 4.8, 4.57, 4.44]"
2023-09-25,63,"[3.843, 4.648, 4.8202, 3.8625, 3.5210000000000004, 3.3472]","[5.58, 5.52, 5.45, 4.83, 4.62, 4.55]"
2023-09-26,63,"[3.85, 4.668, 4.896, 4.024, 3.682, 3.4823]","[5.58, 5.53, 5.45, 4.84, 4.62, 4.56]"
2023-09-27,63,"[3.829, 4.642399999999999, 4.8966, 4.016, 3.6617, 3.4316]","[5.58, 5.53, 5.49, 4.89, 4.67, 4.61]"
2023-09-28,63,"[3.807, 4.687, 4.909, 4.077, 3.715, 3.4799]","[5.56, 5.53, 5.46, 4.83, 4.62, 4.59]"
2023-09-29,63,"[3.8000000000000007, 4.681, 4.9154, 4.068499999999999, 3.705400000000001, 3.4696]","[5.55, 5.53, 5.46, 4.8, 4.6, 4.59]"
2023-10-02,63,"[3.749000000000001, 4.6377, 4.8863, 4.083, 3.7466, 3.5433000000000003]","[5.62, 5.58, 5.49, 4.88, 4.72, 4.69]"
2023-10-03,63,"[3.746, 4.664, 4.9110000000000005, 4.1707, 3.864, 3.6472]","[5.62, 5.58, 5.49, 4.95, 4.8, 4.81]"
2023-10-04,63,"[3.757, 4.6677, 4.892, 4.1327, 3.845, 3.656]","[5.61, 5.57, 5.42, 4.85, 4.72, 4.73]"
2023-10-05,63,"[3.7150000000000007, 4.68, 4.869, 4.0376, 3.75, 3.6113]","[5.61, 5.56, 5.39, 4.82, 4.68, 4.72]"
2023-10-06,63,"[3.792, 4.716, 4.924, 4.0283, 3.7534, 3.6055]","[5.63, 5.59, 5.43, 4.87, 4.75, 4.78]"
2023-10-09,63,"[3.813, 4.711600000000001, 4.847, 3.874600000000001, 3.5908, 3.478]","[5.63, 5.59, 5.43, 4.87, 4.75, 4.78]"
2023-10-10,63,"[3.941, 4.6775, 4.7825, 3.7315, 3.4517, 3.3762]","[5.61, 5.57, 5.37, 4.74, 4.62, 4.66]"
2023-10-11,63,"[3.926, 4.7124, 4.8395, 3.8737, 3.5647, 3.4513000000000003]","[5.61, 5.56, 5.38, 4.73, 4.59, 4.58]"
2023-10-12,63,"[3.949, 4.733, 4.8454, 3.871, 3.5522, 3.4345]","[5.63, 5.58, 5.43, 4.82, 4.69, 4.7]"
2023-10-13,63,"[3.936, 4.7136, 4.8425, 3.8803, 3.53, 3.4216]","[5.62, 5.57, 5.41, 4.8, 4.65, 4.63]"
2023-10-16,63,"[3.914, 4.7043, 4.8466000000000005, 3.8708, 3.5088, 3.3699]","[5.61, 5.58, 5.42, 4.87, 4.72, 4.71]"
2023-10-17,63,"[3.93, 4.711399999999999, 4.861199999999999, 3.9625, 3.6122, 3.4748]","[5.62, 5.6, 5.48, 5.01, 4.86, 4.83]"
2023-10-18,63,"[3.886, 4.7434, 4.868799999999999, 3.9805, 3.6308, 3.4723]","[5.61, 5.58, 5.47, 5.03, 4.92, 4.91]"
2023-10-19,63,"[3.924, 4.7863, 4.8932, 4.0280000000000005, 3.6805, 3.503]","[5.6, 5.56, 5.44, 5.01, 4.95, 4.98]"
2023-10-20,63,"[3.943, 4.822, 4.9051, 4.083200000000001, 3.7064, 3.5548]","[5.58, 5.54, 5.41, 4.93, 4.86, 4.93]"
2023-10-23,63,"[3.918, 4.7946, 4.9003, 4.021999999999999, 3.6437, 3.5014]","[5.58, 5.56, 5.42, 4.89, 4.81, 4.86]"
2023-10-24,63,"[3.991, 4.81, 4.92, 4.1279, 3.7893, 3.6501]","[5.58, 5.57, 5.41, 4.91, 4.82, 4.83]"
2023-10-25,63,"[4.031, 4.814, 4.902200000000001, 4.0722, 3.7325, 3.6026]","[5.59, 5.57, 5.43, 4.98, 4.89, 4.95]"
2023-10-26,63,"[4.074, 4.828, 4.918, 4.0713, 3.74, 3.6184]","[5.59, 5.55, 5.39, 4.89, 4.79, 4.86]"
2023-10-27,63,"[4.159, 4.856, 4.9322, 4.1371, 3.806, 3.7033]","[5.59, 5.55, 5.39, 4.84, 4.76, 4.84]"
2023-10-30,63,"[4.132000000000001, 4.837999999999999, 4.9257, 4.1181, 3.8145, 3.737]","[5.6, 5.53, 5.41, 4.87, 4.8, 4.88]"
2023-10-31,63,"[4.141, 4.8423, 4.9337, 4.1681, 3.8854, 3.8687]","[5.59, 5.54, 5.44, 4.9, 4.82, 4.88]"
2023-11-01,63,"[4.208, 4.849, 4.9172, 4.0635, 3.757000000000001, 3.7304]","[5.57, 5.51, 5.37, 4.76, 4.67, 4.77]"
2023-11-02,63,"[4.259, 4.906000000000001, 4.908, 4.075500000000001, 3.7848, 3.783]","[5.54, 5.5, 5.38, 4.78, 4.65, 4.67]"
2023-11-03,63,"[4.3405000000000005, 4.934, 4.9735, 4.014, 3.7414, 3.7265]","[5.53, 5.45, 5.29, 4.62, 4.49, 4.57]"
2023-11-06,63,"[4.364, 4.9677, 4.995299999999999, 4.083600000000001, 3.776, 3.713]","[5.56, 5.47, 5.33, 4.72, 4.6, 4.67]"
2023-11-07,63,"[4.351, 4.959999999999999, 4.9904, 4.154, 3.8724, 3.8048]","[5.55, 5.47, 5.33, 4.64, 4.53, 4.58]"
2023-11-08,63,"[4.3945, 4.984999999999999, 5.0177000000000005, 4.239199999999999, 3.9662, 3.872]","[5.54, 5.46, 5.34, 4.65, 4.51, 4.49]"
2023-11-09,63,"[4.444999999999999, 5.061999999999999, 5.0228, 4.3111, 4.009, 3.9020000000000006]","[5.54, 5.46, 5.39, 4.77, 4.65, 4.62]"
2023-11-10,63,"[4.436, 5.0664, 5.0219000000000005, 4.3016, 3.9992, 3.9134]","[5.53, 5.46, 5.38, 4.8, 4.65, 4.61]"
2023-11-13,63,"[4.441, 5.047, 5.018, 4.3228, 4.0423, 3.9729]","[5.55, 5.48, 5.37, 4.8, 4.66, 4.63]"
2023-11-14,63,"[4.428, 5.0395, 5.0143, 4.2948, 4.0225, 3.977]","[5.52, 5.41, 5.24, 4.56, 4.42, 4.44]"
2023-11-15,63,"[4.355, 4.9985, 5.0062, 4.2391, 3.966, 3.923]","[5.53, 5.41, 5.27, 4.68, 4.52, 4.53]"
2023-11-16,63,"[4.3500000000000005, 5.0575, 5.0084, 4.2977, 4.0384, 4.003299999999999]","[5.51, 5.38, 5.23, 4.59, 4.43, 4.45]"
2023-11-17,63,"[4.393000000000001, 5.0440000000000005, 5.0172, 4.3376, 4.062, 3.999]","[5.5, 5.39, 5.24, 4.64, 4.45, 4.44]"
2023-11-20,63,"[4.356, 5.005, 4.98, 4.2186, 3.9227, 3.8394]","[5.54, 5.43, 5.25, 4.62, 4.44, 4.42]"
2023-11-21,63,"[4.356, 5.0465, 5.0035, 4.2576, 3.9447, 3.878200000000001]","[5.53, 5.42, 5.24, 4.6, 4.41, 4.41]"
2023-11-22,63,"[4.413, 5.081, 5.0486, 4.285699999999999, 3.997100000000001, 3.9033]","[5.54, 5.42, 5.26, 4.62, 4.44, 4.42]"
2023-11-23,63,"[4.377, 5.0263, 5.056, 4.2464, 3.9279, 3.8423]","[5.54, 5.42, 5.26, 4.62, 4.44, 4.42]"
2023-11-24,63,"[4.303999999999999, 4.9526, 4.9865, 4.103999999999999, 3.7942, 3.7496]","[5.54, 5.45, 5.27, 4.67, 4.49, 4.47]"
2023-11-27,63,"[4.269, 4.918699999999999, 4.993799999999999, 4.1078, 3.7986, 3.7452]","[5.49, 5.45, 5.24, 4.6, 4.38, 4.39]"
2023-11-28,63,"[4.231, 4.87, 4.9843, 4.087, 3.7625, 3.7126]","[5.47, 5.42, 5.21, 4.49, 4.29, 4.34]"
2023-11-29,63,"[4.166, 4.822, 4.9904, 4.1325, 3.8325, 3.8035]","[5.45, 5.38, 5.12, 4.4, 4.22, 4.27]"
2023-11-30,63,"[3.989, 4.782, 5.007000000000001, 4.1418, 3.8354, 3.7994]","[5.45, 5.38, 5.16, 4.48, 4.31, 4.37]"
2023-12-01,63,"[3.904, 4.801, 5.0523, 4.232, 3.9305, 3.9055]","[5.43, 5.33, 5.05, 4.31, 4.14, 4.22]"
2023-12-04,63,"[3.926, 4.805, 5.065, 4.313700000000001, 4.0042, 3.936]","[5.46, 5.41, 5.1, 4.4, 4.23, 4.28]"
2023-12-05,63,"[3.810000000000001, 4.767, 5.041, 4.2481, 3.943, 3.9]","[5.45, 5.37, 5.06, 4.33, 4.14, 4.18]"
2023-12-06,63,"[3.809, 4.7483, 5.0296, 4.2694, 3.9613, 3.905]","[5.45, 5.38, 5.07, 4.33, 4.12, 4.12]"
2023-12-07,63,"[3.811, 4.7795, 5.019, 4.239999999999999, 3.981500000000001, 3.9401]","[5.44, 5.36, 5.05, 4.31, 4.11, 4.14]"
2023-12-08,63,"[3.811, 4.795, 5.0245, 4.264, 4.002, 3.933]","[5.44, 5.39, 5.13, 4.45, 4.24, 4.23]"
2023-12-11,63,"[3.796, 4.7795, 5.0384, 4.2504, 3.986, 3.9114]","[5.47, 5.4, 5.14, 4.42, 4.25, 4.23]"
2023-12-12,63,"[3.831, 4.763, 5.0575, 4.3038, 4.0225, 3.951]","[5.46, 5.41, 5.14, 4.42, 4.23, 4.2]"
2023-12-13,63,"[3.83, 4.743, 5.0482, 4.342, 4.055, 3.998]","[5.44, 5.33, 4.94, 4.18, 4.0, 4.04]"
2023-12-14,63,"[3.882, 4.762, 5.050400000000001, 4.3580000000000005, 4.062, 3.9846]","[5.43, 5.31, 4.9, 4.09, 3.9, 3.92]"
2023-12-15,63,"[3.901, 4.7473, 5.049, 4.396, 4.099, 4.0233]","[5.44, 5.33, 4.95, 4.13, 3.91, 3.91]"
2023-12-18,63,"[3.886, 4.749, 5.056699999999999, 4.4213000000000005, 4.106199999999999, 4.004499999999999]","[5.46, 5.36, 4.95, 4.15, 3.94, 3.95]"
2023-12-19,63,"[3.850000000000001, 4.768, 5.0533, 4.4457, 4.191000000000001, 4.1416]","[5.43, 5.35, 4.93, 4.15, 3.94, 3.93]"
2023-12-20,63,"[3.797, 4.737299999999999, 5.0594, 4.3845, 4.1367, 4.0765]","[5.44, 5.33, 4.88, 4.06, 3.86, 3.86]"
2023-12-21,63,"[3.755, 4.721699999999999, 5.0564, 4.4081, 4.1793000000000005, 4.1835]","[5.42, 5.31, 4.84, 4.06, 3.87, 3.89]"
2023-12-22,63,"[3.735, 4.7090000000000005, 5.0655, 4.409, 4.1661, 4.179399999999999]","[5.44, 5.31, 4.82, 4.04, 3.87, 3.9]"
2023-12-25,63,"[3.854, 4.706, 5.0947000000000005, 4.4471, 4.2042, 4.2235000000000005]","[5.44, 5.31, 4.82, 4.04, 3.87, 3.9]"
2023-12-26,63,"[3.8729999999999993, 4.7278, 5.091, 4.364, 4.1217, 4.1754]","[5.45, 5.28, 4.83, 4.05, 3.89, 3.89]"
2023-12-27,63,"[3.843, 4.728, 5.107, 4.3024, 4.06, 4.1413]","[5.44, 5.26, 4.79, 3.97, 3.78, 3.79]"
2023-12-28,63,"[3.851, 4.7704, 5.101, 4.372, 4.177, 4.2483]","[5.45, 5.28, 4.82, 4.02, 3.83, 3.84]"
2023-12-29,63,"[3.856, 4.7607, 5.094, 4.426, 4.241, 4.353999999999999]","[5.4, 5.26, 4.79, 4.01, 3.84, 3.88]"
2024-01-01,63,"[3.876, 4.7233, 5.0203, 4.301699999999999, 4.1326, 4.250800000000001]","[5.4, 5.26, 4.79, 4.01, 3.84, 3.88]"
2024-01-02,63,"[3.879, 4.699599999999999, 4.997999999999999, 4.254, 4.0687, 4.218999999999999]","[5.46, 5.24, 4.8, 4.09, 3.93, 3.95]"
2024-01-03,63,"[3.718, 4.729, 5.02, 4.3265, 4.168, 4.3093]","[5.48, 5.25, 4.81, 4.07, 3.9, 3.91]"
2024-01-04,63,"[3.782, 4.7404, 5.0208, 4.3187, 4.16, 4.301]","[5.48, 5.25, 4.85, 4.14, 3.97, 3.99]"
2024-01-05,63,"[3.812, 4.69, 4.9542, 4.1614, 3.9994, 4.156000000000001]","[5.47, 5.24, 4.84, 4.17, 4.02, 4.05]"
2024-01-08,63,"[3.923, 4.67, 4.948, 4.136, 3.9547, 4.066]","[5.49, 5.24, 4.82, 4.11, 3.97, 4.01]"
2024-01-09,63,"[3.796, 4.704, 4.9752, 4.2306, 4.0655, 4.1995000000000005]","[5.47, 5.24, 4.82, 4.09, 3.97, 4.02]"
2024-01-10,63,"[3.832, 4.7053, 4.958, 4.1945, 4.006, 4.1105]","[5.46, 5.23, 4.82, 4.1, 3.99, 4.04]"
2024-01-11,63,"[3.929, 4.7157, 4.955, 4.2490000000000006, 4.0613, 4.1807]","[5.46, 5.22, 4.75, 4.02, 3.9, 3.98]"
2024-01-12,63,"[3.831, 4.7787, 5.0064, 4.4026, 4.220400000000001, 4.321]","[5.45, 5.16, 4.65, 3.92, 3.84, 3.96]"
2024-01-15,63,"[3.815, 4.786, 5.009799999999999, 4.4187, 4.275, 4.3934]","[5.45, 5.16, 4.65, 3.92, 3.84, 3.96]"
2024-01-16,63,"[3.8649999999999993, 4.7665, 4.9935, 4.3894, 4.293, 4.452]","[5.45, 5.18, 4.7, 4.02, 3.95, 4.07]"
2024-01-17,63,"[3.929, 4.7807, 4.9896, 4.3065, 4.1954, 4.395]","[5.47, 5.2, 4.8, 4.12, 4.02, 4.1]"
2024-01-18,63,"[4.036, 4.819299999999999, 4.9879, 4.2635, 4.143, 4.3260000000000005]","[5.45, 5.2, 4.8, 4.13, 4.04, 4.14]"
2024-01-19,63,"[4.042, 4.837000000000001, 4.9935, 4.271, 4.133500000000001, 4.2743]","[5.45, 5.21, 4.84, 4.18, 4.08, 4.15]"
2024-01-22,63,"[3.944, 4.836600000000001, 4.995699999999999, 4.347700000000001, 4.213699999999999, 4.4104]","[5.46, 5.22, 4.83, 4.14, 4.03, 4.11]"
2024-01-23,63,"[4.016, 4.8474, 4.9764, 4.2557, 4.11, 4.3136]","[5.45, 5.21, 4.81, 4.16, 4.06, 4.14]"
2024-01-24,63,"[4.009, 4.8366, 4.9842, 4.1896, 4.0603, 4.276]","[5.44, 5.22, 4.83, 4.19, 4.06, 4.18]"
2024-01-25,63,"[3.915, 4.803, 4.9886, 4.2323, 4.1223, 4.3404]","[5.44, 5.19, 4.76, 4.12, 4.01, 4.14]"
2024-01-26,63,"[4.007, 4.8193, 5.025, 4.2667, 4.147600000000001, 4.339]","[5.44, 5.19, 4.78, 4.15, 4.04, 4.15]"
2024-01-29,63,"[3.993, 4.7766, 4.9689, 4.1247, 3.984, 4.207999999999999]","[5.42, 5.19, 4.76, 4.1, 3.97, 4.08]"
2024-01-30,63,"[4.22, 4.7940000000000005, 4.9955, 4.105, 3.91, 4.0557]","[5.42, 5.19, 4.8, 4.14, 4.0, 4.06]"
2024-01-31,63,"[4.1160000000000005, 4.8035000000000005, 4.9638, 3.9393, 3.7097, 3.909]","[5.42, 5.18, 4.73, 4.05, 3.91, 3.99]"
2024-02-01,63,"[3.7559999999999993, 4.795999999999999, 5.0143, 4.103, 3.875, 4.053]","[5.42, 5.15, 4.68, 3.96, 3.8, 3.87]"
2024-02-02,63,"[3.641, 4.77, 5.0282, 4.064299999999999, 3.8396, 3.984]","[5.43, 5.22, 4.81, 4.14, 3.99, 4.03]"
2024-02-05,63,"[3.676, 4.7515, 5.028, 4.077, 3.8196, 3.8914]","[5.42, 5.25, 4.87, 4.27, 4.13, 4.17]"
2024-02-06,63,"[3.742, 4.8355, 5.1105, 4.194299999999999, 3.95, 4.0043]","[5.44, 5.23, 4.82, 4.14, 4.03, 4.09]"
2024-02-07,63,"[4.284000000000001, 5.0376, 5.1908, 4.217499999999999, 3.911000000000001, 3.95]","[5.43, 5.23, 4.83, 4.16, 4.06, 4.09]"
2024-02-08,63,"[4.011, 5.2338000000000005, 5.2817, 4.253, 3.9334, 3.9733]","[5.44, 5.24, 4.83, 4.22, 4.12, 4.15]"
2024-02-09,63,"[4.5215, 5.42637, 5.2907, 4.0688, 3.719, 3.792]","[5.44, 5.26, 4.86, 4.25, 4.14, 4.17]"
2024-02-12,63,"[4.263, 5.4173800000000005, 5.31623, 4.2098, 3.8457, 3.9074]","[5.43, 5.27, 4.87, 4.25, 4.13, 4.17]"
2024-02-13,63,"[4.6247, 5.5909, 5.3943, 4.159, 3.7757, 3.836]","[5.45, 5.32, 4.99, 4.44, 4.31, 4.31]"
2024-02-14,63,"[5.54218, 5.7286, 5.4475, 4.2135, 3.7864, 3.8126000000000007]","[5.43, 5.31, 4.94, 4.38, 4.25, 4.27]"
2024-02-15,63,"[5.4063, 5.9803, 5.5657, 4.2128, 3.774000000000001, 3.785]","[5.43, 5.3, 4.93, 4.36, 4.22, 4.24]"
2024-02-16,63,"[5.8115000000000006, 6.2154, 5.6826, 4.2125, 3.745, 3.769]","[5.44, 5.31, 4.98, 4.43, 4.29, 4.3]"
2024-02-19,63,"[5.489, 6.3404, 5.7795, 4.242, 3.771, 3.773]","[5.44, 5.31, 4.98, 4.43, 4.29, 4.3]"
2024-02-20,63,"[5.89, 6.567, 5.9075, 4.2745, 3.7886000000000006, 3.7823]","[5.44, 5.32, 4.97, 4.38, 4.25, 4.27]"
2024-02-21,63,"[6.8870000000000005, 6.5955, 5.916499999999999, 4.2923, 3.795, 3.792]","[5.44, 5.32, 4.98, 4.43, 4.3, 4.32]"
2024-02-22,63,"[7.43, 6.785, 5.977, 4.219099999999999, 3.6583, 3.6727]","[5.45, 5.32, 5.02, 4.49, 4.33, 4.33]"
2024-02-23,63,"[8.472, 7.147, 6.074, 4.1582, 3.597, 3.6276]","[5.46, 5.32, 5.0, 4.45, 4.28, 4.26]"
2024-02-26,63,"[9.645, 7.474, 6.0804, 4.112, 3.558, 3.5693]","[5.47, 5.34, 5.03, 4.48, 4.29, 4.28]"
2024-02-27,63,"[10.868, 7.56, 6.115600000000001, 4.2083, 3.661, 3.68]","[5.45, 5.33, 5.03, 4.5, 4.32, 4.31]"
2024-02-28,63,"[11.41, 7.809, 6.103, 4.0936, 3.534, 3.5594]","[5.45, 5.31, 5.0, 4.44, 4.26, 4.27]"
2024-02-29,63,"[9.522, 7.732, 6.176, 4.1562, 3.5780000000000003, 3.5780000000000003]","[5.45, 5.3, 5.01, 4.43, 4.26, 4.25]"
2024-03-01,63,"[8.893, 7.63, 6.188, 4.1197, 3.5213, 3.5047]","[5.42, 5.27, 4.94, 4.32, 4.17, 4.19]"
2024-03-04,63,"[9.567, 7.442, 6.118, 4.1123, 3.505, 3.448]","[5.48, 5.37, 4.98, 4.39, 4.21, 4.22]"
2024-03-05,63,"[9.772, 7.483, 6.113, 4.084199999999999, 3.4840000000000004, 3.4559999999999995]","[5.47, 5.35, 4.94, 4.32, 4.13, 4.13]"
2024-03-06,63,"[10.252, 7.367999999999999, 6.1017, 4.1722, 3.577, 3.5186]","[5.47, 5.35, 4.95, 4.32, 4.12, 4.11]"
2024-03-07,63,"[8.429, 7.32, 6.126, 4.0975, 3.533, 3.4776000000000007]","[5.47, 5.34, 4.93, 4.28, 4.07, 4.09]"
2024-03-08,63,"[7.907, 7.283, 6.1395, 4.0916, 3.5112000000000005, 3.4490000000000003]","[5.46, 5.34, 4.92, 4.25, 4.06, 4.09]"
2024-03-11,63,"[8.32, 7.226, 5.932, 3.8529, 3.2812, 3.2856]","[5.48, 5.35, 4.95, 4.26, 4.08, 4.1]"
2024-03-12,63,"[9.229, 7.382, 5.912000000000001, 3.7616, 3.192, 3.1666]","[5.48, 5.37, 5.0, 4.33, 4.15, 4.16]"
2024-03-13,63,"[7.967, 7.257, 5.961, 3.7672, 3.152, 3.1146000000000003]","[5.48, 5.37, 5.01, 4.37, 4.19, 4.19]"
2024-03-14,63,"[6.031, 7.067, 5.95, 3.785, 3.187, 3.1717000000000004]","[5.48, 5.38, 5.04, 4.46, 4.29, 4.29]"
2024-03-15,63,"[6.2186, 6.837, 5.847, 3.810000000000001, 3.2344, 3.197]","[5.48, 5.38, 5.05, 4.51, 4.33, 4.31]"
2024-03-18,63,"[5.312600000000001, 6.572, 5.699, 3.7001, 3.1466, 3.131]","[5.48, 5.39, 5.06, 4.52, 4.36, 4.34]"
2024-03-19,63,"[5.812, 6.329, 5.54, 3.7153, 3.196, 3.1996]","[5.48, 5.39, 5.06, 4.47, 4.31, 4.3]"
2024-03-20,63,"[4.804, 6.004, 5.390000000000001, 3.6916, 3.2123, 3.2286]","[5.47, 5.36, 5.01, 4.41, 4.25, 4.27]"
2024-03-21,63,"[5.32995, 5.856999999999999, 5.3063, 3.7136, 3.2567000000000004, 3.27]","[5.48, 5.36, 5.01, 4.42, 4.26, 4.27]"
2024-03-22,63,"[5.101, 5.687, 5.2238, 3.7146, 3.2767, 3.269]","[5.46, 5.34, 4.98, 4.36, 4.2, 4.22]"
2024-03-25,63,"[5.608700000000001, 5.6465, 5.1723, 3.6707, 3.2063, 3.1977]","[5.46, 5.36, 5.0, 4.39, 4.23, 4.25]"
2024-03-26,63,"[5.1604, 5.6008, 5.1747000000000005, 3.7038, 3.2406, 3.2375]","[5.46, 5.36, 5.0, 4.38, 4.22, 4.24]"
2024-03-27,63,"[5.33823, 5.584, 5.1567, 3.7075, 3.266, 3.289]","[5.45, 5.36, 4.99, 4.36, 4.18, 4.2]"
2024-03-28,63,"[5.952, 5.580299999999999, 5.1223, 3.7038, 3.2672, 3.288]","[5.46, 5.38, 5.03, 4.4, 4.21, 4.2]"
2024-03-29,63,"[5.42817, 5.5015, 5.103, 3.7619, 3.3406, 3.3504]","[5.46, 5.38, 5.03, 4.4, 4.21, 4.2]"
2024-04-01,63,"[4.6084000000000005, 5.4764, 5.1137, 3.7504, 3.33, 3.342]","[5.44, 5.36, 5.06, 4.51, 4.34, 4.33]"
2024-04-02,63,"[4.680000000000001, 5.4081, 5.114999999999999, 3.8165, 3.4173, 3.4495000000000005]","[5.42, 5.34, 5.05, 4.51, 4.35, 4.36]"
2024-04-03,63,"[4.7527, 5.4246, 5.0884, 3.8433, 3.475, 3.5217]","[5.42, 5.33, 5.03, 4.48, 4.34, 4.36]"
2024-04-04,63,"[4.2490000000000006, 5.3994, 5.0496, 3.7985, 3.4560000000000004, 3.5142]","[5.41, 5.32, 5.0, 4.46, 4.3, 4.31]"
2024-04-05,63,"[4.376, 5.3126, 5.001, 3.793, 3.491, 3.556]","[5.43, 5.34, 5.05, 4.54, 4.38, 4.39]"
2024-04-08,63,"[4.682, 5.2526600000000006, 4.955, 3.8102, 3.5298000000000003, 3.5908]","[5.43, 5.35, 5.07, 4.6, 4.43, 4.42]"
2024-04-09,63,"[4.731, 5.19989, 4.8435, 3.7263, 3.447, 3.5405]","[5.43, 5.34, 5.03, 4.52, 4.37, 4.36]"
2024-04-10,63,"[4.7700000000000005, 5.0324, 4.66387, 3.6224, 3.4037, 3.5408]","[5.45, 5.4, 5.19, 4.77, 4.61, 4.55]"
2024-04-11,63,"[4.7127, 4.9348, 4.5991, 3.6273, 3.426, 3.5625]","[5.45, 5.38, 5.17, 4.77, 4.61, 4.56]"
2024-04-12,63,"[4.791, 4.8904, 4.603800000000001, 3.7268, 3.5489, 3.6843]","[5.45, 5.36, 5.13, 4.7, 4.54, 4.5]"
2024-04-15,63,"[4.455, 4.939, 4.7111, 3.8324, 3.6262, 3.725]","[5.45, 5.38, 5.16, 4.78, 4.65, 4.63]"
2024-04-16,63,"[4.315, 4.9750000000000005, 4.731339999999999, 3.8453, 3.6496, 3.7723]","[5.45, 5.39, 5.18, 4.83, 4.69, 4.67]"
2024-04-17,63,"[4.398, 4.9797, 4.7576, 3.8902, 3.6894, 3.7867]","[5.45, 5.38, 5.16, 4.77, 4.62, 4.59]"
2024-04-18,63,"[4.249, 5.0644, 4.76945, 3.8524, 3.6404, 3.753]","[5.46, 5.39, 5.18, 4.83, 4.68, 4.64]"
2024-04-19,63,"[4.284000000000001, 5.0628, 4.7653, 3.8763, 3.6738, 3.7882]","[5.45, 5.39, 5.17, 4.81, 4.66, 4.62]"
2024-04-22,63,"[4.5120000000000005, 5.0203, 4.74223, 3.8912, 3.6667, 3.8253]","[5.42, 5.39, 5.16, 4.81, 4.66, 4.62]"
2024-04-23,63,"[4.6524, 5.0109, 4.6932, 3.8182, 3.605, 3.7704]","[5.45, 5.39, 5.14, 4.76, 4.63, 4.61]"
2024-04-24,63,"[4.890700000000001, 4.9794, 4.6814, 3.835500000000001, 3.6254, 3.770000000000001]","[5.46, 5.4, 5.17, 4.78, 4.64, 4.65]"
2024-04-25,63,"[4.646, 4.971900000000001, 4.68834, 3.7868, 3.5493, 3.69]","[5.47, 5.41, 5.21, 4.85, 4.7, 4.7]"
2024-04-26,63,"[4.545, 4.913, 4.67964, 3.8282, 3.593, 3.6848]","[5.46, 5.4, 5.21, 4.84, 4.68, 4.67]"
2024-04-29,63,"[4.6617, 4.8992, 4.62197, 3.7373, 3.5006000000000004, 3.61]","[5.45, 5.43, 5.2, 4.8, 4.65, 4.63]"
2024-04-30,63,"[4.832, 4.8563, 4.56007, 3.6392, 3.3825, 3.4808000000000003]","[5.46, 5.44, 5.25, 4.87, 4.72, 4.69]"
2024-05-01,63,"[4.5, 4.8733, 4.669499999999999, 3.8107, 3.567, 3.64]","[5.46, 5.43, 5.21, 4.79, 4.64, 4.63]"
2024-05-02,63,"[4.543, 4.8657, 4.6725, 3.9319, 3.7096, 3.7862]","[5.46, 5.42, 5.16, 4.71, 4.57, 4.58]"
2024-05-03,63,"[4.309, 4.8616, 4.649100000000001, 3.8019, 3.6081, 3.7087]","[5.45, 5.41, 5.12, 4.63, 4.48, 4.5]"
2024-05-06,63,"[4.375, 4.8052, 4.6071, 3.817, 3.6457, 3.718]","[5.45, 5.42, 5.12, 4.64, 4.48, 4.49]"
2024-05-07,63,"[4.248, 4.8525, 4.6133, 3.8711, 3.7018, 3.7823]","[5.45, 5.41, 5.13, 4.6, 4.48, 4.47]"
2024-05-08,63,"[4.376, 4.8193, 4.5817000000000005, 3.893, 3.7257, 3.81]","[5.45, 5.41, 5.13, 4.63, 4.5, 4.48]"
2024-05-09,63,"[4.5794, 4.8096, 4.5487, 3.884, 3.7157, 3.8114]","[5.46, 5.41, 5.12, 4.6, 4.47, 4.45]"
2024-05-10,63,"[4.5022, 4.8676, 4.6511000000000005, 4.0723, 3.8964, 3.9555]","[5.47, 5.43, 5.17, 4.65, 4.52, 4.5]"
2024-05-13,63,"[4.598, 4.879, 4.6055, 4.0182, 3.846, 3.9223]","[5.45, 5.43, 5.16, 4.66, 4.5, 4.48]"
2024-05-14,63,"[4.7103, 4.8796, 4.5965, 4.0, 3.82, 3.895000000000001]","[5.44, 5.43, 5.16, 4.62, 4.46, 4.45]"
2024-05-15,63,"[4.5704, 4.883699999999999, 4.629200000000001, 4.0706, 3.8942, 3.9638]","[5.45, 5.4, 5.1, 4.51, 4.35, 4.36]"
2024-05-16,63,"[4.7256, 4.928, 4.6465000000000005, 4.0726, 3.8984, 3.9685]","[5.45, 5.41, 5.13, 4.58, 4.4, 4.38]"
2024-05-17,63,"[4.8697, 4.9687, 4.6426, 4.0138, 3.8506, 3.933]","[5.46, 5.41, 5.14, 4.6, 4.44, 4.42]"
2024-05-20,63,"[4.888, 4.9430000000000005, 4.62, 4.0533, 3.895, 3.9806]","[5.45, 5.43, 5.15, 4.62, 4.46, 4.44]"
2024-05-21,63,"[4.6610000000000005, 4.913, 4.634, 4.1123, 3.9233, 3.993]","[5.45, 5.42, 5.14, 4.61, 4.43, 4.41]"
2024-05-22,63,"[4.5835, 4.926, 4.6262, 4.0726, 3.8738, 3.9265]","[5.45, 5.43, 5.16, 4.64, 4.47, 4.43]"
2024-05-23,63,"[4.5716, 4.9396, 4.6526000000000005, 4.1052, 3.8916, 3.9614]","[5.46, 5.44, 5.2, 4.71, 4.52, 4.47]"
2024-05-24,63,"[4.5687, 4.941, 4.6653, 4.1296, 3.9294, 3.9965]","[5.46, 5.44, 5.21, 4.71, 4.53, 4.46]"
2024-05-27,63,"[4.5745000000000005, 4.9362, 4.6543, 4.0738, 3.873, 3.9595]","[5.46, 5.44, 5.21, 4.71, 4.53, 4.46]"
2024-05-28,63,"[4.611000000000001, 4.924799999999999, 4.656499999999999, 4.062799999999999, 3.874, 3.9426]","[5.46, 5.43, 5.21, 4.75, 4.56, 4.54]"
2024-05-29,63,"[4.72, 4.916, 4.6000000000000005, 3.9623, 3.7928, 3.885]","[5.46, 5.43, 5.22, 4.79, 4.63, 4.61]"
2024-05-30,63,"[4.6675, 5.007, 4.6370000000000005, 4.0314, 3.8299, 3.916]","[5.46, 5.42, 5.19, 4.74, 4.57, 4.55]"
2024-05-31,63,"[4.7185, 4.9933, 4.6080000000000005, 3.9684, 3.7562, 3.829]","[5.46, 5.42, 5.18, 4.69, 4.52, 4.51]"
2024-06-03,63,"[4.747999999999999, 4.989, 4.613, 3.9711, 3.75, 3.813]","[5.52, 5.39, 5.14, 4.62, 4.42, 4.41]"
2024-06-04,63,"[4.8513, 4.9923, 4.5904, 3.9338, 3.704, 3.7934]","[5.52, 5.38, 5.11, 4.55, 4.35, 4.33]"
2024-06-05,63,"[4.9146, 4.9887, 4.5765, 3.897, 3.685, 3.7836]","[5.51, 5.37, 5.08, 4.5, 4.31, 4.29]"
2024-06-06,63,"[4.8184000000000005, 4.978199999999999, 4.605, 3.8996, 3.696, 3.7887]","[5.51, 5.36, 5.08, 4.49, 4.29, 4.28]"
2024-06-07,63,"[4.801, 4.9884, 4.651, 3.9682, 3.7674, 3.8517]","[5.52, 5.4, 5.17, 4.65, 4.46, 4.43]"
2024-06-10,63,"[4.8180000000000005, 4.9674000000000005, 4.6528, 4.0004, 3.799900000000001, 3.876]","[5.52, 5.4, 5.16, 4.62, 4.48, 4.47]"
2024-06-11,63,"[4.807600000000001, 4.9716, 4.678, 4.085, 3.8957, 3.9736]","[5.52, 5.39, 5.17, 4.57, 4.41, 4.39]"
2024-06-12,63,"[4.795400000000001, 4.962, 4.6816, 4.1272, 3.929, 3.9887]","[5.51, 5.38, 5.13, 4.48, 4.32, 4.31]"
2024-06-13,63,"[4.7754, 4.959, 4.683, 4.126, 3.949, 4.0116]","[5.51, 5.36, 5.07, 4.42, 4.24, 4.24]"
2024-06-14,63,"[4.706600000000001, 4.94, 4.6808, 4.0655, 3.8874, 3.9597]","[5.51, 5.36, 5.07, 4.41, 4.22, 4.2]"
2024-06-17,63,"[4.6433, 4.869000000000001, 4.6247, 3.9945, 3.813, 3.9148]","[5.52, 5.39, 5.11, 4.5, 4.3, 4.28]"
2024-06-18,63,"[4.5156, 4.838500000000001, 4.6216, 3.9971, 3.8105, 3.904]","[5.5, 5.37, 5.09, 4.43, 4.24, 4.22]"
2024-06-19,63,"[4.467, 4.7765, 4.593, 3.936, 3.7488, 3.8484]","[5.5, 5.37, 5.09, 4.43, 4.24, 4.22]"
2024-06-20,63,"[4.5328, 4.75, 4.6033, 3.9625, 3.775700000000001, 3.8733]","[5.5, 5.37, 5.1, 4.45, 4.26, 4.25]"
2024-06-21,63,"[4.519, 4.720000000000001, 4.61, 3.9576, 3.7652, 3.854]","[5.49, 5.36, 5.1, 4.45, 4.26, 4.25]"
2024-06-24,63,"[4.4705, 4.6784, 4.6074, 3.941, 3.7213, 3.8028]","[5.5, 5.37, 5.1, 4.46, 4.27, 4.25]"
2024-06-25,63,"[4.334, 4.691, 4.6382, 3.9842, 3.751, 3.8064]","[5.49, 5.37, 5.1, 4.45, 4.25, 4.23]"
2024-06-26,63,"[4.2940000000000005, 4.7, 4.6433, 3.9767, 3.7427, 3.7986]","[5.5, 5.36, 5.13, 4.53, 4.32, 4.32]"
2024-06-27,63,"[4.259, 4.6256, 4.627999999999999, 4.0508, 3.8432, 3.91]","[5.49, 5.35, 5.1, 4.49, 4.29, 4.29]"
2024-06-28,63,"[4.128, 4.56, 4.6364, 4.036099999999999, 3.833, 3.914400000000001]","[5.48, 5.33, 5.09, 4.52, 4.33, 4.36]"
2024-07-01,63,"[3.968, 4.4862, 4.6474, 3.988, 3.7936, 3.88]","[5.47, 5.37, 5.1, 4.58, 4.44, 4.48]"
2024-07-02,63,"[3.735, 4.4157, 4.6775, 3.969, 3.736, 3.802]","[5.47, 5.36, 5.07, 4.54, 4.39, 4.43]"
2024-07-03,63,"[3.035, 4.318, 4.7238, 4.0273, 3.7897, 3.86]","[5.47, 5.36, 5.04, 4.48, 4.33, 4.36]"
2024-07-04,63,"[2.922, 4.234, 4.6696, 4.025, 3.79, 3.8575]","[5.47, 5.36, 5.04, 4.48, 4.33, 4.36]"
2024-07-05,63,"[2.79, 4.166, 4.6738, 3.941, 3.71, 3.770000000000001]","[5.46, 5.34, 4.98, 4.39, 4.22, 4.28]"
2024-07-08,63,"[2.313, 4.158, 4.792800000000001, 4.128399999999999, 3.8854, 3.9167]","[5.46, 5.33, 4.99, 4.4, 4.23, 4.28]"
2024-07-09,63,"[2.157, 4.103, 4.785, 4.097, 3.840500000000001, 3.8847]","[5.46, 5.34, 5.02, 4.37, 4.24, 4.3]"
2024-07-10,63,"[2.204, 4.021000000000001, 4.8302, 4.0354, 3.7534, 3.79]","[5.46, 5.33, 5.01, 4.38, 4.24, 4.28]"
2024-07-11,63,"[2.491, 3.9005, 4.836, 4.050000000000001, 3.803, 3.8663]","[5.44, 5.25, 4.91, 4.26, 4.13, 4.2]"
2024-07-12,63,"[3.007, 3.83, 4.8453, 4.043, 3.783300000000001, 3.852]","[5.43, 5.23, 4.87, 4.22, 4.1, 4.18]"
2024-07-15,63,"[3.638, 4.02, 5.0411, 4.05, 3.7216, 3.755]","[5.43, 5.23, 4.85, 4.23, 4.13, 4.23]"
2024-07-16,63,"[2.89, 4.1605, 5.16944, 4.1073, 3.7513, 3.78]","[5.43, 5.23, 4.85, 4.21, 4.09, 4.17]"
2024-07-17,63,"[3.4690000000000003, 4.316, 5.2456, 4.112, 3.724, 3.7445]","[5.43, 5.23, 4.85, 4.19, 4.07, 4.16]"
2024-07-18,63,"[4.627, 4.551, 5.383, 4.1913, 3.762, 3.756]","[5.43, 5.23, 4.86, 4.24, 4.11, 4.2]"
2024-07-19,63,"[3.5360000000000005, 4.6376, 5.5077, 4.291, 3.864, 3.835]","[5.43, 5.24, 4.87, 4.28, 4.16, 4.25]"
2024-07-22,63,"[3.122, 4.518700000000001, 5.4222, 4.388, 4.008699999999999, 3.9864000000000006]","[5.43, 5.24, 4.88, 4.29, 4.17, 4.26]"
2024-07-23,63,"[3.253, 4.5565, 5.3423, 4.4943, 4.1546, 4.133]","[5.41, 5.22, 4.85, 4.26, 4.15, 4.25]"
2024-07-24,63,"[3.473, 4.494000000000001, 5.3205, 4.4843, 4.121, 4.078]","[5.4, 5.19, 4.82, 4.24, 4.12, 4.28]"
2024-07-25,63,"[3.98, 4.5028, 5.3821, 4.473599999999999, 4.074000000000001, 4.005]","[5.39, 5.19, 4.83, 4.26, 4.13, 4.27]"
2024-07-26,63,"[4.035, 4.6160000000000005, 5.4186, 4.5905000000000005, 4.2176, 4.1450000000000005]","[5.38, 5.18, 4.79, 4.2, 4.06, 4.2]"
2024-07-29,63,"[4.103, 4.698, 5.4134, 4.5224, 4.1376, 4.085]","[5.41, 5.18, 4.79, 4.19, 4.05, 4.17]"
2024-07-30,63,"[4.087, 4.6676, 5.3752, 4.4493, 4.060700000000001, 4.0243]","[5.4, 5.16, 4.78, 4.16, 4.03, 4.15]"
2024-07-31,63,"[4.03, 4.6327, 5.3473, 4.3842, 3.973700000000001, 3.943]","[5.41, 5.14, 4.73, 4.1, 3.97, 4.09]"
2024-08-01,63,"[3.962, 4.6246, 5.3608, 4.4117, 3.981500000000001, 3.936]","[5.37, 5.08, 4.62, 3.96, 3.84, 3.99]"
2024-08-02,63,"[4.208, 4.5814, 5.3011, 4.3832, 4.0186, 3.9505]","[5.29, 4.88, 4.33, 3.7, 3.62, 3.8]"
2024-08-05,63,"[3.687, 4.4456, 5.20104, 4.3754, 4.0076, 3.943000000000001]","[5.35, 4.91, 4.34, 3.71, 3.62, 3.78]"
2024-08-06,63,"[3.437, 4.461, 5.1879, 4.3535, 3.992, 3.9334]","[5.34, 5.0, 4.46, 3.76, 3.73, 3.9]"
2024-08-07,63,"[3.482, 4.513999999999999, 5.16537, 4.404400000000001, 4.0722, 4.0234]","[5.34, 4.99, 4.45, 3.81, 3.79, 3.96]"
2024-08-08,63,"[2.962, 4.4324, 5.07327, 4.3726, 4.014, 3.971000000000001]","[5.34, 5.01, 4.48, 3.86, 3.83, 3.99]"
2024-08-09,63,"[2.905, 4.3, 5.0038, 4.323, 3.9666, 3.935400000000001]","[5.33, 5.02, 4.5, 3.86, 3.8, 3.94]"
2024-08-12,63,"[2.905, 4.298, 4.911499999999999, 4.231, 3.8952, 3.889]","[5.33, 5.02, 4.47, 3.82, 3.75, 3.9]"
2024-08-13,63,"[3.2550000000000003, 4.329000000000001, 4.8414, 4.2756, 3.9542, 3.9315]","[5.32, 4.97, 4.4, 3.75, 3.68, 3.85]"
2024-08-14,63,"[3.347, 4.4237, 4.835999999999999, 4.3004, 4.0132, 3.9981]","[5.32, 5.0, 4.42, 3.76, 3.67, 3.83]"
2024-08-15,63,"[3.59, 4.537, 4.8387, 4.3256, 4.052, 4.034000000000001]","[5.34, 5.04, 4.52, 3.9, 3.79, 3.92]"
2024-08-16,63,"[3.726, 4.6095, 4.8163, 4.2860000000000005, 3.9984, 3.9947]","[5.33, 5.02, 4.49, 3.87, 3.77, 3.89]"
2024-08-19,63,"[3.909, 4.651, 4.8138000000000005, 4.307, 4.0388, 4.0176]","[5.31, 5.0, 4.48, 3.86, 3.75, 3.86]"
2024-08-20,63,"[3.683, 4.6763, 4.8465, 4.3963, 4.118099999999999, 4.0867]","[5.29, 4.97, 4.43, 3.8, 3.7, 3.82]"
2024-08-21,63,"[3.865, 4.696000000000001, 4.8687, 4.437, 4.182300000000001, 4.118]","[5.26, 4.92, 4.36, 3.74, 3.64, 3.79]"
2024-08-22,63,"[3.977, 4.7374, 4.9058, 4.4685, 4.214300000000001, 4.1387]","[5.28, 4.96, 4.43, 3.82, 3.72, 3.86]"
2024-08-23,63,"[3.953, 4.747, 4.9212, 4.5336, 4.274, 4.2402]","[5.25, 4.92, 4.36, 3.73, 3.65, 3.81]"
2024-08-26,63,"[4.015, 4.7147, 4.925599999999999, 4.5898, 4.3685, 4.3273]","[5.24, 4.91, 4.38, 3.74, 3.66, 3.82]"
2024-08-27,63,"[4.047, 4.7154, 4.906300000000001, 4.539000000000001, 4.3058000000000005, 4.264]","[5.23, 4.89, 4.34, 3.72, 3.66, 3.83]"
2024-08-28,63,"[4.017, 4.728, 4.909199999999999, 4.499300000000001, 4.2624, 4.225]","[5.21, 4.87, 4.36, 3.72, 3.63, 3.84]"
2024-08-29,63,"[3.906, 4.6844, 4.8568, 4.4503, 4.182, 4.1456]","[5.22, 4.89, 4.38, 3.76, 3.66, 3.87]"
2024-08-30,63,"[3.947, 4.655, 4.82, 4.3942, 4.1289, 4.0806]","[5.21, 4.89, 4.38, 3.79, 3.71, 3.91]"
2024-09-02,63,"[3.994, 4.644, 4.7904, 4.3534, 4.1, 4.0506]","[5.21, 4.89, 4.38, 3.79, 3.71, 3.91]"
2024-09-03,63,"[3.988, 4.628, 4.7778, 4.3363000000000005, 4.0732, 4.036700000000001]","[5.19, 4.8, 4.35, 3.73, 3.65, 3.84]"
2024-09-04,63,"[3.97, 4.6690000000000005, 4.837, 4.4839, 4.2382, 4.1938]","[5.18, 4.74, 4.23, 3.63, 3.56, 3.77]"
2024-09-05,63,"[4.005, 4.680300000000001, 4.8238, 4.4458, 4.250100000000001, 4.2271]","[5.15, 4.73, 4.21, 3.61, 3.54, 3.73]"
2024-09-06,63,"[4.013, 4.659, 4.811, 4.3832, 4.1757, 4.149299999999999]","[5.13, 4.69, 4.1, 3.54, 3.5, 3.72]"
2024-09-09,63,"[4.077999999999999, 4.674, 4.7792, 4.271100000000001, 4.0617, 4.050999999999999]","[5.11, 4.68, 4.12, 3.54, 3.49, 3.7]"
2024-09-10,63,"[4.111, 4.6813, 4.7311000000000005, 4.1978, 3.9673, 3.9712]","[5.06, 4.65, 4.07, 3.42, 3.43, 3.65]"
2024-09-11,63,"[4.133, 4.7033000000000005, 4.7397, 4.1770000000000005, 3.936, 3.924]","[5.1, 4.72, 4.12, 3.45, 3.45, 3.65]"
2024-09-12,63,"[4.121, 4.7333, 4.7653, 4.2607, 4.0146, 4.0105]","[5.06, 4.68, 4.09, 3.47, 3.47, 3.68]"
2024-09-13,63,"[4.146, 4.718, 4.7494, 4.1925, 3.953, 3.9466]","[4.97, 4.6, 4.0, 3.42, 3.43, 3.66]"
2024-09-16,63,"[4.167, 4.7103, 4.7455, 4.1934, 3.955, 3.9492]","[4.96, 4.55, 3.96, 3.42, 3.41, 3.63]"
2024-09-17,63,"[4.19, 4.6967, 4.7418, 4.2112, 3.9783, 3.9854]","[4.95, 4.55, 3.99, 3.45, 3.44, 3.65]"
2024-09-18,63,"[4.221, 4.694500000000001, 4.7338, 4.2006000000000006, 3.9704, 3.9805]","[4.84, 4.5, 3.95, 3.49, 3.47, 3.7]"
2024-09-19,63,"[4.241, 4.7255, 4.7443, 4.2112, 3.979, 3.9834]","[4.8, 4.46, 3.93, 3.47, 3.49, 3.73]"
2024-09-20,63,"[4.2700000000000005, 4.737, 4.739199999999999, 4.187, 3.9478, 3.957]","[4.75, 4.43, 3.92, 3.46, 3.48, 3.73]"
2024-09-23,63,"[4.255, 4.7243, 4.7428, 4.2426, 4.0014, 4.0440000000000005]","[4.72, 4.4, 3.91, 3.47, 3.51, 3.75]"
2024-09-24,63,"[4.291, 4.739, 4.7218, 4.1829, 3.9484, 3.9948]","[4.69, 4.36, 3.88, 3.44, 3.47, 3.74]"
2024-09-25,63,"[4.244000000000001, 4.7084, 4.6928, 4.1972, 3.9767, 4.059]","[4.69, 4.36, 3.89, 3.49, 3.52, 3.79]"
2024-09-26,63,"[4.209, 4.7357000000000005, 4.6918, 4.245, 4.078, 4.175000000000001]","[4.68, 4.38, 3.96, 3.54, 3.55, 3.79]"
2024-09-27,63,"[4.221, 4.726, 4.686, 4.2158, 4.0328, 4.1217]","[4.68, 4.35, 3.9, 3.49, 3.5, 3.75]"
2024-09-30,63,"[4.276, 4.729, 4.687, 4.1785000000000005, 3.9848, 4.0526]","[4.73, 4.38, 3.98, 3.58, 3.58, 3.81]"
2024-10-01,63,"[4.263999999999999, 4.7330000000000005, 4.719, 4.207800000000001, 4.003, 4.0595]","[4.71, 4.36, 3.96, 3.52, 3.51, 3.74]"
2024-10-02,63,"[4.361, 4.731, 4.688000000000001, 4.1385, 3.9058, 3.98]","[4.69, 4.36, 3.97, 3.54, 3.55, 3.79]"
2024-10-03,63,"[4.2940000000000005, 4.6933, 4.7022, 4.153300000000001, 3.9158, 3.9753]","[4.68, 4.37, 4.02, 3.62, 3.62, 3.85]"
2024-10-04,63,"[4.214, 4.688, 4.7375, 4.1273, 3.9253, 3.992]","[4.73, 4.45, 4.2, 3.84, 3.81, 3.98]"
2024-10-07,63,"[4.1475, 4.6923, 4.7635, 4.1525, 3.9304, 3.97]","[4.77, 4.45, 4.24, 3.89, 3.86, 4.03]"
2024-10-08,63,"[4.2940000000000005, 4.6577, 4.6892000000000005, 4.0409, 3.828, 3.8948]","[4.75, 4.44, 4.21, 3.86, 3.86, 4.04]"
2024-10-09,63,"[4.345, 4.6416, 4.6459, 4.003699999999999, 3.7995, 3.8712]","[4.75, 4.46, 4.24, 3.89, 3.91, 4.06]"
2024-10-10,63,"[4.455, 4.6665, 4.6399, 4.0247, 3.8375, 3.923000000000001]","[4.75, 4.45, 4.22, 3.88, 3.91, 4.09]"
2024-10-11,63,"[4.551, 4.688000000000001, 4.6494, 4.0168, 3.8075, 3.867]","[4.73, 4.44, 4.18, 3.85, 3.88, 4.08]"
2024-10-14,63,"[4.6053, 4.6973, 4.6542, 4.0068, 3.7968, 3.8617]","[4.73, 4.44, 4.18, 3.85, 3.88, 4.08]"
2024-10-15,63,"[4.4373, 4.6275, 4.6425, 4.0518, 3.834400000000001, 3.8982]","[4.73, 4.42, 4.18, 3.86, 3.86, 4.03]"
2024-10-16,63,"[4.5164, 4.644, 4.6403, 4.0781, 3.8753, 3.947]","[4.72, 4.42, 4.17, 3.84, 3.84, 4.02]"
2024-10-17,63,"[4.585, 4.651, 4.6395, 4.0647, 3.863, 3.9426]","[4.74, 4.45, 4.21, 3.89, 3.9, 4.09]"
2024-10-18,63,"[4.6434, 4.6804, 4.6331, 4.031499999999999, 3.835, 3.9248]","[4.73, 4.45, 4.19, 3.86, 3.88, 4.08]"
2024-10-21,63,"[4.7125, 4.6646, 4.6088000000000005, 4.0126, 3.8048, 3.9519]","[4.73, 4.47, 4.24, 3.95, 3.98, 4.19]"
2024-10-22,63,"[4.544, 4.564, 4.5497, 3.9912, 3.7806, 3.9177]","[4.72, 4.47, 4.24, 3.98, 4.0, 4.2]"
2024-10-23,63,"[4.487, 4.5794, 4.531, 3.9214, 3.6943, 3.8345]","[4.73, 4.48, 4.27, 4.03, 4.05, 4.24]"
2024-10-24,63,"[3.982, 4.582, 4.5614, 3.9034, 3.6757, 3.8018]","[4.7, 4.48, 4.25, 4.02, 4.03, 4.21]"
2024-10-25,63,"[4.003, 4.5433, 4.5457, 3.869, 3.6508, 3.7806]","[4.73, 4.51, 4.29, 4.05, 4.07, 4.25]"
2024-10-28,63,"[3.786, 4.5287, 4.5116000000000005, 3.8002, 3.585, 3.7213]","[4.7, 4.46, 4.28, 4.09, 4.11, 4.28]"
2024-10-29,63,"[3.889, 4.458, 4.3986, 3.663, 3.4565, 3.6228]","[4.7, 4.45, 4.29, 4.08, 4.11, 4.28]"
2024-10-30,63,"[4.037, 4.2775, 4.1206000000000005, 3.4173, 3.2474000000000003, 3.4372]","[4.67, 4.44, 4.28, 4.14, 4.14, 4.29]"
2024-10-31,63,"[3.68, 4.3177, 4.16, 3.427, 3.246, 3.4216]","[4.64, 4.43, 4.27, 4.12, 4.15, 4.28]"
2024-11-01,63,"[3.642, 4.405, 4.2724, 3.4646, 3.345, 3.5414]","[4.61, 4.42, 4.28, 4.18, 4.22, 4.37]"
2024-11-04,63,"[3.695, 4.4295, 4.2918, 3.5248, 3.4106, 3.6055]","[4.65, 4.39, 4.25, 4.1, 4.17, 4.31]"
2024-11-05,63,"[3.675, 4.4162, 4.2934, 3.5587, 3.4394, 3.6304]","[4.64, 4.39, 4.27, 4.11, 4.16, 4.26]"
2024-11-06,63,"[3.618, 4.4, 4.2885, 3.5372, 3.3923, 3.5718]","[4.64, 4.41, 4.31, 4.2, 4.27, 4.42]"
2024-11-07,63,"[3.574, 4.414, 4.271, 3.4968, 3.3376, 3.5257]","[4.63, 4.4, 4.28, 4.13, 4.17, 4.31]"
2024-11-08,63,"[3.571, 4.365, 4.2087, 3.4375, 3.2762, 3.478]","[4.63, 4.42, 4.32, 4.18, 4.2, 4.3]"
2024-11-11,63,"[3.5620000000000003, 4.3433, 4.1876, 3.4304, 3.2552, 3.4508]","[4.63, 4.42, 4.32, 4.18, 4.2, 4.3]"
2024-11-12,63,"[3.338, 4.4257, 4.325699999999999, 3.5597, 3.3618, 3.5362]","[4.63, 4.45, 4.38, 4.29, 4.32, 4.43]"
2024-11-13,63,"[3.332, 4.417, 4.3098, 3.5304, 3.3386, 3.5072]","[4.6, 4.4, 4.31, 4.25, 4.3, 4.44]"
2024-11-14,63,"[3.419, 4.3926, 4.3128, 3.5363, 3.3308, 3.4826]","[4.61, 4.43, 4.36, 4.3, 4.32, 4.43]"
2024-11-15,63,"[3.523, 4.366499999999999, 4.276199999999999, 3.4985, 3.2986000000000004, 3.4506]","[4.6, 4.44, 4.34, 4.27, 4.3, 4.43]"
2024-11-18,63,"[3.601, 4.329, 4.2222, 3.4636000000000005, 3.2594000000000003, 3.4304]","[4.63, 4.44, 4.33, 4.25, 4.28, 4.42]"
2024-11-19,63,"[3.3880000000000003, 4.3843, 4.319649999999999, 3.541, 3.3362000000000003, 3.4996]","[4.62, 4.44, 4.34, 4.24, 4.25, 4.39]"
2024-11-20,63,"[3.4130000000000003, 4.3614, 4.26027, 3.4644, 3.278, 3.4610000000000003]","[4.62, 4.44, 4.37, 4.26, 4.28, 4.41]"
2024-11-21,63,"[3.5525, 4.3045, 4.2415, 3.467, 3.286, 3.4697]","[4.63, 4.45, 4.39, 4.3, 4.3, 4.43]"
2024-11-22,63,"[3.629, 4.324599999999999, 4.23124, 3.4698, 3.3023, 3.4875]","[4.63, 4.46, 4.42, 4.32, 4.3, 4.41]"
2024-11-25,63,"[3.72, 4.271, 4.2207, 3.4632, 3.2694, 3.4938]","[4.62, 4.46, 4.37, 4.21, 4.17, 4.27]"
2024-11-26,63,"[3.391, 4.333399999999999, 4.27923, 3.4863, 3.2794000000000003, 3.5116]","[4.61, 4.45, 4.37, 4.21, 4.17, 4.3]"
2024-11-27,63,"[3.351, 4.3534, 4.29187, 3.5175, 3.3287, 3.5545]","[4.6, 4.43, 4.34, 4.17, 4.11, 4.25]"
2024-11-28,63,"[3.385, 4.3734, 4.2869, 3.4856, 3.3006, 3.5404]","[4.6, 4.43, 4.34, 4.17, 4.11, 4.25]"
2024-11-29,63,"[3.4000000000000004, 4.3598, 4.307729999999999, 3.434, 3.2438, 3.4706]","[4.58, 4.42, 4.3, 4.1, 4.05, 4.18]"
2024-12-02,63,"[3.4399999999999995, 4.3096000000000005, 4.21691, 3.3617, 3.1747, 3.4096]","[4.51, 4.43, 4.3, 4.11, 4.08, 4.19]"
2024-12-03,63,"[3.4800000000000004, 4.3260000000000005, 4.22952, 3.381, 3.1858, 3.3872]","[4.49, 4.4, 4.27, 4.13, 4.11, 4.23]"
2024-12-04,63,"[3.499, 4.313300000000001, 4.1514, 3.3463, 3.1743, 3.394]","[4.47, 4.38, 4.23, 4.09, 4.07, 4.19]"
2024-12-05,63,"[3.4540000000000006, 4.2708, 4.15757, 3.3491, 3.169, 3.3785000000000003]","[4.46, 4.38, 4.23, 4.1, 4.07, 4.17]"
2024-12-06,63,"[3.37, 4.287000000000001, 4.1504, 3.2551, 3.129, 3.3436]","[4.42, 4.34, 4.19, 4.05, 4.03, 4.15]"
2024-12-09,63,"[3.119, 4.3804, 4.2325, 3.2833, 3.1482, 3.3458]","[4.42, 4.34, 4.2, 4.09, 4.07, 4.2]"
2024-12-10,63,"[3.023, 4.3282, 4.19785, 3.2910000000000004, 3.1536, 3.3687]","[4.41, 4.35, 4.22, 4.08, 4.09, 4.22]"
2024-12-11,63,"[2.979, 4.220599999999999, 4.0954, 3.2388, 3.1112, 3.345]","[4.38, 4.32, 4.21, 4.09, 4.13, 4.26]"
2024-12-12,63,"[3.02, 4.1677, 4.0571, 3.2406, 3.0900000000000003, 3.3124]","[4.35, 4.31, 4.22, 4.14, 4.18, 4.32]"
2024-12-13,63,"[2.951, 4.1186, 4.053, 3.2397, 3.0911, 3.3133]","[4.34, 4.32, 4.24, 4.21, 4.25, 4.4]"
2024-12-16,63,"[2.849, 4.0918, 4.03374, 3.2840000000000003, 3.1201000000000003, 3.3611000000000004]","[4.37, 4.3, 4.24, 4.22, 4.25, 4.39]"
2024-12-17,63,"[2.938, 4.0633, 4.0156, 3.2793, 3.1567000000000003, 3.4007]","[4.38, 4.3, 4.25, 4.22, 4.26, 4.4]"
2024-12-18,63,"[3.025, 4.0508, 4.0115, 3.2941, 3.1704, 3.4136]","[4.36, 4.3, 4.3, 4.35, 4.4, 4.5]"
2024-12-19,63,"[3.106, 4.0353, 4.0069, 3.3299000000000003, 3.2246, 3.447]","[4.35, 4.29, 4.28, 4.35, 4.43, 4.57]"
2024-12-20,63,"[3.155, 4.005000000000001, 3.9786, 3.3229, 3.2070000000000003, 3.4504]","[4.34, 4.29, 4.27, 4.32, 4.37, 4.52]"
2024-12-23,63,"[3.1700000000000004, 3.938, 3.94695, 3.3627, 3.2502, 3.4936]","[4.36, 4.3, 4.26, 4.36, 4.44, 4.59]"
2024-12-24,63,"[3.117, 3.9166, 3.98744, 3.3902, 3.2602, 3.4814]","[4.4, 4.3, 4.24, 4.36, 4.43, 4.59]"
2024-12-25,63,"[3.05, 3.9096, 3.93864, 3.3428000000000004, 3.213, 3.4465]","[4.4, 4.3, 4.24, 4.36, 4.43, 4.59]"
2024-12-26,63,"[2.7990000000000004, 3.9647, 4.04555, 3.4128000000000003, 3.2765, 3.498]","[4.35, 4.31, 4.23, 4.35, 4.42, 4.58]"
2024-12-27,63,"[2.771, 3.9435, 4.0227, 3.3387, 3.1948, 3.4265000000000003]","[4.31, 4.29, 4.2, 4.36, 4.45, 4.62]"
2024-12-30,63,"[2.7900000000000005, 3.8876, 3.9903, 3.3219, 3.2036, 3.4565]","[4.37, 4.25, 4.17, 4.29, 4.37, 4.55]"
2024-12-31,63,"[2.869, 3.878, 3.9988, 3.348, 3.2238, 3.4853]","[4.37, 4.24, 4.16, 4.27, 4.38, 4.58]"
2025-01-01,63,"[2.6830000000000003, 4.0225, 4.209125, 3.5448, 3.3898, 3.6008]","[4.37, 4.24, 4.16, 4.27, 4.38, 4.58]"
2025-01-02,63,"[2.604, 4.0894, 4.2681, 3.5738000000000003, 3.4225, 3.643]","[4.36, 4.25, 4.17, 4.29, 4.38, 4.57]"
2025-01-03,63,"[2.668, 4.091600000000001, 4.25065, 3.5304, 3.4047, 3.6408]","[4.34, 4.25, 4.18, 4.32, 4.41, 4.6]"
2025-01-06,63,"[2.761, 4.0918, 4.249285, 3.5204, 3.4203, 3.6389]","[4.35, 4.24, 4.17, 4.3, 4.42, 4.62]"
2025-01-07,63,"[2.883, 4.1487, 4.26932, 3.5238, 3.4298, 3.6754]","[4.35, 4.24, 4.19, 4.33, 4.46, 4.67]"
2025-01-08,63,"[2.9730000000000008, 4.189, 4.251399999999999, 3.5104, 3.4161, 3.6774]","[4.35, 4.25, 4.19, 4.31, 4.45, 4.67]"
2025-01-09,63,"[3.067, 4.229900000000001, 4.26685, 3.5243, 3.4279, 3.6838]","[4.35, 4.24, 4.16, 4.31, 4.46, 4.68]"
2025-01-10,63,"[3.1640000000000006, 4.2069, 4.2478, 3.5416, 3.4198, 3.6382]","[4.36, 4.27, 4.25, 4.46, 4.59, 4.77]"
2025-01-13,63,"[3.22, 4.2023, 4.2189, 3.5268, 3.409, 3.633]","[4.37, 4.3, 4.24, 4.49, 4.61, 4.79]"
2025-01-14,63,"[2.8320000000000003, 4.1875, 4.23803, 3.5658000000000003, 3.4637, 3.7038]","[4.36, 4.29, 4.22, 4.46, 4.59, 4.78]"
2025-01-15,63,"[2.8690000000000007, 4.1558, 4.192018, 3.5302, 3.441, 3.695]","[4.35, 4.26, 4.19, 4.34, 4.45, 4.66]"
2025-01-16,63,"[2.9160000000000004, 4.110399999999999, 4.16065, 3.5762, 3.5095, 3.7890000000000006]","[4.34, 4.26, 4.18, 4.29, 4.39, 4.61]"
2025-01-17,63,"[3.016, 4.106199999999999, 4.14125, 3.5935, 3.521, 3.793]","[4.34, 4.28, 4.21, 4.33, 4.42, 4.61]"
2025-01-20,63,"[2.7660000000000005, 4.0933, 4.1069, 3.6218, 3.5625, 3.838]","[4.34, 4.28, 4.21, 4.33, 4.42, 4.61]"
2025-01-21,63,"[2.7960000000000003, 4.066700000000001, 4.0515, 3.6106, 3.5486000000000004, 3.818]","[4.36, 4.28, 4.21, 4.33, 4.4, 4.57]"
2025-01-22,63,"[2.8260000000000005, 4.080299999999999, 4.038, 3.6262, 3.5888000000000004, 3.868]","[4.36, 4.28, 4.2, 4.34, 4.43, 4.6]"
2025-01-23,63,"[2.899, 4.004, 4.0105, 3.6725, 3.639, 3.9074]","[4.36, 4.27, 4.18, 4.35, 4.45, 4.65]"
2025-01-24,63,"[2.958, 3.9517, 3.9773, 3.64, 3.6268, 3.9048]","[4.35, 4.25, 4.17, 4.33, 4.43, 4.63]"
2025-01-27,63,"[3.027, 3.9478, 3.969, 3.6996, 3.6605, 3.9167]","[4.32, 4.25, 4.13, 4.24, 4.32, 4.53]"
2025-01-28,63,"[3.031, 3.926, 3.9433, 3.6676, 3.6634, 3.9026]","[4.31, 4.26, 4.14, 4.25, 4.33, 4.55]"
2025-01-29,63,"[2.9530000000000003, 3.891, 3.9077, 3.7042, 3.716, 3.9838]","[4.31, 4.27, 4.17, 4.27, 4.35, 4.55]"
2025-01-30,63,"[2.9410000000000003, 3.895, 3.9114, 3.6532, 3.6944, 3.945]","[4.3, 4.27, 4.16, 4.24, 4.31, 4.52]"
2025-01-31,63,"[2.9479999999999995, 3.8446, 3.8804, 3.6415, 3.6676, 3.8855]","[4.31, 4.28, 4.17, 4.27, 4.36, 4.58]"
2025-02-03,63,"[2.997, 3.8475, 3.8986, 3.717, 3.765, 4.0355]","[4.34, 4.28, 4.2, 4.28, 4.35, 4.54]"
2025-02-04,63,"[3.103, 3.859, 3.886, 3.65, 3.666, 3.9218]","[4.33, 4.27, 4.18, 4.25, 4.31, 4.52]"
2025-02-05,63,"[3.069, 3.8477, 3.8954, 3.6766, 3.675, 3.8974]","[4.33, 4.27, 4.17, 4.19, 4.24, 4.43]"
2025-02-06,63,"[3.143, 3.8717, 3.9181, 3.6834, 3.679, 3.8962]","[4.34, 4.28, 4.19, 4.23, 4.28, 4.45]"
2025-02-07,63,"[3.033, 3.8543, 3.9335, 3.76, 3.7678, 4.005]","[4.35, 4.3, 4.25, 4.31, 4.34, 4.49]"
2025-02-10,63,"[3.077, 3.8307, 3.8906, 3.7246, 3.7497, 4.0132]","[4.35, 4.31, 4.24, 4.3, 4.34, 4.51]"
2025-02-11,63,"[2.744, 3.777, 3.8817, 3.7507, 3.75, 3.9915]","[4.35, 4.31, 4.25, 4.28, 4.37, 4.54]"
2025-02-12,63,"[2.7379999999999995, 3.758000000000001, 3.8786, 3.7319999999999993, 3.739, 3.9937]","[4.35, 4.33, 4.3, 4.37, 4.48, 4.62]"
2025-02-13,63,"[2.734, 3.7667, 3.891, 3.7295, 3.737, 4.0003]","[4.34, 4.33, 4.27, 4.31, 4.39, 4.52]"
2025-02-14,63,"[2.7140000000000004, 3.702700000000001, 3.862, 3.7, 3.6914, 3.9588]","[4.34, 4.32, 4.23, 4.26, 4.33, 4.47]"
2025-02-17,63,"[2.737, 3.6983000000000006, 3.9012, 3.708, 3.7063, 3.963]","[4.34, 4.32, 4.23, 4.26, 4.33, 4.47]"
2025-02-18,63,"[2.571, 3.7117, 3.9178, 3.7463, 3.7214, 3.9798]","[4.34, 4.34, 4.24, 4.33, 4.4, 4.55]"
2025-02-19,63,"[2.534, 3.685, 3.9425, 3.739, 3.6916, 3.9342]","[4.34, 4.34, 4.22, 4.3, 4.37, 4.53]"
2025-02-20,63,"[2.6140000000000003, 3.73, 3.945, 3.624, 3.547, 3.7776]","[4.33, 4.33, 4.2, 4.27, 4.34, 4.5]"
2025-02-21,63,"[2.7030000000000003, 3.7444, 3.977, 3.615, 3.532, 3.796]","[4.32, 4.3, 4.15, 4.19, 4.26, 4.42]"
2025-02-24,63,"[2.85, 3.7513, 3.9718, 3.5894, 3.4826000000000006, 3.7495]","[4.31, 4.3, 4.15, 4.17, 4.23, 4.4]"
2025-02-25,63,"[2.975, 3.754, 3.971, 3.596, 3.486, 3.7476]","[4.3, 4.28, 4.12, 4.08, 4.12, 4.3]"
2025-02-26,63,"[2.882, 3.696, 3.9174, 3.529, 3.4294, 3.6727]","[4.31, 4.28, 4.12, 4.04, 4.06, 4.25]"
2025-02-27,63,"[2.6975, 3.698, 3.8918, 3.5236, 3.4443, 3.6714]","[4.32, 4.28, 4.13, 4.05, 4.09, 4.29]"
2025-02-28,63,"[2.5620000000000003, 3.6085, 3.833, 3.5216, 3.455, 3.694]","[4.32, 4.25, 4.08, 3.99, 4.03, 4.24]"
2025-03-03,63,"[2.591, 3.5084, 3.769000000000001, 3.483, 3.4196000000000004, 3.6534]","[4.35, 4.31, 4.06, 3.93, 3.97, 4.16]"
2025-03-04,63,"[2.726, 3.4874, 3.7779, 3.5125999999999995, 3.4387000000000003, 3.6436]","[4.34, 4.28, 4.04, 3.94, 4.01, 4.22]"
2025-03-05,63,"[2.854, 3.4557, 3.7547000000000006, 3.4763, 3.4074, 3.6256]","[4.35, 4.3, 4.06, 4.01, 4.08, 4.28]"
