,US_3m,US_6m,US_1y,US_3y,US_5y,US_10y
2022-04-13,0.8538609169451368,1.1614968856907537,1.65636693326059,2.619869272576569,2.832456598430333,2.70004152407047
2022-04-14,0.8585160716134452,1.1614664331606481,1.6487036949196594,2.59651457234795,2.8046727702460723,2.6722400562532123
2022-04-15,0.8926262109517183,1.2033993613846956,1.7038476956450554,2.682839688779696,2.904233568812784,2.7818062682265383
2022-04-18,0.8961883014263492,1.2083819187171616,1.7111835153121815,2.695351533690671,2.918579303855693,2.79699622734156
2022-04-19,0.9149632957711424,1.2227384069719833,1.7190276260550097,2.6956984975737415,2.9233053821069213,2.8163179955093773
2022-04-20,0.923338928282719,1.251997470316045,1.7804122937788982,2.806852664795496,3.0305639996757465,2.883287698930843
2022-04-21,0.9320120716686375,1.2627842596886363,1.7929180592034832,2.808071475954733,3.0122557582855336,2.8282250174491605
2022-04-22,0.9501132245342088,1.2949766505570146,1.8462891140243374,2.8897168927956187,3.085051447752329,2.8632103799114192
2022-04-25,0.9724978072399393,1.3182220452240734,1.8703850409830685,2.9108186907214004,3.100078954722731,2.86647718897661
2022-04-26,1.0460540781201564,1.3659948021710295,1.8768444304722178,2.8382568853065546,3.011729395507537,2.792691851355071
2022-04-27,1.0041477450283414,1.3198149108704638,1.8240120301585807,2.7744049578651104,2.9476962667606896,2.735232422960262
2022-04-28,0.9881199714433428,1.3041892598523654,1.8100239994651766,2.772229852642839,2.9581682612127214,2.76665663263036
2022-04-29,0.9955593647346632,1.3195408626124925,1.8374494711223046,2.8174708459443534,3.0007133459335575,2.7918536567758228
2022-05-02,1.0232658148181983,1.3562734757864723,1.8877117737943125,2.885457297725278,3.0625774679824884,2.8287235775612087
2022-05-03,1.0588030658807384,1.3970376031066745,1.9375404054232734,2.958648591067109,3.147576056661487,2.9254691342503456
2022-05-04,1.0715499599346894,1.4137521558369501,1.9597540594025262,2.9838792431244077,3.1645200608235626,2.9218699538575477
2022-05-05,1.0498212919380174,1.3797608940701789,1.9074283885021774,2.9079695520116617,3.0975084666031765,2.889806005210604
2022-05-06,1.006706928609286,1.3442878234517184,1.8862858632281556,2.932474204610055,3.1527445594254986,2.9852207164763116
2022-05-09,1.006171245960671,1.347805987037463,1.8973859044241124,2.9675699901744337,3.20388500676866,3.0572344310976765
2022-05-10,1.0472604478047565,1.358743643294181,1.8620772664160734,2.8618604477026235,3.105506856767219,3.0199408623258575
2022-05-11,1.0421468901178232,1.353110423868503,1.8542169286120536,2.837553782162896,3.063472754731136,2.9484671878182986
2022-05-12,1.0453009295032425,1.3573801078603571,1.8584395708131671,2.825652956648569,3.0293500602819408,2.874595018753584
2022-05-13,1.0804746394987108,1.3739781079295055,1.8454568167509353,2.757693287416351,2.9523061092346494,2.8119549084157405
2022-05-16,1.1423808117548513,1.4304056377096899,1.8939348487685872,2.7982111371169864,2.999819337745845,2.8802396263984797
2022-05-17,1.201016463403196,1.4762947761034397,1.918875859840686,2.778503258986764,2.96576245729925,2.842206258748064
2022-05-18,1.210370034979334,1.505762575423682,1.9793869949066643,2.888026778634133,3.0727951011069337,2.9125879316076455
2022-05-19,1.1998949469155693,1.4970045232958806,1.9719207145435154,2.870276718840696,3.037875566918779,2.845579244980133
2022-05-20,1.1968103322464994,1.4829490856286514,1.9407832630197621,2.8108070229581807,2.9778896316073165,2.8023816974282
2022-05-23,1.17997789311431,1.4614952146206506,1.9116116183646987,2.76413998257648,2.924487935686606,2.7449214043876453
2022-05-24,1.2095706840119882,1.4936795522937123,1.948306785574541,2.8125948327811354,2.9790034973900403,2.8056139574197902
2022-05-25,1.2004176973888632,1.4664818614019999,1.8930687216243038,2.711352240389879,2.877610428615017,2.7330274514567834
2022-05-26,1.2014904079821043,1.4560576562996022,1.865086799997461,2.657337793473358,2.8273427632262775,2.707676303765867
2022-05-27,1.2014781126835885,1.4521540641755895,1.8553293199357055,2.6397148493247795,2.812096283924375,2.7027560582017935
2022-05-30,1.2136800295353725,1.4654523543874316,1.869743437273868,2.6506621769032392,2.8157134194782545,2.692088146323668
2022-05-31,1.214612261438829,1.4664401943860432,1.8707343296136516,2.6509069020036593,2.814917900188558,2.6894264363678855
2022-06-01,1.2883438436901413,1.5383287556663066,1.9403150767796409,2.7217127649611403,2.892651442115177,2.781960158643266
2022-06-02,1.2872178684585291,1.5597548826827123,1.9969125884288366,2.837156857644903,3.0098665132924936,2.865876505990122
2022-06-03,1.297237718347354,1.571002436569259,2.009805468217703,2.8503841185704624,3.0198274072358036,2.8682814034673134
2022-06-06,1.331978522906722,1.6051221191866551,2.0430116420769506,2.8825572178669123,3.0526404939005944,2.903187925112638
2022-06-07,1.379052431531353,1.6548298545482645,2.0971480472001103,2.9469860974383812,3.12128445928362,2.9747886530749836
2022-06-08,1.3953595978041415,1.669675367667948,2.1084676132392164,2.9412149900192786,3.099837630105763,2.928923571327095
2022-06-09,1.4159222321753577,1.6907568497559604,2.1306497643567233,2.9678559845491987,3.130158561803543,2.964693763324002
2022-06-10,1.4418673953277106,1.7244788312203658,2.175506024228722,3.02241517788426,3.172916926492731,2.974771906510287
2022-06-13,1.5526454000728713,1.8594016575401056,2.3454332620587937,3.2271075450379576,3.3464096781132566,3.0560903926263534
2022-06-14,1.8526209812368768,2.1662613350899944,2.6619189658278204,3.549731146808657,3.6557141611963004,3.33155943305883
2022-06-15,2.017621911080658,2.324878285015856,2.808758324477445,3.6605111071179923,3.7432535277385313,3.389688663137898
2022-06-16,1.9470721978547962,2.2250609872261653,2.6645129412612203,3.4528541768867456,3.5484858603639937,3.2640740790936555
2022-06-17,1.8300796651781366,2.12213164042933,2.5832816904353395,3.405823066518427,3.499633917173191,3.1894615893799143
2022-06-20,1.8387428920761342,2.1317076811339644,2.5935319639512655,3.410473095324225,3.495000204812156,3.1675020257736706
2022-06-21,1.8398327557068304,2.1328016835219272,2.5945573707691008,3.4107098704486507,3.4943003320060426,3.1651957926335474
2022-06-22,1.9359470915945982,2.221774981960058,2.671883195396463,3.46396338460928,3.5406185716449485,3.2111709822405805
2022-06-23,1.877706363151179,2.1549240347806604,2.591043268069581,3.3546824944389004,3.4236599556798613,3.094967614273722
2022-06-24,1.911136464097119,2.1700266594877795,2.5768077698846628,3.284578558687389,3.342687149902513,3.02495094818309
2022-06-27,1.9812679956471944,2.2268311441584854,2.612825938832771,3.2858006648952895,3.3428381120053823,3.044737613708579
2022-06-28,2.0408270775546047,2.285420419453087,2.669973865244458,3.341175624086673,3.3990248686342714,3.103872844711785
2022-06-29,2.0407841389005794,2.28599005221569,2.671618667914362,3.3456952410105343,3.4050885868794105,3.111587089208113
2022-06-30,2.045654374381538,2.279877550226857,2.647212535007208,3.2802176168213864,3.3241991977696057,3.022065316740027
2022-07-01,2.003927263971726,2.223837799988051,2.5684260269774337,3.1595537799501443,3.1971014649038594,2.907031719335162
2022-07-04,2.019501644730243,2.213386224423161,2.516888381484532,3.034811024507748,3.0641101181763855,2.8018711636651648
2022-07-05,2.0208412588819438,2.2102373994629354,2.5066758853832516,3.0122083016142733,3.0403599622686595,2.7833905841383233
2022-07-06,2.141539858534943,2.299650066707775,2.5463822053098037,2.9605422303318267,2.974825877336542,2.744561858061889
2022-07-07,2.1536162933365954,2.3327256593468833,2.6120503062834572,3.0793327425418164,3.093305778287654,2.8286891406300763
2022-07-08,2.18811398973351,2.3732410961761623,2.6626080770266674,3.1525944901380862,3.1752462148947465,2.91575942182577
2022-07-11,2.2270819717240546,2.4208513067017634,2.7238014611203676,3.2374579718564482,3.2621003503359765,2.9920938433690503
2022-07-12,2.3807013760016322,2.5415616890009596,2.7912309557588384,3.19816738430783,3.1957899328572026,2.9326411085153214
2022-07-13,2.4410504954171035,2.5845397237262744,2.8060666214229197,3.1564793644625815,3.1396152310318612,2.8797033068178206
2022-07-14,2.607557806165788,2.7379579471477125,2.935382308925915,3.2123426251246685,3.148391110372734,2.829140820671395
2022-07-15,2.610972810925593,2.7404220068529077,2.9372725989718385,3.221437240624878,3.1687631514954675,2.870305128203818
2022-07-18,2.5893394221621224,2.7226700224193223,2.9253206860894494,3.216916067025659,3.161385471446939,2.851797288079947
2022-07-19,2.6820409404462513,2.7978385032369064,2.9733197387940025,3.221022979463843,3.166293080486518,2.8863118493536817
2022-07-20,2.711942766252243,2.8351760901045795,3.021944391555237,3.2857538780422213,3.22774442232804,2.9301857099855333
2022-07-21,2.6985751969154523,2.8289071064852007,3.027160933570002,3.313912118474777,3.2616393004940063,2.9624448695634853
2022-07-22,2.675937054505525,2.782695437549649,2.944226099766436,3.169904229678505,3.1162945071811787,2.8527853008524726
2022-07-25,2.6643164995880637,2.747975984111295,2.8728023123176087,3.0309617526353,2.9670462395249437,2.7231399057669416
2022-07-26,2.771128676612222,2.836840527887909,2.933255549025621,3.0401000037348855,2.9695206460793946,2.7431403937304575
2022-07-27,2.7275273013204075,2.8036444629634145,2.9162500821226818,3.0498503417045835,2.979624657184703,2.7370892097211392
2022-07-28,2.638260851358988,2.716891280951328,2.8344639083329137,2.985779182903138,2.928827406796712,2.7049143970688476
2022-07-29,2.6102804263709762,2.672563118653817,2.7646395990355845,2.873288673348239,2.815042531770359,2.6152492384686097
2022-08-01,2.611307070159081,2.6762045652528066,2.7715468905385845,2.87836847828811,2.810188915323929,2.5892188914523246
2022-08-02,2.7119263668190015,2.756871598349737,2.81941673732941,2.8562760247604655,2.765550383147315,2.538210029039046
2022-08-03,2.732117819069413,2.804182812603055,2.9088138193552955,3.014211444024271,2.92300541336388,2.6511643758702355
2022-08-04,2.7155829550438635,2.8030564907495683,2.9306781775239195,3.065205448855254,2.9622268604294906,2.645461909334707
2022-08-05,2.703459895942888,2.7795228220327894,2.889581112924964,2.996806817960343,2.8958304597377147,2.600863511450232
2022-08-08,2.785560033005139,2.884413307099539,3.028866842398103,3.183335563591177,3.0698203134479254,2.716731187720531
2022-08-09,2.8512068998155957,2.9392511881092167,3.0656629767189156,3.1793102189648526,3.050158490340897,2.6877733428262327
2022-08-10,2.8702459710634836,2.9646285557624465,3.1004433639475666,3.2254958901413575,3.090825039460319,2.7088050959781205
2022-08-11,2.8446527759281754,2.932769958954915,3.059673457087835,3.177537619433856,3.0531111201787855,2.6986787506596945
2022-08-12,2.8109431295501475,2.9027802038408628,3.037557752602711,3.1872062462260637,3.088948127822668,2.7732171346527075
2022-08-15,2.823890211541431,2.919660303006424,3.059605103135274,3.2092208314565864,3.0992048153175533,2.75705790996841
2022-08-16,2.879036461266728,2.9559950832197694,3.066218476694229,3.162660409560419,3.0463759670103565,2.723821805916767
2022-08-17,2.873244612179743,2.9567871588080195,3.0771793344815257,3.1897438823682203,3.072737346968516,2.7383455824257252
2022-08-18,2.8581085712688,2.958907743147784,3.106442396844733,3.2664826165681333,3.1536991063611004,2.798725569127364
2022-08-19,2.8649011621472495,2.958592099266186,3.0957131326422966,3.244364652268401,3.139413942105799,2.80926680999388
2022-08-22,2.888741037725655,2.9839836317442114,3.1248133072894895,3.2912412362500687,3.202501773572183,2.897542550750522
2022-08-23,2.955094932287193,3.051178989864422,3.193039154972028,3.3586607867449443,3.2664689341496898,2.954258102737516
2022-08-24,2.9395756676615954,3.037154019453445,3.1821060817940494,3.3597378363289088,3.27716978569537,2.9789886034046558
2022-08-25,2.9749833034710966,3.072947117680399,3.218728912977605,3.3998013086740895,3.320117269581084,3.0262408279021575
2022-08-26,3.0077039462499138,3.0953726544260736,3.2240598420208055,3.3672037739462377,3.2737427687059424,2.972918476619171
2022-08-29,3.019605926082171,3.1119597734601268,3.247338430290669,3.396153519589255,3.295378743997767,2.974517233591179
2022-08-30,3.0914828949411857,3.1798125181753667,3.3093031972839584,3.451751082154173,3.35550489900872,3.0488593239538018
2022-08-31,3.1083957229832557,3.198240203808519,3.3295006876175464,3.4695878814617,3.366060921080533,3.044540665436823
2022-09-01,3.11044547458673,3.1999282996166083,3.331313348530292,3.477791672910701,3.3828330857166273,3.076529191184649
2022-09-02,3.1151572555840223,3.2127728942724163,3.358224652854035,3.540657018451373,3.463604415124505,3.174782969853752
2022-09-05,3.098349114311287,3.1856158860135664,3.3152660310892093,3.474295658603488,3.400651153955772,3.134318696794185
2022-09-06,3.097165874472323,3.1824488721396764,3.309041168435733,3.4632775457093703,3.3899263092363645,3.1272898726596057
2022-09-07,3.189076189026819,3.273893025643159,3.400222095765673,3.558182257926552,3.4905845353778817,3.2385253025472327
2022-09-08,3.223837914969861,3.297868443566027,3.406711627944837,3.5294537574624116,3.45271949821496,3.2024289217217494
2022-09-09,3.224275366685507,3.303410352669071,3.4199666886089126,3.553391169290016,3.473967034168572,3.2108609840205533
2022-09-12,3.259375698939071,3.347990315597765,3.478473571072731,3.627503565257999,3.538122724521525,3.2427433960802814
2022-09-13,3.3302118917977275,3.4056472562055515,3.516159666553688,3.6370103812557533,3.55387319955554,3.2903844300657896
2022-09-14,3.4711077731546527,3.552721724607353,3.6700576328482213,3.777073104889389,3.659309552216773,3.3267311598879474
2022-09-15,3.465033818302495,3.5610711783090694,3.6996242759026354,3.830673093592725,3.6980993398878597,3.3169957625045403
2022-09-16,3.458179671344559,3.5691235231080745,3.7305316124295684,3.896294947959099,3.759990377785325,3.3485059425716828
2022-09-19,3.442108996244208,3.5503255469367536,3.708206697272183,3.874591672128901,3.7471424298856935,3.355174651601086
2022-09-20,3.573500120949089,3.6722601304624476,3.8143158342599346,3.944548956916516,3.802906292990376,3.401928775021914
2022-09-21,3.56684476057959,3.671292772216587,3.823483550115277,3.982025841869916,3.856613974726602,3.474195582403091
2022-09-22,3.5492238329548345,3.6686855095280304,3.842366592341052,4.019586078157677,3.8713275056777725,3.4257077485061047
2022-09-23,3.5246966729118716,3.6685449379828903,3.8823274339581793,4.14521959581549,4.024707161790034,3.587196769252923
2022-09-26,3.4909007901220237,3.6623467652094672,3.917854270727162,4.238748215615583,4.103981853325767,3.597677245449237
2022-09-27,3.5826207670348005,3.76207201972849,4.031427008957725,4.3877256993744425,4.270601547599398,3.781534307303682
2022-09-28,3.5540384923789694,3.740894183965415,4.024017173061064,4.423287500589883,4.334464693263426,3.881807215009237
2022-09-29,3.5667891744717015,3.708271071319,3.9199311260378127,4.193351422265499,4.09222972100854,3.6916479940616957
2022-09-30,3.5369390422001143,3.687942527245691,3.914271331410247,4.210611545324267,4.107980958308195,3.6894863454085782
2022-10-03,3.5318995984640895,3.6977117181223464,3.947192074732449,4.282776051088855,4.182014738442911,3.742861235495754
2022-10-04,3.6225165298620543,3.7557341611677986,3.9525825429982593,4.183954208244503,4.058175058939036,3.628791827454378
2022-10-05,3.669531667162186,3.7876257281888326,3.9594263702585173,4.135766225815134,3.9905518659002994,3.5523340366908593
2022-10-06,3.674097503825464,3.800129327848077,3.9859300072120565,4.200245009219432,4.075886675076233,3.660503807329648
2022-10-07,3.682119137616247,3.821380699383845,4.028148608239917,4.280549378198136,4.161407844537591,3.7336263403266576
2022-10-10,3.6860392362625016,3.8441158588776196,4.079840725942628,4.377222134598407,4.254735540759874,3.7909367031972305
2022-10-11,3.6853552532547886,3.8467265783555282,4.087595578857053,4.393636297143655,4.271481379945973,3.802942424012499
2022-10-12,3.8444988781869402,3.9699445892208267,4.15554160782316,4.375894570556424,4.2603595084044885,3.860989861812496
2022-10-13,3.8816801675419077,3.993345745615491,4.157486474204256,4.3422514092196085,4.226067074113203,3.84778340116983
2022-10-14,3.9966014403147305,4.114541955967935,4.286335433467287,4.464749069537825,4.322422813256743,3.8893848621550973
2022-10-17,4.025167902800267,4.146550888987283,4.3235227869539745,4.508891759191489,4.364459723196301,3.9222807380720175
2022-10-18,4.140508839631754,4.236021725744811,4.373051826484495,4.495221968941774,4.353804781147868,3.958442305894331
2022-10-19,4.202375852131714,4.2787540018154235,4.386097081147434,4.4599864074893345,4.31899886900971,3.9551894007704536
2022-10-20,4.247426319609674,4.334569193217817,4.459135673907021,4.565749304388225,4.43103984506568,4.06061454562474
2022-10-21,4.272892802731333,4.372932383269663,4.518206344049811,4.664802337952355,4.5385249388316415,4.161728715372012
2022-10-24,4.264025222572767,4.341088029116395,4.452485551592761,4.559975351154179,4.45632910882243,4.15519183507726
2022-10-25,4.333100984884202,4.394821031166331,4.482733344675122,4.5549046549109065,4.455581325328813,4.186538818821429
2022-10-26,4.3295866127877725,4.38421116997064,4.458857165637998,4.489074504450365,4.36172198497329,4.056236919689272
2022-10-27,4.29777985198287,4.350770121382987,4.422173497228462,4.440735554792974,4.304592274111438,3.9867257835700505
2022-10-28,4.302248547308933,4.333291727688762,4.3705446353386845,4.33266285821012,4.19576193507969,3.9119503779510714
2022-10-31,4.347150712411129,4.383454010005277,4.428387569364901,4.398662250706618,4.255647149628032,3.9529210656414753
2022-11-01,4.401781225688235,4.442673813219113,4.4947711729464395,4.477090437725594,4.334517146059806,4.025153921624312
2022-11-02,4.426498664919121,4.471868991093845,4.529583110512586,4.509030011208134,4.349747525609548,4.004634754429303
2022-11-03,4.421271640406161,4.4765177723296405,4.549437659807025,4.552564662690242,4.391608777587794,4.0277316309122115
2022-11-04,4.4339495449608295,4.500595115978758,4.59099946844309,4.62074369051222,4.457016772131817,4.070046581107864
2022-11-07,4.411157097646937,4.473519900627272,4.5587383390899525,4.593214097295795,4.4477944465217565,4.098989112932308
2022-11-08,4.473384601752997,4.532154422981877,4.611819824841935,4.637457464082103,4.492385367536649,4.149960626987051
2022-11-09,4.470269823074756,4.518946389059569,4.58237861010371,4.5764371441053795,4.424428374497384,4.086413161621373
2022-11-10,4.473456061637732,4.509578202519721,4.553835723316958,4.519446014105796,4.371503822174667,4.060654573714649
2022-11-11,4.449489626778908,4.440108371173626,4.411985461292849,4.243787409667886,4.074604972982421,3.800769348970175
2022-11-14,4.448539313250915,4.4309072382994925,4.389727320303939,4.197982953405375,4.025788631824719,3.7600981482042384
2022-11-15,4.494477686227291,4.475266334609453,4.431802690052161,4.237846804638712,4.067766358586385,3.8082297972912786
2022-11-16,4.480557578491786,4.456723932386129,4.405311319980843,4.191409448742846,4.0117247046559505,3.7432298937803057
2022-11-17,4.492767487424963,4.462280933445834,4.398068556731902,4.140984950709238,3.9305132260754534,3.6201530056099602
2022-11-18,4.503662144021623,4.484501459761316,4.438231962483939,4.2136787764154775,4.00758580244786,3.6864620962446426
2022-11-21,4.52996500407187,4.519199492190909,4.485875333688172,4.2816575898259615,4.0743830594483175,3.737719763476311
2022-11-22,4.591706642947429,4.574084146683566,4.5296724546701395,4.30336925938753,4.090641738199518,3.7557094660789923
2022-11-23,4.608429290148648,4.587069863388826,4.5353862715918005,4.283951426739996,4.052903569955719,3.6927009857489628
2022-11-24,4.606131211249957,4.578554548256949,4.516635130637532,4.243228784025854,4.004955187331022,3.6424255562100165
2022-11-25,4.606009670124296,4.577422948705329,4.513863933995767,4.237136536488177,3.9979802477763213,3.6355699159180626
2022-11-28,4.614317419958604,4.580257758279173,4.507849492567358,4.21349793729977,3.9699933785730153,3.608971615553537
2022-11-29,4.628722401797676,4.598366563133434,4.53121883505396,4.2410376029471,3.991384320568552,3.6138956632864416
2022-11-30,4.615182472188481,4.590842202640116,4.533947379264086,4.268743518670135,4.030439926390298,3.6626463944961203
2022-12-01,4.6056124398181675,4.566371726398155,4.486505540852413,4.185262901605771,3.949120005259149,3.609015992624027
2022-12-02,4.565863571183021,4.510653657116328,4.4050879500830336,4.053712123439172,3.8063952301077566,3.4729278950680733
2022-12-05,4.5701806119732336,4.512630891639084,4.402690240064787,4.037477046255306,3.7809141633818206,3.4354242596472377
2022-12-06,4.606326452674891,4.567756294438077,4.486598328173966,4.162205914318612,3.896932234685576,3.5059959419686337
2022-12-07,4.617217318023541,4.574250447748281,4.48496573762361,4.1355748436493505,3.854102908295431,3.442583260407224
2022-12-08,4.574218414679098,4.525383249416536,4.426340611895263,4.055182539474063,3.7656845758262394,3.349909054777839
2022-12-09,4.555051354382214,4.519487967824019,4.441332414219665,4.10681770311277,3.820720695498539,3.389377557346307
2022-12-12,4.574771228579341,4.537311862405225,4.457800101429826,4.1353885547081415,3.8691266421036357,3.4747134649295193
2022-12-13,4.632293499822519,4.590607255637485,4.50470275862174,4.173385110499774,3.9092799397880844,3.5253582342807284
2022-12-14,4.596659954252812,4.535853495145156,4.420776996631703,4.04646115437156,3.78893385660461,3.4470422761680615
2022-12-15,4.578046608999091,4.513892800476145,4.393579806682489,4.010358036375797,3.752366888835441,3.415074484586641
2022-12-16,4.590150965407377,4.5282251175667865,4.409879515089795,4.0164161480512615,3.7397825269784857,3.367062328730573
2022-12-19,4.568287925935731,4.500677581870536,4.375033400282359,3.983425976182999,3.7259061158290647,3.3949858612419397
2022-12-20,4.604845312525886,4.539291710042663,4.417775583339356,4.041339427115748,3.7954724222318905,3.4811413212806577
2022-12-21,4.589026103652017,4.530649951000687,4.422591300244131,4.088997625349837,3.871956963634693,3.595297864407955
2022-12-22,4.561802796630557,4.504131587043659,4.397927838123899,4.074221162692699,3.866667983954113,3.6050770778254737
2022-12-23,4.567031433010027,4.511296796453154,4.407703400474246,4.084684227683012,3.8721662896157634,3.59897698061794
2022-12-26,4.564846898778113,4.5192198419522205,4.432076078641328,4.142741059663207,3.9395843320663237,3.6661032738087775
2022-12-27,4.563762724969617,4.519860211220491,4.435504337447148,4.151716989439463,3.949923661300728,3.6759935215113884
2022-12-28,4.661998711470451,4.612094658045961,4.518540316467957,4.220810952575129,4.020560112774265,3.758930710201428
2022-12-29,4.664080147275859,4.61417818844438,4.521624535262962,4.234525124365813,4.046726874178583,3.80636178638266
2022-12-30,4.652538632537659,4.602948859693752,4.510294276989337,4.2177482267474815,4.022636002553079,3.769276611155812
2023-01-02,4.646771287597585,4.608624248915654,4.533746768275424,4.270328831780778,4.07525945756903,3.803543099987759
2023-01-03,4.645329391157627,4.609275276727069,4.537665369222863,4.279746225096668,4.084885270224715,3.8101539186298776
2023-01-04,4.7026367848124275,4.650737771153038,4.553048157366771,4.239205522297907,4.026013658196495,3.7454955400501744
2023-01-05,4.7246558258531905,4.658294938382247,4.536651108084074,4.170159077967505,3.9383526064018457,3.6493356365650422
2023-01-06,4.79822234522605,4.726698270074955,4.596026961448119,4.205674836847876,3.9612882766662394,3.6591019112213963
2023-01-09,4.815360207510165,4.70836203515387,4.521940778674921,4.034487034252984,3.7819972978979153,3.5231076503915397
2023-01-10,4.851119378956165,4.728075884519908,4.5163103268211735,3.9835731129041148,3.7258203135042174,3.4837851896257703
2023-01-11,4.876421637284207,4.748488453798389,4.53031844576077,3.9978316988994456,3.7549426187096877,3.5461686732098405
2023-01-12,4.873639190773491,4.741108314863609,4.515023533833723,3.9626105401626828,3.7100669884954156,3.4922094774323877
2023-01-13,4.817958242917177,4.675841091374841,4.434539495979482,3.854274442732613,3.597651816238503,3.3882677416585216
2023-01-16,4.819245307349732,4.686433913789486,4.459688000806933,3.904160753116114,3.6488030202946162,3.4265910029754476
2023-01-17,4.818910800014963,4.687986090442251,4.464202322357249,3.9138084446171235,3.658845386977469,3.434268659911744
2023-01-18,4.860560286146509,4.718168447565889,4.477357130490206,3.9061609427225736,3.660985980215592,3.4715957112957803
2023-01-19,4.854417594528695,4.692287413689176,4.419467093830141,3.783708756042564,3.521679521556617,3.3352953674980217
2023-01-20,4.858772138900193,4.699365919906346,4.430481551024576,3.7985051087302004,3.5327916571998257,3.3357279276733016
2023-01-23,4.86630746596978,4.714909375824102,4.459400107375963,3.8577566811945596,3.603732626235608,3.4137349037549996
2023-01-24,4.878313442491061,4.734418199001042,4.490740189301234,3.910060324328843,3.6582498268904757,3.4599482227291194
2023-01-25,4.884925913079731,4.743013226225525,4.50115491335316,3.912096612153789,3.644558605660912,3.4162029124971647
2023-01-26,4.872311370505328,4.723960796844227,4.472773384580129,3.87449175883156,3.6153269955120786,3.4116410357769045
2023-01-27,4.863995038310156,4.721990294889335,4.480882722692677,3.901110343141126,3.6447302040081486,3.4355792225989648
2023-01-30,4.873990309840636,4.734995497592379,4.498783449788202,3.929009863662571,3.6753798961117314,3.4660779911472375
2023-01-31,4.8713626524119915,4.744809774145626,4.527658253334901,3.9866919566591585,3.7297514293049496,3.494755940358991
2023-02-01,4.852343939427525,4.721446358956083,4.497793432869441,3.9484133886278494,3.694557755485185,3.4718286954961943
2023-02-02,4.835864375038593,4.688197919605429,4.4375134596697405,3.835009544054391,3.568857531568474,3.3521362295181496
2023-02-03,4.819347408885728,4.669501687360296,4.415824519511617,3.8119587078985537,3.550704202384403,3.3458573350486858
2023-02-06,4.855668366670689,4.73180334327491,4.518028883623696,3.9753968218594493,3.70849474019577,3.4521568119396813
2023-02-07,4.8862385447126675,4.7876947532224845,4.612967670916746,4.131692927941294,3.861253158153139,3.558089795652843
2023-02-08,4.885685951451302,4.794319951001442,4.631306003152928,4.174288323780227,3.9108908510060445,3.6081941246035023
2023-02-09,4.884276843577368,4.79015952415962,4.6225582522888,4.155203365787413,3.887888478367945,3.582932617767613
2023-02-10,4.916354550680005,4.823982703879883,4.658942356517677,4.1944244441197664,3.9252335200050132,3.6142622581194606
2023-02-13,4.922890152917844,4.833727097517024,4.674714515558907,4.229471330734094,3.97330987394726,3.679423331273088
2023-02-14,4.977106559787329,4.889029367294408,4.7302010306539115,4.271715070397023,3.9967968012836557,3.6691266969606295
2023-02-15,4.9784667393563735,4.906912862319183,4.773307753230382,4.352122246419521,4.07168623906886,3.707979281738868
2023-02-16,4.963669355051116,4.900287378065689,4.7800558604497745,4.3868940068252,4.1149527075204135,3.752591794839974
2023-02-17,4.987736500271584,4.918014662935996,4.788954685245287,4.390529627156538,4.131310931255473,3.800890107583353
2023-02-20,4.9985425246030415,4.925407706440591,4.790421996019354,4.376668323663267,4.109653638512031,3.7714151913597536
2023-02-21,4.999242275099474,4.9256330645440265,4.789855329202796,4.374307967037793,4.106604569912208,3.767953952881814
2023-02-22,5.037119896995037,4.975781256741016,4.859676358434831,4.4818581892461795,4.221811769554343,3.876474952222802
2023-02-23,5.0425856570026735,4.982119254186903,4.867063957468891,4.488212144555835,4.224355174403011,3.8711054829534084
2023-02-24,5.030341221507607,4.966547415721562,4.845974878713282,4.454947345471399,4.186734731295095,3.8314053219847333
2023-02-27,5.034656816770316,4.985799491791822,4.888505444903528,4.5362835766213605,4.26904581234709,3.8913240173967223
2023-02-28,5.0950061741217105,5.0397596203214725,4.931325157618332,4.54990455312719,4.267482871198946,3.874119333193784
2023-03-01,5.096298238205349,5.04377664776381,4.939332795371417,4.562262290710892,4.276819371063384,3.8739069421418417
2023-03-02,5.11259125536684,5.070745006349787,4.983414127265604,4.639143276499869,4.360333089139377,3.951554501768344
2023-03-03,5.105768975424003,5.066421283820716,4.984568000996691,4.6636569156483025,4.404780397626781,4.026022099280333
2023-03-06,5.105184249837757,5.06554611132377,4.981475574697469,4.641013541414056,4.360087810395265,3.9441396254614665
2023-03-07,5.12983115289021,5.088895585037352,5.002301394274476,4.653125435230738,4.365852595795171,3.941153924268678
2023-03-08,5.229398491983375,5.1868863848420945,5.095470737527035,4.717013153356063,4.400118527944281,3.927368261321488
2023-03-09,5.262410602568237,5.22426112055611,5.138750474052086,4.7621027915529375,4.434329831464273,3.9359739074389326
2023-03-10,5.262003252639272,5.200152703337219,5.078688278032907,4.650948957508691,4.333917850025925,3.8920817957149167
2023-03-13,5.1871581724586555,5.088395915472076,4.909926562234882,4.391848507491055,4.0789244121983215,3.7035542448462397
2023-03-14,4.96189979214692,4.8122959195487764,4.560965773518072,3.978713710336281,3.742070933015276,3.5788687275342244
2023-03-15,4.984598015266205,4.848852221020314,4.618659157324858,4.067503467382407,3.8260132621487575,3.6322117649337455
2023-03-16,4.8507758622122665,4.700108563448239,4.4486789561146,3.8802586016322294,3.6629960391956193,3.534605962555978
2023-03-17,4.912168895118369,4.788331031761747,4.575324659581253,4.040493905532018,3.7826544118944763,3.541750667574627
2023-03-20,4.739228706277306,4.596553886543954,4.356122978901859,3.792941481195705,3.558003351483028,3.386552277170393
2023-03-21,4.865578647123035,4.700972488610994,4.426778370324155,3.811057535549235,3.5798910957184624,3.4502052009926936
2023-03-22,4.945491141375824,4.809919392944482,4.578662047480593,4.013732515453266,3.7555800687044845,3.5330409232911753
2023-03-23,4.966999167684678,4.799720805978387,4.519406239955607,3.875909580785429,3.6201510567944952,3.4527684810133294
2023-03-24,4.887001605210534,4.69357464135306,4.3743668960877065,3.682741101296095,3.4484897256544578,3.3599550935994
2023-03-27,4.855686685051787,4.661027487900138,4.34058487520655,3.6530603065397163,3.4272875453957217,3.3552181650004247
2023-03-28,4.9615703466100305,4.774791164578701,4.466463193922169,3.7976392781174013,3.5703039578121563,3.4828740097527575
2023-03-29,4.95279535508683,4.787608992056814,4.511995584874229,3.8892811633438154,3.6516467709835103,3.511848808381753
2023-03-30,4.953895061825709,4.798798968810178,4.53849490232024,3.9375606886530106,3.695387071954542,3.531584787018817
2023-03-31,5.021748784138162,4.848353266694208,4.559306393962524,3.9084522166789504,3.662298047830266,3.521171229810011
2023-04-03,4.999134823073833,4.828652677021545,4.542867677890121,3.8859628535455673,3.62403584383606,3.45127830551523
2023-04-04,4.990763087820221,4.802262435787316,4.488911550377341,3.7906895525945328,3.534027813627924,3.399284157697071
2023-04-05,4.955386348623618,4.744422844796356,4.397008747473471,3.6504945951239174,3.4041662418393273,3.3232505158914587
2023-04-06,4.95018449204143,4.733872056808385,4.377666643585639,3.612408958295808,3.360050853747433,3.277452173001102
2023-04-07,5.0205135069766165,4.801620582792503,4.4398494521666,3.65144062738769,3.3796375107298338,3.2679850775167543
2023-04-10,5.053888424442312,4.849119832507581,4.509119658539472,3.75483084954116,3.48093078772254,3.34294775278893
2023-04-11,5.122235567621904,4.9091021555503795,4.55594127666563,3.778597933195856,3.5026020743071444,3.374512374058796
2023-04-12,5.1234578874141485,4.914457005316537,4.5677663883977955,3.8014761050380335,3.5261209817810326,3.3924695625701053
2023-04-13,5.118782842351,4.8964208377012115,4.529655088701048,3.736621397714904,3.4697347784417154,3.372066642862024
2023-04-14,5.130243158427899,4.901275106038209,4.525198444530378,3.725489913759115,3.4704645692068588,3.4036941981767375
2023-04-17,5.184590768954223,4.966476270206435,4.606575204697148,3.8271859236164376,3.56363462811746,3.4648216562519716
2023-04-18,5.237056718415658,5.025249137264644,4.675381075500873,3.914547036495442,3.6539502254415552,3.5500250093602324
2023-04-19,5.25061871387622,5.042203575221705,4.696937907073762,3.937623937564861,3.6687000174032542,3.5450889807475567
2023-04-20,5.244123068589378,5.046329769586741,4.717197709889911,3.9810004337456144,3.7075197599807193,3.5590182944487685
2023-04-21,5.210317410915913,5.0051262784208665,4.664742555675115,3.9122850430003853,3.641790425718873,3.51030408668067
2023-04-24,5.214804078000532,5.0093856113203135,4.668997955143162,3.9196819062710215,3.653546644129653,3.5298717704529445
2023-04-25,5.237746599096539,5.017263050049041,4.653278639084732,3.8635675943964802,3.594977911278627,3.491375605510223
2023-04-26,5.181688482178332,4.936548710464903,4.535065746342815,3.691183251946107,3.4325718751328163,3.385723797290506
2023-04-27,5.1946334934799,4.944988799635832,4.536747529283576,3.683958351962165,3.4283315436004953,3.393836606027028
2023-04-28,5.222850483444605,4.994280548810448,4.618304760761987,3.814095882817494,3.552609608426266,3.474163436483464
2023-05-01,5.205339118588895,4.9790239089104515,4.605122051214373,3.7914316447617433,3.5121139829773402,3.399582157565274
2023-05-02,5.2969241992649145,5.064377326515215,4.681987156883903,3.8651416998126993,3.6006950988366047,3.5235984303202246
2023-05-03,5.277307892247986,5.019493345721684,4.59782044370028,3.716360702542857,3.451474874141247,3.4143252313702295
2023-05-04,5.298236267192886,5.018859586652166,4.563432894787114,3.6243641890297473,3.3562080500430724,3.348201948072518
2023-05-05,5.293387701061319,4.990218109272392,4.499448470493722,3.5170807696609367,3.2690735205739383,3.333801427533856
2023-05-08,5.331485373007709,5.047576372770539,4.585575582475264,3.6399460145673146,3.3776055005867684,3.3868318077260993
2023-05-09,5.355968358494994,5.079159926385074,4.628721198309743,3.706820833066697,3.451134043643754,3.460287725246532
2023-05-10,5.364308956053789,5.0899295187634515,4.643254746689292,3.7274346206753712,3.471636321359303,3.4766873147028723
2023-05-11,5.335538383987584,5.046808383122261,4.577812552061985,3.625180666481726,3.368998573197394,3.396507709406725
2023-05-12,5.3212186954184695,5.038170617725007,4.576926761552204,3.6273045130289603,3.357719026706496,3.3531850594950487
2023-05-15,5.3404883624499915,5.066906699229395,4.6204470218882685,3.6957468373392746,3.427163484932542,3.4090940493717925
2023-05-16,5.370764938854796,5.1022393003264686,4.663630394940247,3.751756690664017,3.4831408062173876,3.456872363199418
2023-05-17,5.3875315938132315,5.127300724743171,4.7010944697620385,3.8051814608163657,3.5305557779317756,3.4806633384140593
2023-05-18,5.41663978671243,5.1648069447902065,4.751059400506674,3.8702583200694747,3.5883203576317864,3.512413112285172
2023-05-19,5.474447076086663,5.237749374726563,4.846709325164344,3.9958498605485246,3.703905682899659,3.586531599864162
2023-05-22,5.461536105494686,5.238141621766024,4.868260087321807,4.056495016266629,3.7707308449136017,3.6424848279097075
2023-05-23,5.53043299758315,5.295525493341663,4.907630216867218,4.065200575147725,3.7778021875739487,3.665308459934442
2023-05-24,5.505785289592513,5.27672549900408,4.897706601712141,4.067942130804129,3.7779630957733716,3.651643325077087
2023-05-25,5.5341695594990385,5.302526252631838,4.919403272029753,4.0820993078223315,3.7909819034369687,3.666879039971576
2023-05-26,5.5537056884152785,5.346516989170687,5.000931974341908,4.221042498245076,3.924348555969724,3.751333942934095
2023-05-29,5.526220506577517,5.335421231730618,5.014376778459943,4.266390908829947,3.9582528213998884,3.7392953380973863
2023-05-30,5.518970848434661,5.331419769851088,5.015290109188974,4.274171848991178,3.9644040548394543,3.737431525479535
2023-05-31,5.635207629872581,5.407220680047397,5.026965542410674,4.169009701837863,3.842792165207244,3.652852955249916
2023-06-01,5.628994733078766,5.38619167869762,4.982983455209475,4.08800251027586,3.7625383350849098,3.597749227454544
2023-06-02,5.613869186430825,5.363346375047946,4.948465180744508,4.037244147295298,3.715748901777168,3.5701720662623115
2023-06-05,5.630391306916725,5.403624707784238,5.0248582039816325,4.165670636731658,3.834373088422703,3.6337922147837634
2023-06-06,5.599457168584621,5.376269186805833,5.003693250309557,4.160335892518977,3.8369286687354176,3.6440597519529048
2023-06-07,5.574240812592243,5.361952575629767,5.006177946399372,4.189158068548026,3.864140918355267,3.650966831951806
2023-06-08,5.552672352563178,5.353471496889278,5.019388173984041,4.250160313573326,3.9421603584698994,3.736970730149421
2023-06-09,5.518224150589976,5.3197352047172,4.98657325968037,4.217190992047323,3.9068887350133914,3.6966203898557577
2023-06-12,5.502812144271596,5.316480195958824,5.001798476903469,4.2590321280016,3.9436999618480506,3.7052604989496487
2023-06-13,5.502592039929883,5.3066167029395785,4.977231988073981,4.212886504037591,3.90099762483402,3.6839709747766527
2023-06-14,5.474802921486815,5.300304903743644,5.005059939025107,4.30362231166863,4.001467035512563,3.7664720616926526
2023-06-15,5.4625928267046,5.306437262860611,5.038762959069862,4.374157119033091,4.060514186608901,3.776356398669367
2023-06-16,5.44390636170064,5.271412907763491,4.977902820005016,4.266875092773738,3.947506601444874,3.679884666132725
2023-06-19,5.449626231599975,5.288167197496001,5.011561870463904,4.326087748944687,4.003789290946465,3.713390785476513
2023-06-20,5.449739668909866,5.290131440314946,5.016363939298325,4.335201355748405,4.012441254866779,3.7182733275611395
2023-06-21,5.499078610370325,5.329540508086698,5.0395574389416815,4.3247155263312225,3.9920703463061264,3.6970132358809136
2023-06-22,5.51343869496138,5.34124646694541,5.046606623428854,4.319326724283777,3.9800122984750237,3.6778396776865567
2023-06-23,5.512716203256757,5.350694701012988,5.07247891554349,4.377726516056528,4.046229483984481,3.741026734746041
2023-06-26,5.515979303769333,5.350306739414643,5.065830407476684,4.355516828484923,4.016660657182013,3.70476984121462
2023-06-27,5.572347660238748,5.391037306485581,5.081750895220692,4.3261376684796495,3.980785117868447,3.6829860642420766
2023-06-28,5.565472978258177,5.398628407780605,5.111596970782875,4.390478149987473,4.042450011748255,3.716782141687676
2023-06-29,5.5671648017233935,5.396389260962552,5.10252306516782,4.363646139884664,4.006518020187622,3.6716397433404726
2023-06-30,5.580301080673309,5.43197095807895,5.173410724399194,4.496307790971369,4.144699614396146,3.7830972733700743
2023-07-03,5.55462948140127,5.416088881033101,5.1721826263367365,4.514090393894283,4.1555931537420765,3.7664576138619985
2023-07-04,5.5781265943654255,5.450129127165453,5.22224008233895,4.587126798854285,4.224145889227441,3.810371508305873
2023-07-05,5.582253213774042,5.4558320703547265,5.2303213523544665,4.59846861403523,4.2346121389612525,3.816803492655519
2023-07-06,5.575676156327027,5.45221118987825,5.232982214359588,4.626646916941339,4.283889411637201,3.8973542012742457
2023-07-07,5.582873901870536,5.47264960845272,5.274951876722923,4.712557072911574,4.381845811668374,3.9945583096748094
2023-07-10,5.580134393697364,5.464608090027443,5.25960895333639,4.693684037335619,4.374634092564178,4.015802510186012
2023-07-11,5.6006943900407204,5.463421435780139,5.224896160872789,4.6063710013936126,4.290471032451878,3.9720453421227724
2023-07-12,5.61277455969891,5.469201996690798,5.220439472190679,4.581081108035614,4.259534991031041,3.9416127000054617
2023-07-13,5.610308996286024,5.442515761530424,5.155557638224107,4.44850390518539,4.119787549355055,3.828630092474296
2023-07-14,5.600147353191765,5.405511350163408,5.076932015336508,4.302410695060732,3.974604322061133,3.728235110942201
2023-07-17,5.6169648083105015,5.436467503500788,5.129431525234702,4.386404668907696,4.05338126673728,3.7753295463780923
2023-07-18,5.620707333655587,5.44062655732148,5.133920083261262,4.388570437762437,4.0515834517539036,3.7660914767101654
2023-07-19,5.6209724746701,5.43966186150241,5.130911076712917,4.381006949436291,4.042346518956403,3.755977307090306
2023-07-20,5.619966346886651,5.439773431994627,5.13179295208306,4.374442936071329,4.023725069238105,3.714962836476196
2023-07-21,5.619513009814253,5.452153961691224,5.164884392042297,4.448433228781609,4.107408842369258,3.7945312691353896
2023-07-24,5.625311088240521,5.462088645807069,5.180921889795108,4.471552672828896,4.126502535408282,3.8000868196561752
2023-07-25,5.636080102690734,5.47961165834919,5.208593277675282,4.51274776335543,4.163422699117171,3.8188275928794
2023-07-26,5.651263593227773,5.497701744944018,5.231612917484595,4.547575672417011,4.203429490087279,3.862997873113483
2023-07-27,5.648026113204677,5.485776401266896,5.206062117972355,4.498543415608199,4.1527636576147575,3.823535107436825
2023-07-28,5.642904006436503,5.49603512360123,5.24185323692268,4.590926487757424,4.265643933096635,3.946649398501447
2023-07-31,5.639132313290956,5.484411083756707,5.218139049922465,4.548385125028643,4.224434392875185,3.920361788544879
2023-08-01,5.645386478558698,5.484078464262709,5.20802330015733,4.5262947554331845,4.207936294196924,3.924023642055045
2023-08-02,5.647355756206221,5.49178844473305,5.225638867976936,4.569037042415465,4.2630223530498865,3.9909453226418177
2023-08-03,5.634281318858918,5.475289251862859,5.205072070445936,4.553099200624923,4.262714867738342,4.022848866388064
2023-08-04,5.636705178549178,5.475875756075438,5.205068958109073,4.572544026109526,4.310428539641383,4.12180202025777
2023-08-07,5.636480906348142,5.456732747751715,5.155466746022231,4.463411095299476,4.187896183787326,4.006856195399222
2023-08-08,5.659720465823417,5.471179360343495,5.1569137164928645,4.449514226737558,4.182216555009967,4.029373021886012
2023-08-09,5.668442407788139,5.468864161889924,5.1367081781665975,4.393294838467242,4.1166753161797525,3.965687944400063
2023-08-10,5.666533594430428,5.476650223697287,5.158423857463935,4.427630699335382,4.136914135108525,3.946235552509607
2023-08-11,5.645631690738239,5.468503640610845,5.1712902557459195,4.4857134795244376,4.209984803251085,4.024359670559186
2023-08-14,5.633570981733908,5.474095285877995,5.204787720340125,4.569276293160358,4.299626689606925,4.095952336652779
2023-08-15,5.655256446033481,5.507031415222765,5.254753095219085,4.643093196268133,4.367874345525377,4.136567520516048
2023-08-16,5.65569102780807,5.507019683608146,5.25453939211489,4.6469778329566855,4.377892351514931,4.157779515043261
2023-08-17,5.647752412558077,5.504333001385459,5.261113811198896,4.6786581851519,4.423348535941383,4.218304360023068
2023-08-18,5.642004953525673,5.4964601832529425,5.2507347528236785,4.671344200416878,4.425960055143799,4.241290768995897
2023-08-21,5.63454493740478,5.484549227102795,5.231716361029175,4.638944304520534,4.391139161441075,4.209503941906017
2023-08-22,5.6648799619065,5.521307010630788,5.2787690589531655,4.705719975372882,4.461892774023796,4.276706686540987
2023-08-23,5.663948664890255,5.529741211657614,5.301283320118504,4.747069196433606,4.497410449718777,4.287180242344145
2023-08-24,5.659304757768965,5.513361016039215,5.264988041753928,4.662982783057055,4.392281926783258,4.165017011864985
2023-08-25,5.6820810189340225,5.537566251394084,5.291116292871158,4.689584965842318,4.4151815633957305,4.179291530458175
2023-08-28,5.701170005751315,5.5614350186814745,5.3220582566192505,4.728938964113015,4.4501522255709025,4.1990774087331975
2023-08-29,5.675409850254058,5.533534609685703,5.290558959781176,4.68907447879363,4.406860793173898,4.153380300406813
2023-08-30,5.651798750719671,5.491699664924337,5.220676590647367,4.57562098332732,4.296642688277444,4.078039988157887
2023-08-31,5.64177796008547,5.481497001530081,5.210156816267258,4.56427012411689,4.2848596959043155,4.065811890581922
2023-09-01,5.62928314568983,5.463668961387564,5.184095745577922,4.525192422143847,4.246417655567353,4.037045410098516
2023-09-04,5.6085170253741925,5.448200189687908,5.178443870784601,4.549930832989292,4.290990093239089,4.106960107127807
2023-09-05,5.604526016446894,5.444955782406234,5.176577268406822,4.552285871537582,4.296068401079077,4.115486959002335
2023-09-06,5.627186588106772,5.474589854325746,5.21760079850598,4.616979366977321,4.367724825298021,4.187803506212268
2023-09-07,5.630826237459467,5.493228504628546,5.259185060569954,4.6929480200038896,4.439300080496237,4.2277172864313695
2023-09-08,5.617439282337234,5.47289645062617,5.228426985136503,4.64838475534858,4.399251263273714,4.206564730208401
2023-09-11,5.617198081356934,5.473559480941565,5.2301679624784265,4.648946012925005,4.395735427632676,4.194629263335066
2023-09-12,5.6238601782750495,5.475828417243561,5.226388635234198,4.642258345080149,4.398729658469373,4.221234948866687
2023-09-13,5.636878960947828,5.491911176296304,5.246475267863103,4.662089154982583,4.4091306798815975,4.210595932857387
2023-09-14,5.6268340088433675,5.481185033317675,5.234534204037074,4.646745535604954,4.391828890613074,4.191046953986887
2023-09-15,5.620212732848142,5.478179733277718,5.237665426863517,4.664608156359696,4.416182654273,4.220662850920967
2023-09-18,5.6179802558801955,5.478909298484499,5.243577458579094,4.684246064858368,4.44308175881824,4.255192510249584
2023-09-19,5.622038091370342,5.4886012093297705,5.261460812022415,4.710490257187385,4.462337007095034,4.253436912193754
2023-09-20,5.616066802248656,5.4913917007077675,5.2782367593209845,4.753547306776757,4.510088699484644,4.295094458794282
2023-09-21,5.621007601124197,5.501375904510432,5.295332626296483,4.775773418296581,4.523299513803007,4.284784991439175
2023-09-22,5.624827870716699,5.506856450808091,5.305748043782827,4.815505972286067,4.592445956433597,4.401493091791113
2023-09-25,5.623479255831674,5.501609056477762,5.294191692660028,4.791341565198882,4.565121758287885,4.37505184748437
2023-09-26,5.631198532028755,5.504917275698052,5.2926825440023855,4.800286118969654,4.599462513581157,4.459871227129465
2023-09-27,5.64015859564423,5.512132860902665,5.297540443757614,4.804458015201872,4.608028527978182,4.478751654767487
2023-09-28,5.639989310322898,5.51824178461556,5.313805785471873,4.840995207821249,4.6496177005282116,4.518857119805096
2023-09-29,5.635785055155577,5.506721726228096,5.291303351339764,4.8039523016863805,4.617332068496537,4.506479542716412
2023-10-02,5.633159959377203,5.498701527034122,5.275278405723897,4.778208869580693,4.5962742683179725,4.502113880359036
2023-10-03,5.673273673245822,5.544304259306922,5.330149636623208,4.854944920937692,4.682280947051009,4.595112952922622
2023-10-04,5.679469155885168,5.556250100631894,5.352940434144416,4.912733337264651,4.763953545903458,4.708315405890169
2023-10-05,5.6741704905034025,5.540532841453023,5.320947853446584,4.8532684891452575,4.70333487667554,4.662506759648615
2023-10-06,5.673673978002702,5.530537901627623,5.29656874904006,4.808676529129155,4.66335559902738,4.645704016024413
2023-10-09,5.690575093544092,5.552355361487634,5.326380829292793,4.854803301596983,4.713954412187478,4.696022124252908
2023-10-10,5.693645722928622,5.556010870631385,5.330998454426341,4.861479262726959,4.721300036541108,4.703569429656689
2023-10-11,5.683610413147719,5.530396413308279,5.280418004905755,4.7631172268157,4.613357927022009,4.604358012076694
2023-10-12,5.6768021018830375,5.524479668323547,5.274260701847006,4.7419129008104175,4.571861080992523,4.526767722573339
2023-10-13,5.687921810564781,5.543966860708941,5.307769510525072,4.807609331659575,4.650349802901017,4.613627285048599
2023-10-16,5.682608958405192,5.540299999897508,5.305684985249223,4.799330935919972,4.6299072051857015,4.569758431134543
2023-10-17,5.678911346784437,5.54627935158185,5.327398787886367,4.853140737362241,4.6924999596741115,4.631765403602905
2023-10-18,5.683294102083131,5.571394088128695,5.385442682677675,4.971634297721213,4.820066938870732,4.741437007922444
2023-10-19,5.665106859174516,5.560723905088616,5.3881184478439,5.011208993989411,4.88048988273357,4.825359231123437
2023-10-20,5.645526563032269,5.539710442123307,5.366989237930593,5.008915500439181,4.90454329164099,4.896718644439767
2023-10-23,5.633479980075219,5.5140256721374215,5.320570244544102,4.932612227313433,4.8338528539513375,4.857580566276728
2023-10-24,5.643574404536388,5.518277053181468,5.314565320718279,4.899177834748137,4.785680704696742,4.793648959870164
2023-10-25,5.64717445610152,5.527431650658506,5.331280885089501,4.918652093273247,4.791837007897477,4.768113237285435
2023-10-26,5.650829819836631,5.534686941947121,5.3458145050234815,4.960304296059454,4.854546567985005,4.860988311889672
2023-10-27,5.648949017450103,5.519404833517714,5.309361050702906,4.885993308269528,4.775797516262772,4.796244230319702
2023-10-30,5.6501413449547115,5.512389110193813,5.289648781973048,4.845975467402844,4.736438661413408,4.771231085169132
2023-10-31,5.642452690681939,5.507046178640209,5.288569825668477,4.857468990698409,4.755678033742437,4.799921417700194
2023-11-01,5.64064004989187,5.512312546622851,5.304391899141108,4.886602500252441,4.779319371772339,4.802780965862675
2023-11-02,5.6284621463955995,5.480463657195136,5.241675452097692,4.770539329769327,4.659346257841038,4.707813005639489
2023-11-03,5.6090930949174584,5.4706754450270605,5.244411480335657,4.7725223770220335,4.63189805562404,4.614668080579743
2023-11-06,5.588253550074404,5.426031529474629,5.162883495581011,4.6314399052783415,4.491946379301073,4.51498800322887
2023-11-07,5.599624012106164,5.444789630501651,5.193887885923922,4.6894419958743505,4.559577629609469,4.587165983918697
2023-11-08,5.599115449705342,5.439130417950163,5.179221011615597,4.650950549099526,4.508510368799268,4.522916434553178
2023-11-09,5.5888566029523705,5.436503347812021,5.1863360121968585,4.654969775414943,4.486160238773844,4.443238209410886
2023-11-10,5.5764461406978985,5.443936026611317,5.225493688141204,4.75419688887164,4.59666366625692,4.541040174333164
2023-11-13,5.570949364985004,5.445722934687183,5.238263326135727,4.781960540182791,4.620297324920279,4.545888840456956
2023-11-14,5.585813049480606,5.458870539093766,5.249002570635427,4.791076337388429,4.632623889264228,4.56646304178514
2023-11-15,5.559345868227275,5.399225452854159,5.13750691693046,4.5918614729294935,4.4294603667208055,4.409993364949456
2023-11-16,5.555322469043726,5.404035136410118,5.156586046986746,4.639248313100939,4.483704669935409,4.4617225451539975
2023-11-17,5.53795701080714,5.377859526241914,5.116451497838291,4.573792464377279,4.414823250545542,4.401180619806169
2023-11-20,5.534609901719077,5.3821255837031305,5.1316819678631145,4.599208082267076,4.429490863905721,4.385229706833036
2023-11-21,5.5664660745125,5.409759055241851,5.152073081562267,4.601584477781515,4.4233358058430605,4.371305100854402
2023-11-22,5.5677567575171265,5.406018109388257,5.140586606142262,4.578050943765701,4.400675630621042,4.358240682109804
2023-11-23,5.5688805379049064,5.410641989870782,5.150533209029453,4.595682992731421,4.416885901861905,4.366385300818756
2023-11-24,5.568603095872351,5.410973540340882,5.15179792212423,4.598359981050455,4.419403487721668,4.367649775400149
2023-11-27,5.579731058095665,5.428425908880236,5.179316333790735,4.6445406739769535,4.468612007916251,4.411843144992339
2023-11-28,5.573143677898929,5.41363493508881,5.151086994335969,4.5880415147940345,4.403424060854433,4.345028732681732
2023-11-29,5.556310687668635,5.38124918394862,5.09491843589771,4.496325105103977,4.316387494475632,4.291034768569826
2023-11-30,5.528223490710761,5.342903911283104,5.040790204598978,4.417721495468199,4.239664258726454,4.234045098467334
2023-12-01,5.519032344474489,5.342096736146164,5.054124450927059,4.464288649631346,4.300199701798813,4.304933305099381
2023-12-04,5.495196739661474,5.297958175326501,4.978086286013917,4.332759935255902,4.164131500623409,4.193812942668488
2023-12-05,5.533653451990501,5.344318094563972,5.036166960187186,4.405020841449457,4.2294625844529,4.234579394865656
2023-12-06,5.523183848698371,5.3270852079788895,5.007486260175426,4.349104908909912,4.161778654863309,4.157690216379694
2023-12-07,5.525659611013819,5.331847843918448,5.014301864173854,4.3457655170045335,4.139722742736948,4.0999851587822045
2023-12-08,5.513710163884468,5.316701783829256,4.994848775639189,4.325196371585173,4.127370701795965,4.106815651002906
2023-12-11,5.517985325789949,5.341833485771732,5.052300474017127,4.434864776116893,4.236091932440546,4.180326788754396
2023-12-12,5.5298148331880155,5.353784128379496,5.064528907483509,4.448355966783679,4.250702181715868,4.196653164726307
2023-12-13,5.53470888628503,5.359435245206918,5.070693873018067,4.449393253652917,4.243473697956686,4.1740882719271
2023-12-14,5.503849915742628,5.293822074432553,4.951628316137819,4.247618868293368,4.048320071248321,4.046218769384362
2023-12-15,5.490325254810847,5.26607313264282,4.900661573904749,4.148519982625777,3.935193047706803,3.9320434154307007
2023-12-18,5.502644644801831,5.280365037746774,4.916955393215798,4.158516947808167,3.931932142528983,3.902962472748869
2023-12-19,5.523852711272138,5.301819816519274,4.939037451177979,4.183826038400007,3.960288328623827,3.9361254061611812
2023-12-20,5.510192123698139,5.293745107512412,4.93935614633857,4.195331757184093,3.968261147194191,3.929067558638996
2023-12-21,5.504640369245942,5.2765658580223995,4.903912337340335,4.128154669820983,3.8985383732967653,3.8737247579890823
2023-12-22,5.486329803411388,5.257272119862675,4.883987699265294,4.115277087264392,3.8968499181384946,3.8927296719358644
2023-12-25,5.4891392607436185,5.255344774523273,4.875309369231339,4.101017088122684,3.890162519394522,3.906604756849791
2023-12-26,5.490570443966805,5.25571765934458,4.8741289141303765,4.098109894028395,3.8883849898794485,3.908461113319552
2023-12-27,5.477547076586599,5.2466020650800935,4.870925270667135,4.103159479787657,3.891463495131551,3.901879200430783
2023-12-28,5.469831500650857,5.2275655456556445,4.833428119574479,4.0275478553836646,3.804913654109475,3.8148820459373125
2023-12-29,5.47959599930701,5.240799035398313,4.852192225169261,4.056647497543431,3.835790253513985,3.8432061947823137
2024-01-01,5.452060520161004,5.216608677288397,4.834364034116735,4.059747038974683,3.8534504345816036,3.880346595003907
2024-01-02,5.446874261787395,5.211915371052319,4.830606405074676,4.059053384441512,3.854879024751344,3.88460578220311
2024-01-03,5.45351881260641,5.22429091573887,4.852631289487289,4.103611405516439,3.9087699411161667,3.945205703453551
2024-01-04,5.468943610441258,5.235929141269921,4.857785788916175,4.0927249773341305,3.8903658746814775,3.9200611293701773
2024-01-05,5.469890614298513,5.243885141182478,4.877331182618212,4.137572992734998,3.9439846035345267,3.9773703126581124
2024-01-08,5.457879470739234,5.238109114201345,4.882331123287917,4.170047620742034,3.9900816979657865,4.036690578464371
2024-01-09,5.465772288137484,5.236557709323654,4.866144134497699,4.130210636228827,3.950667378795207,4.013209388382631
2024-01-10,5.459802729630328,5.229170285155723,4.8569336587035,4.12143548900315,3.9466273748561185,4.019540175796996
2024-01-11,5.449006400900439,5.2212353623844905,4.8538489924613195,4.129947224959685,3.960204330248832,4.03715928220912
2024-01-12,5.448029100576579,5.2066282276440745,4.818137666714106,4.06029378102186,3.891382845364084,3.991711479324533
2024-01-15,5.418694364719985,5.16199421532399,4.7511892232418935,3.9698890119584505,3.8190744602342894,3.9749514371661423
2024-01-16,5.414328235545914,5.154926949566398,4.74015847777982,3.954463514015112,3.806546866531698,3.971723717610083
2024-01-17,5.4166671512387286,5.170120480335605,4.776224844041298,4.032863013887973,3.89625906975193,4.060052621474389
2024-01-18,5.432431962686809,5.200238246690699,4.82780684547538,4.112096442914643,3.9651328046728316,4.088115635784474
2024-01-19,5.4271965551909025,5.199585685776984,4.834844610718095,4.13687754475664,3.9970541364127037,4.124850389278769
2024-01-22,5.4276685285469375,5.209757139358635,4.859600123173215,4.181159831520706,4.0353205277260615,4.137219884750143
2024-01-23,5.439144070889918,5.214969951033778,4.854606548773424,4.155145405057208,4.003330132897777,4.105110194111473
2024-01-24,5.429812679690295,5.2091555476051115,4.854729185465227,4.169260691659039,4.023365675402491,4.129592290613829
2024-01-25,5.433609436707035,5.211690723142374,4.855866999838948,4.173179819765713,4.034303866262862,4.154550244609863
2024-01-26,5.421720993160233,5.1909369835130255,4.821781214050108,4.121222549918347,3.987816895258778,4.131684776819609
2024-01-29,5.417538473737457,5.191296234322602,4.8290566923403455,4.13857089624862,4.003437700862518,4.13703996167939
2024-01-30,5.413527091233698,5.182788039639108,4.812716262791184,4.101770785040291,3.9560573059855124,4.078832331274965
2024-01-31,5.409205585704319,5.187948931209876,4.831455851238789,4.13236789808418,3.9722966415972434,4.0552773739072405
2024-02-01,5.4076755299605335,5.1749074149335375,4.800214772467651,4.06846105377944,3.904405433253157,3.9991221417675913
2024-02-02,5.399489711484059,5.153282066672344,4.756592027323384,3.9787169679954086,3.800651590571796,3.893087408296787
2024-02-05,5.423809608642728,5.201281452849759,4.841561096971654,4.125901202984497,3.9501955958426818,4.0085224664119234
2024-02-06,5.429874931167275,5.2293254654575945,4.904794508849788,4.256202582329729,4.093612463104043,4.1389393778271355
2024-02-07,5.434158255747384,5.218203494039811,4.8698626032835,4.1833689192227705,4.022260336791836,4.094929975844384
2024-02-08,5.4279640094232295,5.217340156421439,4.876966128604172,4.200686317101929,4.035664005345453,4.093063228191473
2024-02-09,5.43074670283386,5.227441102906066,4.898931019271677,4.2465477981077004,4.087726745997138,4.143929969192301
2024-02-12,5.441047913202007,5.241771183494457,4.919429800291355,4.276338969005099,4.116403942323127,4.164215548358256
2024-02-13,5.445291198147824,5.24597820084557,4.923494961209233,4.279400937606621,4.118398189048384,4.1644446546699685
2024-02-14,5.466258558524731,5.292208034875335,5.0090368348136645,4.429942091363296,4.269845299858828,4.276750239455188
2024-02-15,5.460585670310807,5.283151535013639,4.994772747606891,4.407587782362185,4.248091242375712,4.261471134595517
2024-02-16,5.456991308289459,5.275745151083922,4.981189485184288,4.38158848900391,4.218898703101116,4.232964676507065
2024-02-19,5.461323648242004,5.288243115398221,5.006583360491642,4.430005667052944,4.269968631117051,4.275413318793499
2024-02-20,5.461881953120192,5.290071989287639,5.010401527339232,4.437221896057032,4.27738155095117,4.281115733546006
2024-02-21,5.469375140674573,5.291247156783979,5.001593486622988,4.410544500693132,4.248586647959536,4.25888042356027
2024-02-22,5.467942302715123,5.2949438868876255,5.01372927076657,4.44074328851045,4.284671225845535,4.296755401787534
2024-02-23,5.470504007887659,5.304299792797182,5.033230300904186,4.4731704326505985,4.312003244977092,4.304442467757797
2024-02-26,5.476225029150464,5.306535179095449,5.02902090422689,4.449120900521355,4.275086490257307,4.251163986349844
2024-02-27,5.491466365816577,5.321269414671591,5.042757846218312,4.459335661140469,4.282684125706281,4.255108610870064
2024-02-28,5.480046924247294,5.315354610472069,5.0458024928681064,4.480734454012996,4.309192321037014,4.281477117299912
2024-02-29,5.472551106482928,5.299036221136242,5.015930829273628,4.4300365238343105,4.260374229029476,4.250079592600354
2024-03-01,5.465671907194217,5.292593289649875,5.009869079290352,4.4219260387489285,4.24856254634278,4.2312439898089025
2024-03-04,5.443369211159952,5.258746055470458,4.958397039272344,4.344373698929439,4.174842898009167,4.182664286895901
2024-03-05,5.507750711213952,5.32168355157132,5.01822137918137,4.391257251734728,4.210862010660044,4.202453873749012
2024-03-06,5.510782090117555,5.3169680755476145,5.000516294104936,4.343666764854348,4.1513282165702705,4.134999601681157
2024-03-07,5.511940525395118,5.317406193038559,4.999277646557046,4.3346539146217635,4.135349998924472,4.108285457178985
2024-03-08,5.511988329191832,5.308302251134155,4.976120294819588,4.289952304877524,4.092667569783919,4.083791758997672
2024-03-11,5.5087954771629715,5.301566823286526,4.964208641907093,4.2725104762703845,4.0793001704442355,4.083088869908071
2024-03-12,5.519318021162262,5.312260423384269,4.975109438699112,4.283223022067103,4.089282368552995,4.091548202289638
2024-03-13,5.526930588104766,5.329727513468057,5.008034795923682,4.342816109820289,4.150767122407623,4.140391609269789
2024-03-14,5.5251748225749315,5.335579533354364,5.025865385464902,4.381709950752725,4.191678669088557,4.172495761648868
2024-03-15,5.5232076468120095,5.346833953994291,5.058587513094896,4.457962911317768,4.279554575137462,4.258927153086143
2024-03-18,5.519545458564422,5.352684848090509,5.0791894747319315,4.502480746494742,4.32375617961757,4.287266498520722
2024-03-19,5.520679950464967,5.358476848667684,5.092530645284302,4.531016171003356,4.356221706971311,4.318942640765294
2024-03-20,5.524755710232074,5.355917000068257,5.079411678047336,4.498340471361839,4.320397150264897,4.288427763863673
2024-03-21,5.512196925866345,5.332515003072274,5.0396053107742835,4.435633156757886,4.2631590953372624,4.257995153022878
2024-03-22,5.512952069788309,5.332626913066122,5.038685148892491,4.432726626144462,4.259841132825792,4.2550105285697155
2024-03-25,5.499659969302671,5.313047083822784,5.009193920342748,4.3857067785497925,4.211012875419748,4.213220981667885
2024-03-26,5.504808109236938,5.321175735770297,5.022022047718255,4.406857352157825,4.233036521123759,4.23193520281447
2024-03-27,5.506429220893997,5.321988122234428,5.021482717953021,4.4032441933039985,4.228230499279186,4.226394465672106
2024-03-28,5.506087475681787,5.318562893887017,5.012720091762828,4.380805908176743,4.198951742302533,4.190399303671874
2024-03-29,5.516960344560768,5.335509823660772,5.038298432949325,4.413270493192609,4.22138802820446,4.185925191314888
2024-04-01,5.518160457193721,5.337954350545783,5.0425495454223395,4.419339723212503,4.225880110998946,4.185719369701651
2024-04-02,5.493378584535874,5.330999337459352,5.064788794792398,4.50292515529682,4.328246325155488,4.291448456243577
2024-04-03,5.47125633430568,5.31254750132135,5.05304315506264,4.511216750361353,4.349085553289916,4.32780597337597
2024-04-04,5.462158237279427,5.300817835610205,5.037787727565557,4.495254960256213,4.340137346418623,4.3350747302750055
2024-04-05,5.4543064690832495,5.290515139805051,5.023156971364381,4.468842277583093,4.307218868709848,4.29499261911044
2024-04-08,5.4659565313972776,5.309516936328188,5.054017908028524,4.5230797955491795,4.366948403839121,4.352260918317834
2024-04-09,5.469560895276844,5.322899322431751,5.082482904750486,4.575282290986035,4.417836143970029,4.385154303066179
2024-04-10,5.466379638083244,5.313341550519857,5.062736642674056,4.536299122225914,4.3753069296727265,4.346839106095594
2024-04-11,5.488396822082901,5.367956244332476,5.1682180641161075,4.727147219390139,4.5690758428230644,4.49309353829605
2024-04-12,5.482315345163925,5.365757150635113,5.172499469623407,4.7460935386614445,4.593641549306272,4.521003426003818
2024-04-15,5.4757893148780905,5.349929463296702,5.142084572308474,4.690547580381176,4.536357562714458,4.475732713767797
2024-04-16,5.4773090256253125,5.360428792665191,5.168063832451248,4.755676626415706,4.620614877669081,4.578196110129801
2024-04-17,5.481289523294702,5.370663896027358,5.1884217973146685,4.796279517785252,4.666308524821415,4.622510291304651
2024-04-18,5.481172481038733,5.36426589507865,5.171445570869311,4.754576871225499,4.614341116101838,4.563128145461328
2024-04-19,5.485639920896333,5.375301839425921,5.192827248880793,4.79418197155325,4.655732322346751,4.596990319327076
2024-04-22,5.4832010940826885,5.3727014683232195,5.189808740016361,4.78897158585747,4.64843431370037,4.586387064461003
2024-04-23,5.470697215744544,5.363964514349558,5.186902064469456,4.795420475672217,4.654623812712685,4.586066384820916
2024-04-24,5.480926363267391,5.3647451101468775,5.173376329035511,4.761812553206903,4.625633104733075,4.580179619496951
2024-04-25,5.494583873685643,5.373459147558028,5.17502443517679,4.757418201263254,4.6288871162170375,4.604458381716501
2024-04-26,5.50399048341278,5.389352815160501,5.201201710059341,4.802297628903286,4.676356437901316,4.645902636340106
2024-04-29,5.498601051234092,5.385088712136335,5.198278519425694,4.797899777442178,4.666876986450531,4.625931854231803
2024-04-30,5.50695661475227,5.392551571655177,5.203618038035395,4.793122114750397,4.652901541086421,4.597685408505909
2024-05-01,5.513159312221237,5.407382400312379,5.232015686889285,4.845213071187676,4.70705236134888,4.641457424087634
2024-05-02,5.51438021795787,5.397769469510992,5.205430744803443,4.789549404170621,4.6495893542824085,4.5983707702814645
2024-05-03,5.513888290574718,5.384255013516618,5.171733338160185,4.723218777998444,4.583815148230009,4.554521502966199
2024-05-06,5.511645410247314,5.369092603716398,5.135953992632725,4.64874112741777,4.502478423385108,4.4822789524799
2024-05-07,5.51611430494882,5.3731488890439305,5.138916548091145,4.645831098644599,4.493914917174191,4.46472447876155
2024-05-08,5.508655942742622,5.366808823037106,5.134183082485812,4.642551550372109,4.489007164065375,4.45523475136284
2024-05-09,5.506267971090557,5.368613470710707,5.142368567490454,4.659996116970278,4.504810782104826,4.46148299594918
2024-05-10,5.5110019135117,5.369149577554182,5.13610592727259,4.640095884480156,4.481435210193123,4.438933127488754
2024-05-13,5.5226462264461205,5.385214271671005,5.159227244907169,4.676485373733611,4.520203924375568,4.474645650826128
2024-05-14,5.5200262366677535,5.384117360768702,5.160071966813649,4.676684586452619,4.515108140307583,4.458053444796125
2024-05-15,5.518317347484953,5.378000754969434,5.146869776524275,4.649728391666774,4.48516556289337,4.430109699867331
2024-05-16,5.514580566516785,5.356362489249566,5.097169899244026,4.5517922503599255,4.384036479107428,4.352360297504773
2024-05-17,5.516365548489712,5.3655439148392565,5.117319044802079,4.585196547155462,4.4109367522371,4.3562393718338885
2024-05-20,5.5165147745758984,5.3701759752086335,5.129375063448056,4.613559037911376,4.445053410460789,4.3929632897558974
2024-05-21,5.520882616609224,5.3789537635103795,5.145062950797597,4.641100445618881,4.473347095470014,4.415438938657402
2024-05-22,5.5199297234169995,5.375540673019423,5.137474642308333,4.623488083907411,4.451316874738433,4.389825985556356
2024-05-23,5.520293936737022,5.382623517185791,5.154848230019989,4.656397121248237,4.482414238628299,4.407007895678925
2024-05-24,5.526956501499507,5.397175216717144,5.181551995624189,4.702072476187897,4.526817410888021,4.436531743692791
2024-05-27,5.525627544455917,5.400416303760587,5.191577151994506,4.720366839415358,4.541186003567495,4.436834835634478
2024-05-28,5.524970138486774,5.400648764830455,5.1931420467655585,4.723663936774916,4.543861727041997,4.437016061795915
2024-05-29,5.522463827907198,5.396350349296828,5.187461260759743,4.728353069317343,4.566044981860777,4.4919638421616
2024-05-30,5.516599434043814,5.397498536082429,5.200640103730212,4.771484644230994,4.623386748310287,4.562280335123116
2024-05-31,5.514712993927568,5.3893660437195265,5.182441783031092,4.7335291375171025,4.58088665448858,4.522078728298081
2024-06-03,5.517603608833359,5.384088326619612,5.1641920469414035,4.691483315207917,4.535290409890937,4.483575002360766
2024-06-04,5.535500202250324,5.381703519353181,5.129408808280705,4.59559420382883,4.4282161449815565,4.390063771778599
2024-06-05,5.5378405779672,5.373297465911995,5.103448523607826,4.533129449690977,4.354988256595667,4.315762254877319
2024-06-06,5.530812842296798,5.360727614659777,5.082006289924323,4.49478532601357,4.313348523171198,4.277420337891831
2024-06-07,5.52752280545191,5.353287939177715,5.068114388217418,4.470272052781332,4.288751454613148,4.259363738580386
2024-06-10,5.539139857472775,5.386065523922483,5.134531501549985,4.598704651707042,4.426815705176758,4.379795773011311
2024-06-11,5.536849199142564,5.385711889394658,5.138389190469167,4.620296990213336,4.4634220410990535,4.438924555268431
2024-06-12,5.537292074013366,5.379196015849431,5.1202146517196025,4.575378335941391,4.407893444751383,4.376483368158524
2024-06-13,5.5337057155729585,5.3637597809819875,5.085773567460864,4.50443245035813,4.329472057444245,4.304380534950173
2024-06-14,5.529813814046648,5.347610040627483,5.050079494821794,4.432199732099128,4.250939805287668,4.234832345319699
2024-06-17,5.530000867139776,5.346118873829939,5.045194677409571,4.414666042539273,4.223581724485829,4.193398268841277
2024-06-18,5.544312255103076,5.369439181937606,5.082752193934243,4.477725618031016,4.289686445605785,4.250193626276213
2024-06-19,5.532193894450797,5.353324846187929,5.06015894724265,4.44207500367084,4.2506390455324246,4.211780965981322
2024-06-20,5.529807247056163,5.350489398055293,5.056594389521984,4.437028567002354,4.245193097349656,4.206375552313409
2024-06-21,5.529070274314303,5.3509831823502365,5.059392158480708,4.447133966108304,4.260196025082685,4.227760624937878
2024-06-24,5.520629380064319,5.343779727817723,5.054246698329149,4.446582282072009,4.261341185564123,4.229810741488067
2024-06-25,5.526149670875768,5.350784355060012,5.0633744964099705,4.4575408159211305,4.270022447932909,4.2322119334981485
2024-06-26,5.525084357110157,5.349037261572531,5.0602501025215565,4.449292453100001,4.257800088171595,4.214300516009855
2024-06-27,5.522798049361369,5.351896903406913,5.072118310029576,4.485060683638296,4.306246571160595,4.276111812320307
2024-06-28,5.514412019209397,5.341314746238775,5.058211676340255,4.466494274709098,4.288762633220089,4.264013793437042
2024-07-01,5.498751001302644,5.327531018611872,5.04868911194073,4.4760736998087305,4.315136638075947,4.316047497751681
2024-07-02,5.501056149916511,5.342297097482224,5.084393736108568,4.560324167069992,4.419154502761858,4.433755859753
2024-07-03,5.500229575766244,5.337100626902066,5.072199557321322,4.534782441239394,4.390990087014909,4.408150509879076
2024-07-04,5.502341542032283,5.332416015154851,5.0561915404573305,4.493330609298273,4.339969098620755,4.351733282539114
2024-07-05,5.502644084682645,5.331841584765229,5.054152779245088,4.487974129067392,4.333337267366529,4.344335778123909
2024-07-08,5.498160632632479,5.312056728597221,5.010302082725523,4.402040975838134,4.243676090454395,4.272952621959958
2024-07-09,5.4923960062806225,5.306178116035883,5.0041597808370035,4.394686018058167,4.235239492887678,4.262852290553073
2024-07-10,5.493176321320152,5.305986631425934,5.002988241191399,4.396683099082127,4.243846095727377,4.284312469685449
2024-07-11,5.488601972738543,5.303587869258293,5.003615235484479,4.399075547444793,4.2418249917550215,4.271249400293537
2024-07-12,5.448893852213102,5.249131182307648,4.926770784904296,4.2902820399989565,4.139532976400628,4.203815898589623
2024-07-15,5.429972242249842,5.223913174788359,4.8921465467693865,4.24363160413209,4.097549071878959,4.179943172427967
2024-07-16,5.42431164650325,5.2180725687867255,4.887057474376187,4.249068515911139,4.115859347625835,4.220529706185564
2024-07-17,5.42618951779165,5.217666408926843,4.882237394160448,4.229214880600107,4.085191534166985,4.175071192213515
2024-07-18,5.427977421512709,5.215755786397109,4.874484981475512,4.211026500822804,4.06579245009425,4.159561357046506
2024-07-19,5.427174508858387,5.2195676123522,4.885729751198374,4.236826398268494,4.09490080786362,4.1868875181772855
2024-07-22,5.427920000427534,5.226971123505799,4.90398002347529,4.277383532091518,4.141763305894945,4.233795215845609
2024-07-23,5.427546516620396,5.228767610029699,4.909293781918127,4.289776985155258,4.155988494217438,4.247653766100956
2024-07-24,5.411185429634953,5.21113082700086,4.8900364928437,4.271121727859843,4.141840131550568,4.2432573861719725
2024-07-25,5.396022753823332,5.186598635896633,4.852275558133994,4.223650268687008,4.110906478157992,4.255659468334995
2024-07-26,5.389366000456979,5.183129371345699,4.853503477806795,4.230277930883257,4.114364915330479,4.248571305163834
2024-07-29,5.383313476577898,5.170740674168534,4.830618849934026,4.184316653656951,4.060237015874094,4.19070099767711
2024-07-30,5.393231172381823,5.1773214245188175,4.831402683288871,4.170079287645845,4.038337398002034,4.16108969967889
2024-07-31,5.382356631619464,5.164328030906655,4.8151147349687005,4.148368218962505,4.016583862630762,4.142676349356283
2024-08-01,5.377629976622927,5.150745848407407,4.787481081199069,4.095063010719069,3.9595777765092848,4.093612645870945
2024-08-02,5.3409364525571625,5.097593511064364,4.708949581400669,3.976666821996533,3.8435017133336835,4.00800836601682
2024-08-05,5.219584380358919,4.950794334874817,4.523823156791723,3.7396164443948985,3.6214204655989484,3.8524789647036846
2024-08-06,5.23404705760696,4.957553424425903,4.518063211907766,3.7083777640046494,3.583274382511595,3.814943500784447
2024-08-07,5.2663506886088935,5.0002995756868405,4.577840328621068,3.803341187716632,3.6883615681050075,3.9205018238846234
2024-08-08,5.264281043239214,5.006322711330585,4.597304507648937,3.852655418936847,3.7485468941106896,3.9862192408486683
2024-08-09,5.271296359613582,5.020956545057167,4.623722726691161,3.8979181679440935,3.7931949188182226,4.017546677562516
2024-08-12,5.2762001374106635,5.027895096469727,4.6326398208775235,3.899417650305545,3.7799374311752683,3.975808574728624
2024-08-13,5.279865530010656,5.025425866148143,4.620181621216346,3.8664606170998015,3.741234529246629,3.937173026787077
2024-08-14,5.258343106363187,4.993037842719998,4.5711804733255,3.7926483700135343,3.670719457919653,3.889789770703171
2024-08-15,5.270401879337755,5.004175979779492,4.5801393336020295,3.7912853536634605,3.6600019765907295,3.8645786807451956
2024-08-16,5.292901853799415,5.043536716467223,4.645320308677609,3.895400842275169,3.759509411765708,3.929059401080112
2024-08-19,5.283029769722552,5.035643976163598,4.640321623701149,3.8935127247293764,3.7553690396807458,3.9178844052260193
2024-08-20,5.2648233533587465,5.019376922982668,4.6266994368306396,3.880906604680597,3.738174939766241,3.889730907444926
2024-08-21,5.241853908660398,4.991608783624491,4.591589496990423,3.8347883290480276,3.6934533666177005,3.855123732079718
2024-08-22,5.206707828064484,4.948744737380584,4.537391396593748,3.7679351794198084,3.6347656523130114,3.822812586539173
2024-08-23,5.222221867224071,4.971985375212846,4.572835143676237,3.8251702195852113,3.6945176626857923,3.8744185271628893
2024-08-26,5.197864031407531,4.940458155476907,4.530626588290101,3.7695775457725453,3.6446012704398063,3.84574392702036
2024-08-27,5.185019952559844,4.928793469364699,4.521012791036792,3.765294669343418,3.6430521753934526,3.846964257984319
2024-08-28,5.1683442507138,4.9116148166114915,4.503740026004439,3.7540622507538277,3.640398020915868,3.859770933113453
2024-08-29,5.154275254898742,4.892632539763188,4.477654072147976,3.7211089945984086,3.6140364047409475,3.852580668819816
2024-08-30,5.164528943407151,4.905042907423594,4.493474131293571,3.7430489233667377,3.6367227110507723,3.873068069740377
2024-09-02,5.158435277486854,4.90680380595704,4.507889891477288,3.782276115071094,3.681625315813409,3.9150127795536047
2024-09-03,5.156975834025435,4.906541015347665,4.509549725667406,3.7876589140724595,3.68780586095189,3.9206284101328013
2024-09-04,5.1098163719495355,4.855249750858852,4.451860040063658,3.7196712255293005,3.6200602331852973,3.8599510511374127
2024-09-05,5.073882034634463,4.806317005949248,4.383156245118315,3.622383989333203,3.528004082553732,3.797764816476448
2024-09-06,5.051326354874164,4.785222089326953,4.363894337424027,3.6021921240220234,3.502369519520932,3.760481942466683
2024-09-09,5.022175130232764,4.7491505492756305,4.318124270306703,3.5500190587472953,3.463312786871036,3.7549726514911344
2024-09-10,5.005658126342983,4.734116546798527,4.305180674791948,3.538575894073293,3.4492091950436827,3.7339367507178762
2024-09-11,4.967919907942519,4.691629965170783,4.255910710668772,3.483541043618923,3.4015666531552915,3.706567393279662
2024-09-12,5.007283022750083,4.731083260994814,4.294605205781431,3.512890025324756,3.419693511722432,3.7053828189488875
2024-09-13,4.980193573441288,4.709825408845896,4.283034663954758,3.5228483323292767,3.437507864080874,3.7272218388902294
2024-09-16,4.904722971959641,4.6383675221879495,4.218858041234453,3.480041295409391,3.4077900633539384,3.7133960032790347
2024-09-17,4.864521488992215,4.600010683710836,4.1833683840859495,3.4492621403799415,3.3770352296029733,3.6797116455923797
2024-09-18,4.850687128216207,4.592911200867698,4.186741794804499,3.4698837456563183,3.3978041706378574,3.6898847423855394
2024-09-19,4.782523132825623,4.540834186933501,4.160684956466704,3.4957264008415763,3.436540061027184,3.724730527062965
2024-09-20,4.72905130158336,4.495217730441494,4.128616268475167,3.4979689976482993,3.455589954614745,3.759833284908675
2024-09-23,4.68626321892737,4.4573057575358614,4.098862275417623,3.4868331986926355,3.451745904418233,3.760589092437612
2024-09-24,4.647687493299984,4.427607928795127,4.083576200132882,3.5007431473359443,3.4734209279099284,3.7812269170545765
2024-09-25,4.614020574146324,4.3912591687113505,4.043687770553633,3.460704173586169,3.4411967839501503,3.7666691507015786
2024-09-26,4.605416242247362,4.388612784990048,4.050839799234057,3.488799210613619,3.4760847350404607,3.8035625488055134
2024-09-27,4.607598158391154,4.4010319338182375,4.078357678656762,3.5337959699778354,3.5110629855788287,3.8049417421005853
2024-09-30,4.59654539908574,4.384384777344267,4.0529950835072865,3.49393534150646,3.4708799735730294,3.773218705165121
2024-10-01,4.624687532698856,4.418250420539556,4.095579499965053,3.549245348921146,3.5240502487672924,3.8135160215755874
2024-10-02,4.617255019073797,4.4055100211065215,4.07399639127531,3.507796505927107,3.475134072438582,3.760395544580711
2024-10-03,4.604773024200487,4.397838279197372,4.074503218082322,3.528063031581323,3.5042264851301588,3.7968140304633793
2024-10-04,4.600027041377222,4.405284649316655,4.101137153069574,3.5883523426195714,3.567631128448902,3.845901810494638
2024-10-07,4.645484266963717,4.478217438750424,4.215952292570636,3.764555662528009,3.733913513179705,3.950987001438861
2024-10-08,4.666354868649555,4.504455669419095,4.250767600399036,3.8155706204405173,3.787920951223092,4.001459945609576
2024-10-09,4.65471694204794,4.493871912888539,4.242538825573339,3.817665442513249,3.7989743531546107,4.026115751082053
2024-10-10,4.655162857162271,4.503514251764968,4.266420508753908,3.86444632127841,3.84519097477437,4.056556534707667
2024-10-11,4.65090862192275,4.497079728203935,4.257456731458385,3.859071653392637,3.8505196832503574,4.083677127000436
2024-10-14,4.640972400371548,4.482936815889,4.237225588452981,3.832895302808811,3.8299102352656575,4.079350825244545
2024-10-15,4.639561330713854,4.480758775678108,4.233930753129138,3.828444316004183,3.826389579224979,4.078654389498907
2024-10-16,4.633044673688598,4.475760120277863,4.2302775305639235,3.8178659882340638,3.8031713863882386,4.031403704521031
2024-10-17,4.6287004399341605,4.469761936126828,4.221600390079715,3.803813018018225,3.7877460730463004,4.016298498342076
2024-10-18,4.646222012585678,4.490873345320702,4.248857317040623,3.8462631865670707,3.8373065776231674,4.072220752921887
2024-10-21,4.645861721764301,4.48827837673095,4.243067988433268,3.837739903828239,3.8322377959866927,4.076651155011815
2024-10-22,4.650291580794051,4.503198661443012,4.275342339913476,3.907971401588516,3.915697869156599,4.165807895935467
2024-10-23,4.646898716222069,4.5061888413791245,4.288262622570037,3.937284823876646,3.945204843963051,4.185364637498097
2024-10-24,4.651691978220343,4.518110667374509,4.311372877936714,3.9797523367721097,3.9891185240197817,4.220266650794273
2024-10-25,4.64179886892239,4.511939198598647,4.310500793587723,3.9832148710290696,3.9865718049068106,4.201462540085235
2024-10-28,4.661734377669696,4.534019644865135,4.336022402400081,4.015355995838975,4.020079904929571,4.233850560595117
2024-10-29,4.628920879707524,4.510503411359036,4.327520722716603,4.0365989323242095,4.048481273702199,4.259503198955563
2024-10-30,4.615921402790481,4.498898391191391,4.318349701733751,4.033828161311972,4.049056748990386,4.263547733535988
2024-10-31,4.599584411724609,4.492862606433695,4.32794049592187,4.065624626931152,4.0761841125298055,4.266109214604135
2024-11-01,4.572105059579248,4.474115137740497,4.322781387968156,4.082935431533015,4.093811743324041,4.27021401149198
2024-11-04,4.5468745486214335,4.460241917589005,4.327796204333718,4.130108444849123,4.156554110775045,4.34125463641719
2024-11-05,4.540733200006472,4.4452120315212476,4.299117430203999,4.080508651398438,4.108919663896758,4.311293043457133
2024-11-06,4.536278100684562,4.44437615822483,4.302718808410856,4.080695361761148,4.094319745499696,4.265609870139293
2024-11-07,4.54015965997725,4.456702137522658,4.330058148668117,4.149708999937056,4.187015275587854,4.385150595079413
2024-11-08,4.540503474686761,4.4483669048735806,4.307202284211146,4.093712853075128,4.118038661435005,4.3079835730635745
2024-11-11,4.548390302234214,4.464017747331507,4.333705482574514,4.1270952464107316,4.136348816076921,4.288046910161649
2024-11-12,4.548874194374655,4.466119155055063,4.33810571288239,4.133332337449391,4.139918970860819,4.284456984966329
2024-11-13,4.556574343253005,4.487628260852,4.382121993974456,4.223727002477444,4.2435238515533555,4.388382210821739
2024-11-14,4.523501730792827,4.453425041695595,4.34752767812203,4.200798638991614,4.237637512014875,4.4134228243971565
2024-11-15,4.536400403349582,4.471557166399083,4.372887933810978,4.229868515812679,4.255460753264993,4.403608799136494
2024-11-18,4.539576414462385,4.472163484583898,4.369667477355618,4.221868875877895,4.249516773265631,4.405314521595056
2024-11-19,4.554067290097395,4.478967368044117,4.364609854742268,4.198104090298407,4.2267317522790115,4.396583826730468
2024-11-20,4.5576350781692145,4.479057539940253,4.358797177689707,4.178111645234411,4.200482421251687,4.36524960009277
2024-11-21,4.554738330442423,4.480217342399122,4.36632239747582,4.196637070811736,4.219813037042823,4.379421743967228
2024-11-22,4.564703994888242,4.492590692860067,4.382265301741292,4.216887839035157,4.2379384792172,4.3900394365823745
2024-11-25,4.572268468278995,4.5031869228823265,4.396749075445518,4.23032782311011,4.2411211461029605,4.370820630204869
2024-11-26,4.576494314395049,4.495195501565264,4.368071213917588,4.152377516896646,4.1418257697332415,4.25474780698482
2024-11-27,4.571530837339078,4.4865353441889875,4.35409811813354,4.1335759082514185,4.128380170231277,4.2564037260013885
2024-11-28,4.565067516654578,4.472416556113436,4.327789058115005,4.084616245576526,4.0756844289842835,4.209657381041401
2024-11-29,4.5644426966090785,4.470754617353641,4.3244694744366505,4.078162291868117,4.068647215967616,4.203294450701047
2024-12-02,4.551794411469265,4.4540268845573205,4.300915967482129,4.039025514271654,4.023401898567491,4.15418693215096
2024-12-03,4.51959267780074,4.435565408535874,4.303760791996475,4.076419060310027,4.060345418611506,4.1682312186205746
2024-12-04,4.489569612439425,4.412649042023327,4.292730258365449,4.09248066996675,4.086984017525775,4.201487833220005
2024-12-05,4.468488489882453,4.390299578442529,4.268400539796254,4.06481796272423,4.059194249901317,4.175523903529343
2024-12-06,4.46059515865126,4.386178106668833,4.2695875159511205,4.0697328852816455,4.057239228253245,4.155760637853685
2024-12-09,4.426421374628039,4.350055958243225,4.2308978602064515,4.030977231040773,4.024211902561275,4.135654801101983
2024-12-10,4.419528086017722,4.346863923323729,4.234078425361266,4.050209732082023,4.051229174128156,4.170006231359398
2024-12-11,4.4121627575443165,4.3429860192444485,4.236196558705813,4.067362927927367,4.0756124771533075,4.201120789995247
2024-12-12,4.378488941955145,4.317500449373779,4.224517097954982,4.088085388562644,4.109912486497005,4.245421464052515
2024-12-13,4.354073017886454,4.303000638095263,4.2263211154599425,4.124701577265212,4.1577825057386,4.296540510979763
2024-12-16,4.347628782823976,4.306920260130677,4.247215600725062,4.181286292322951,4.225316003432611,4.366080891404622
2024-12-17,4.350281138531855,4.30853902853035,4.247166997441459,4.1779502596803795,4.221206795587228,4.362315922411141
2024-12-18,4.3528287970101305,4.310636843500378,4.24876413465625,4.180513364519492,4.226242493464674,4.372299081082581
2024-12-19,4.334495415536561,4.316054029347579,4.291582927889239,4.289152845333386,4.341255797928017,4.459944529618448
2024-12-20,4.318178102658788,4.303354151854832,4.286169591165633,4.310700404287613,4.383623727661307,4.532045027437667
2024-12-23,4.319970047865491,4.29869285691972,4.271076650834661,4.274854866459556,4.342684303928961,4.492799652776569
2024-12-24,4.325497125081464,4.309182182580475,4.2901529964237595,4.315913319123085,4.3947205041613,4.555592263035777
2024-12-25,4.34635530725798,4.3236139104423215,4.2947545045344215,4.305793503968898,4.386495939348686,4.560955300539951
2024-12-26,4.350953439601858,4.326904449343132,4.296061245046121,4.30427916363623,4.385571483212746,4.563144368436388
2024-12-27,4.33628459803967,4.316969098395934,4.2933603540544505,4.312356275218302,4.392176223577779,4.55961049731173
2024-12-30,4.304481180468069,4.293144653741903,4.282845032336674,4.331879451298509,4.4231304842185555,4.597236555538485
2024-12-31,4.311048643719073,4.2825122617003135,4.245342749566322,4.249010132947706,4.338340405188881,4.536868834152789
2025-01-01,4.304625026329055,4.271790817775042,4.228932554433827,4.232186141031577,4.333837966928844,4.560332549287233
2025-01-02,4.304174119022563,4.270426088514684,4.226338367926983,4.229292092944211,4.333315447468323,4.565332186655017
2025-01-03,4.307916276883643,4.276631925049155,4.235865187117807,4.239694942776207,4.337403847385183,4.55466807829862
2025-01-06,4.298943431807108,4.274199140091459,4.24377042089713,4.26613972661241,4.3660900122418225,4.576648585558147
2025-01-07,4.29114915958029,4.266073622513737,4.23590925971088,4.265732908164769,4.375407088107833,4.60310654843151
2025-01-08,4.287477425879706,4.26578577208415,4.241692815844793,4.2888042423937485,4.408657352646424,4.648291110129398
2025-01-09,4.2904673334354095,4.266819790363901,4.239997015041831,4.285418877036791,4.409119838471743,4.658475550976712
2025-01-10,4.284875097065013,4.262054923744212,4.236899729761218,4.288498920562752,4.416974643726058,4.673152540962293
2025-01-13,4.29690546477537,4.293545481965663,4.298432274346251,4.397536014257554,4.523702485735539,4.744593026514606
2025-01-14,4.316844072326851,4.318273102939544,4.330378861128663,4.439318074379277,4.56274203841131,4.7712352837813095
2025-01-15,4.3111663132095135,4.310785703977662,4.320287626767887,4.426831315443594,4.552839920585214,4.7686621380702805
2025-01-16,4.304050879881466,4.284744742612482,4.264123313340388,4.314808866332446,4.431742733878857,4.662548524354022
2025-01-17,4.304886207812387,4.275628346697594,4.239021247007367,4.258782297980105,4.369124988511527,4.6047024204516465
2025-01-20,4.3124512529605115,4.289143896981049,4.26100921578707,4.287693078205973,4.388418496695517,4.597986524670403
2025-01-21,4.313141554991719,4.290796792038261,4.264023166186378,4.291725724893686,4.390776797927405,4.595934830465431
2025-01-22,4.324443357235299,4.29978232230061,4.268548900759045,4.2811807112275675,4.369470084245733,4.559978971738801
2025-01-23,4.321170154590091,4.30009492836624,4.274785143303041,4.300303128540803,4.39301084311119,4.585290329960098
2025-01-24,4.316628254784821,4.294588279565509,4.268919630067359,4.304124397343232,4.411060232116637,4.629193688677474
2025-01-27,4.304134179783684,4.280137491465242,4.25164125446263,4.284126568765992,4.393705629327872,4.619504996731706
2025-01-28,4.299611501637927,4.264434767932487,4.217674436527224,4.212165785497139,4.310528026510953,4.535177320084887
2025-01-29,4.300102777192718,4.264839081121628,4.218010898631152,4.212997235920171,4.312198755780961,4.538421512920397
2025-01-30,4.301552969560525,4.271292361292476,4.23185531173995,4.235513352800574,4.329970476798126,4.540032130460504
2025-01-31,4.301878608055881,4.267578858534385,4.221561957836592,4.21169187719423,4.302329093762186,4.512372365888892
2025-02-03,4.305339391527547,4.274377591049932,4.234284477903187,4.240772962264661,4.340636898941689,4.561062178861095
2025-02-04,4.320337238266551,4.287994920693101,4.244913611268653,4.238903368387211,4.328231804574238,4.532887097782535
2025-02-05,4.320502996160593,4.28145890531363,4.227932403596736,4.204505473890089,4.293390448698837,4.508082515570423
2025-02-06,4.32361405957166,4.277755783607837,4.212437622106343,4.1588256040446145,4.23263688061434,4.4325598998776545
2025-02-07,4.3291792802288604,4.28869827890137,4.2313435727116016,4.187259866811508,4.256215743429659,4.439185395063872
2025-02-10,4.343089538937621,4.311235896259899,4.266926496030882,4.24099177157706,4.305511589368679,4.467009340935926
2025-02-11,4.348999174432196,4.316419609752069,4.271369705976714,4.2477122661040205,4.317064256326732,4.4879840410409795
2025-02-12,4.335236920123081,4.308449534335749,4.273086929292248,4.271510189118281,4.349482478680491,4.525795683594209
2025-02-13,4.329423615221972,4.321060740137963,4.314727551381296,4.364372146765265,4.447477532199879,4.602882222128029
2025-02-14,4.332078562126299,4.31789805978191,4.3012734909575965,4.322759095661829,4.390195954229706,4.528210594968872
2025-02-17,4.333650235680501,4.310358989614284,4.279063616132622,4.271854352453954,4.33280734579914,4.474422387051462
2025-02-18,4.335038238796965,4.31028148737032,4.276631130938379,4.264858188636173,4.324829196872846,4.467127517435918
2025-02-19,4.344043324630441,4.325635817663552,4.302567432704079,4.314604606292576,4.383562946758676,4.5309843071056655
2025-02-20,4.347747454406411,4.325351167907139,4.296169794042982,4.298946623954272,4.368937037608283,4.524545564580692
2025-02-21,4.34150205482515,4.316035025172838,4.281922898400602,4.27517723314757,4.343156926203614,4.500277226095271
2025-02-24,4.325331490027851,4.2915395636060705,4.243994386635638,4.2107341311116855,4.272443707911197,4.432263750456679
2025-02-25,4.323314223004484,4.284561561500302,4.229084961460626,4.180804792745259,4.239692148314488,4.40268210824124
2025-02-26,4.319844338815347,4.266604869517194,4.1877913644973,4.0937865235852575,4.142249687187115,4.310769306981566
2025-02-27,4.332361871422462,4.266670362265462,4.167870345779311,4.035336187021781,4.075745325182026,4.250565312343752
2025-02-28,4.334380769314892,4.268649637678874,4.1703511988525985,4.043714654576173,4.091154154762251,4.278045064396799
2025-03-03,4.325371907629597,4.250726592545091,4.138664022575689,3.9902380164387954,4.038701424783408,4.241698618947097
2025-03-04,4.361184952281427,4.279697064436226,4.155436725145237,3.9728972842496764,4.001767366654491,4.182322195835823
2025-03-05,4.344546427240439,4.266147804087411,4.147743233442642,3.984320152604238,4.026390250127433,4.224513590613663
