,shap_mean_abs_maturity_1,shap_mean_abs_maturity_2,shap_mean_abs_maturity_3,shap_mean_abs_maturity_4,shap_mean_abs_maturity_5,shap_mean_abs_maturity_6,Total Feature Importance,Total Feature Importance %,Cumulative Feature Importance %
UN_release,0.0011137938902833204,0.0015008320633051204,0.002076004785741725,0.00018311277222474268,0.0010986340300293003,0.0012456650770459625,100.07549923855615,0.8430118561102687,0.8430118561102687
CU_release,0.003934564262290973,0.001990264753467076,0.001995705794163363,0.000482986121529243,0.0019420496227442925,0.00011247239245535451,100.04832582108557,0.8427829537987837,1.6857948099090523
INF_release,0.0022152043106093864,0.002792431565724571,0.002297135806485489,0.0008327783198504798,0.0009400841050424172,0.0019061560131462378,99.96535213968956,0.8420840035292954,2.5278788134383476
PMI_release,0.0022193206513523764,0.00309345382471589,0.002022710460931619,0.00126742256201725,0.0014660986440442867,0.0018563893701870192,99.88228053680388,0.8413842283928078,3.3692630418311555
GJTB3MO  Index,0.0017596401242555982,0.0008546241249740315,0.003153617444909975,1.6706755200761382e-06,0.0016036710293964639,0.005053509481170103,99.78663803347958,0.8405785590245417,4.209841600855698
EUUCEMU  Index,0.0011309685435364285,0.005439594788371616,0.0006225779687331428,0.0005172067883650944,0.0033032678163229363,0.00398206934509672,99.70838114624216,0.8399193418908238,5.049760942746522
ED5  Index,0.00029678555125337925,0.001130777333577952,0.010030940150412546,0.000815292641921481,0.00043937723467024625,0.002972786616394651,99.58874086551417,0.8389115210366742,5.888672463783196
HCS,0.0026200261204456874,0.0048307262172989736,0.0042087778195672235,0.0007946668375545543,0.0012372597027429922,0.0030908205934165756,99.46750813781304,0.8378902857935003,6.726562749576697
V2X  Index,0.004399167083095943,0.0025992367073767106,0.004679274456610285,0.0027865749379390784,0.0006499588208127395,0.003070368852205902,99.34020133619397,0.8368178840173919,7.563380633594089
ER3  Index,0.0021733178291469812,0.004600885324180126,0.00762645760551095,0.001461841631680727,0.0012769263703376055,0.002241515088826418,99.1988772393487,0.8356274039288476,8.399008037522936
ER4  Index,0.0017780474154278636,0.004588015843182802,0.001563740661367774,0.004964594729244709,0.006252642255276442,0.001274800393730402,99.0458060205496,0.8343379689196924,9.233346006442629
CS,0.0006527171576554213,0.0014128778546959643,0.0009484098838125264,0.007271508176641563,0.001732341841233444,0.009528937679204779,98.88480820972175,0.832981762212073,10.066327768654702
EURJPY   Index,0.005817642810397027,0.0002816941055029939,0.0039196758829283095,2.9367771792175866e-05,0.0048507130605486,0.006927269095398531,98.70545102996209,0.8314709006109187,10.89779866926562
VIX,0.002349845215449487,0.009576140936251839,0.002621895209071841,0.00449322437348174,0.0016658327768657752,0.0012937126918700303,98.52262752003975,0.8299308394809426,11.727729508746563
US_6m_MA10,0.0045104662592290465,0.004459819008552371,0.0025381759034891374,0.00047968195791246585,0.0029110718043769703,0.0073830352902867925,98.33945201170204,0.8283878132012574,12.55611732194782
GJGB2  Index,0.005931491198326514,0.0013939724033662395,0.00028704893277212536,0.007607327453027877,0.0017784415907309053,0.005462311555493752,98.15281419602408,0.8268156212800362,13.382932943227857
GSCI,0.0037357144888896633,0.0047854208767099385,0.002277851214075817,0.0017804890301807927,0.006678833220529595,0.004554129972435718,97.97694223314343,0.825334118304844,14.208267061532702
US_6m_MA5,0.009663985035011438,0.006344135669742834,0.003491333652778699,0.0011114093231446886,0.00010117843981519022,0.0031323226019852337,97.77582784582431,0.8236399792374961,15.031907040770198
US_1y_MA50,0.003228866778444259,0.006892377123571429,0.0004990911489928932,0.0034189924244588206,0.004034564516228866,0.006173619174553207,97.5783262619975,0.8219762735549527,15.85388331432515
INFE5,0.00047994859644811145,0.0017443120354616666,0.00566495640966346,0.004083721075884102,0.010811011177132136,0.00376207362615503,97.39723927294375,0.8204508404577296,16.67433415478288
US_3m_MA5,0.007882128272144467,0.010776236314509895,0.0013509551646420808,0.0053213970909552375,0.0010885762897180104,0.0015875065894346522,97.18794481303482,0.8186877944328396,17.49302194921572
CPTICHNG  Index,0.010832051996474221,0.00035000923233558326,0.00432302878944243,0.00883722031438812,0.0008710228615478173,0.003104559980062083,96.95426703144395,0.8167193491901027,18.30974129840582
EUR006M  Index,0.0032525095506900008,0.002701723829800992,0.016691659318753223,0.0007616425519165726,0.0031678743287821606,0.0019898990488593136,96.71729140459927,0.8147231236947592,19.12446442210058
USURTOT  Index,0.007155215851983436,0.00879189259326437,0.0010282653154768022,0.0005733464356353133,0.0023095472460707687,0.00878031462522325,96.47640120438426,0.8126939227779798,19.93715834487856
EUSA2   Index,0.0019832710853669843,0.006635397695817617,0.000996747660847999,0.005683375950407106,0.006304146158258229,0.007347052890239265,96.23738197878178,0.8106804824998469,20.74783882737841
US_1y_MA200,0.005587166584933398,0.002381684546038829,7.640193990694588e-05,0.011229914570550567,0.009651142183354283,0.0007590960221382053,96.00016329932372,0.8086822095879399,21.55652103696635
US_3m_MA200,0.002881403865205817,8.364985417410123e-05,0.0018011298301778733,0.018373495653784537,0.003474711739063548,0.003608796363958333,95.75465596561905,0.806614115052816,22.363135152019165
EREU001W  Index,0.01148635836218416,0.0021221850194656318,0.0027532182637421865,0.005762419507844275,0.006545370264657661,0.002752183557786267,95.5115105899825,0.8045659170824879,23.167701069101653
ECMSM2Y  Index,0.0021302934018205886,0.007367963162090842,0.006116569675271301,0.0020870135911086355,0.010487910152540116,0.0035122175048442087,95.24862036068495,0.8023513932296006,23.970052462331253
US_1y_MA15,0.006598076552410505,0.005151497890705919,0.006258414314753104,0.0046629858954978795,0.00576223984152937,0.004711797313554074,94.99552219400555,0.8002193553492607,24.770271817680513
US_3m_MA15,0.0018346576327199328,0.011893830328925048,0.007509137528124166,0.002134964084572012,0.002409979589622597,0.008620758675519286,94.72828394985451,0.7979682048684784,25.56824002254899
US_6m_MA15,0.0025998187082121164,0.007411252692954607,0.004549090086463495,0.008565320905265704,0.006693763198278205,0.00480838468738842,94.43958504223002,0.7955362749373234,26.363776297486314
US_3y_MA10,0.0020127530410244954,0.012381100594068656,0.0045221449627385,0.0013719140844764771,0.006397073871998081,0.008211270686637424,94.14945220756802,0.793092265950829,27.156868563437143
.EUR1030Y U Index,0.005987949320876337,0.012940810455146655,0.006583067558932576,0.0032938322589356342,0.0007730776604484483,0.005484891533924812,93.8559877333748,0.79062019203689,27.947488755474033
CRY  Index,0.004763511632824643,0.010016783838450411,0.008884223044164485,0.005325459060180543,0.0011963195853832344,0.005234184920374565,93.56308927039657,0.7881528860648406,28.735641641538873
EURUSD   Index,0.006095689548784662,0.008742791879881412,0.00230501601229091,0.0004071670011652694,0.0053984967481006995,0.012531897274328517,93.26407290665423,0.7856340443730805,29.521275685911952
VIX  Index,0.009533105550998249,0.008927660477886186,0.004350701906841933,0.002866317262619876,0.004773004618375147,0.005604287650777663,92.96991458320268,0.7831561256404239,30.304431811552377
US_6m_MA50,0.007425000437115785,0.0024001277849954356,0.004701876919043588,0.004230071199603017,0.013029393072664198,0.004369482962884743,92.66595118752322,0.7805956113454066,31.085027422897785
EUR012M  Index,0.003560637091061001,0.0077432041583325,0.006749047327831698,0.010342207801064766,0.0019611833415106522,0.00622978069353963,92.36457812158463,0.7780569173630472,31.863084340260833
GJGB10  Index,0.009780104228154498,0.015065665124441645,0.003292795142601656,0.0025517003391622357,0.0036843075968868563,0.0023700846762241784,92.05672647757048,0.7754636494023416,32.638547989663174
OLE3BRAZ  Index,0.006868002212626618,0.005491110091163694,0.001314076281699063,0.00800196723105072,0.013894452346773124,0.0018535400160726925,91.75297112627236,0.7729048876229888,33.41145287728616
.USD0210Y U Index,0.0011119960438405678,0.013389165534259118,0.00649310809661669,0.009436733740764307,0.007040336283018963,0.00036524223910302953,91.44070343541708,0.7702744199493412,34.1817272972355
EUSA5   Index,0.0067053047766827125,0.0008557666165264182,0.012425800299062439,0.012715853991941594,0.002452516721543597,0.002769469302818902,91.12153556747323,0.7675858268489989,34.9493131240845
ECMSM3YY  Index,0.00789021995134646,0.008875433448913657,0.0016099629799595464,0.006504005936314717,0.0077301362925900965,0.0053613377048527125,90.80118549399504,0.7648872751345162,35.71420039921902
UN,0.015341407547200333,0.0038785528695067127,0.00010382867275209304,0.010877207346981986,0.0012674627084213433,0.006789730684915791,90.48296078191856,0.7622066269516052,36.47640702617062
NAPMPMI  Index,0.010682200240030746,0.011485517522675116,0.005117173946985411,0.006858457874987926,0.002008535393521401,0.0021305311388772506,90.15955778080442,0.7594823581114271,37.235889384282046
FFR,0.013219987384861515,0.005235575758422083,0.009167021194547013,0.0019711277425684373,0.005602715494582788,0.0034618797492005355,89.8396281728941,0.7567873482974246,37.99267673257947
EUDR1T  Index,0.005053316980594868,0.0152546023075716,0.01001522639950761,0.0024958434391231655,0.005077493133433622,0.0007623842323112804,89.51259270703149,0.7540324804507648,38.746709213030236
US_5y_MA15,0.001992647665642205,0.006265425932956898,0.006722332915341139,0.01394744614002657,0.009697920475760635,0.0003979863119142311,89.18936336699748,0.7513096744896192,39.498018887519855
PMI,0.013020237282921208,0.011446070331189972,0.0020558951770510143,0.007030249195640988,0.003999079036032317,0.0014853202473703397,88.85936734056386,0.7485298675951296,40.246548755114986
US_6m_MA20,0.007193087992169143,0.0075308196098513944,0.0060644753984602775,0.007375817816825272,0.009960465405452486,0.0019404632285159543,88.53987920003216,0.745838576595793,40.99238733171078
CU,0.010745390407396685,0.0037252086770124065,0.009908992802854151,0.00017486013390960093,0.0038949141176027515,0.011951915939407233,88.20445254727105,0.743013023415599,41.73540035512638
GUKG2  Index,0.022852938471026058,0.00607286052048902,0.0004892263099610074,0.0030530597603319262,0.005994449567661208,0.002469214132614513,87.86821459754744,0.7401806360655692,42.47558099119195
US_1y_MA10,0.005024361174528417,0.005824053019950988,0.0016366034545498703,0.010060119634332485,0.009366273314145511,0.009242044915343943,87.52425944369509,0.737283240850217,43.212864232042165
HG1  Index,0.0007556880483941737,0.012869692868635438,0.0020377308780726317,0.003621730952997544,0.01956619516432227,0.0029230254728800833,87.18260111995421,0.7344051935774701,43.94726942561964
GPR,0.010750374069411312,0.006025967190037793,0.012120270333601637,0.00444936719789087,0.006053967479040788,0.0026697242579089312,86.83229314081508,0.7314542836949187,44.67872370931455
INJCJC  Index,0.005478268228529315,0.0125561227571758,0.0036880345322527334,0.010947329380056197,0.005107632785031513,0.0045262010722721445,86.47883913281576,0.7284768724244255,45.40720058173898
US_1y_MA20,0.009172062889728222,0.016098816381691174,0.0031190330680034304,0.004901650038987288,0.007431669726675973,0.0018088353088274503,86.1233493280407,0.7254823120931566,46.13268289383213
NG1  Index,0.021432845289611098,0.00024912465643029053,0.005608209624183197,0.0031006691457223998,0.0004761580350554872,0.011922624000480633,85.76623086063992,0.7224740323009455,46.85515692613308
US_10y_MA15,0.010615349194696602,0.0014466979867410737,0.00020240075635454926,0.013148165668406289,0.0012273102283031994,0.016152333895292307,85.40426687868298,0.7194249350633969,47.57458186119647
OLE3EURA  Index,0.0029456507081972354,0.007417023805789338,0.0021217267728794445,0.006026245725331078,0.01218066095605068,0.014070731410111734,85.06285670556115,0.7165489781515828,48.29113083934806
GBF3,0.015806813532244657,0.007281172603054756,0.01208910734433671,0.004200710761192442,0.0032908847061157405,0.0023426298769061685,84.6867864870093,0.7133810533809708,49.00451189272903
US_10y_MA20,0.020729136708000456,0.002976648031322617,0.00820128539935789,0.007276512324869787,0.0005573794531679886,0.005428749611151114,84.30765675912204,0.7101873560420153,49.71469924877104
MOVE  Index,0.015605988150394498,0.003186733379830641,0.008731148783320536,0.011437983618697,0.0030017380108968987,0.0034137530521132393,83.92770210983366,0.7069867097642407,50.42168595853528
GBF10,0.0019166782435577744,0.014785153020085486,0.0015247666091390123,0.0008958980212894255,0.012140027516108,0.014457671921828319,83.54740526478587,0.7037831809119649,51.12546913944724
USGG3M  Index,0.003803162186346787,0.01852018010578942,0.008408397939676831,0.008718364944026032,0.006348301335104838,9.942351691350744e-05,83.16247985496922,0.7005406621470072,51.826009801594246
GBF5,0.004669147510331285,0.005495758564291478,0.01330568063361497,5.015821512955682e-05,0.0038834619624009592,0.018514023349055022,82.77440705186977,0.6972716305005405,52.523281432094784
IP CHNG  Index,0.0008655570266246412,0.015024310685658196,0.010208968911365714,0.005181381739060473,0.008199306013024172,0.007170923928505364,82.39360713539811,0.6940638638959875,53.21734529599077
MOV1,0.01685583275717856,0.0023735187866935946,0.004006547490045923,0.010156296820836564,0.004103689373235056,0.009274302642323365,82.00020640598099,0.6907499510839165,53.908095247074684
US_1y_MA5,0.012988072754484872,0.0025558660168086716,0.004511401070033451,0.0006114225373716697,0.0151124821599786,0.01119993150570489,81.60672622655697,0.6874353690041596,54.59553061607885
SX7E  Index,0.006035714957786245,0.010443497184766474,0.016098263530766918,0.010180473135059704,0.003635771773858014,0.0009536248393226891,81.21314305282728,0.6841199193252254,55.27965053540407
OIL,0.020326047898731332,0.016360364520733486,0.006153177074922893,0.0014781505347508629,0.0019015954655246172,0.0012106272534303923,80.81345842641234,0.6807530724812281,55.960403607885304
OLE3CHIN  Index,0.009435497851235415,0.015021227837644502,0.0018492766708814428,0.017081019357908043,0.0007278903820670863,0.0038062111621636583,80.41734815199871,0.6774163351159537,56.63781994300126
GBF1,0.005260912643551478,0.008534557696992282,0.009654221573061722,0.013098460643162772,0.010509517273761804,0.0010662414146114594,80.01406644358671,0.6740191873212341,57.3118391303225
US_3y_MA20,0.007432727398284393,0.024639827122832678,0.0032416503001450343,0.008023968307035065,0.004881285817965973,3.313601042608596e-05,79.60829407520657,0.6706010588079705,57.982440189130465
US_3y_MA5,0.0050496657379927755,0.004348447452858245,0.014375048591912,0.004412895718845356,0.006876068883073544,0.013658004891573797,79.20497739760258,0.6672036164412161,58.64964380557168
US_3y_MA50,0.003905722127843843,0.015628480992188117,0.014946794460638468,0.0039466110842830675,0.0076118544601864015,0.0035863310067814594,78.80228817236234,0.6638114595817618,59.313455265153436
.EURGBP02 U Index,0.00927782983328504,0.011640282400945716,0.006235933808607213,0.013592295634107663,0.0009910688520185628,0.007892848598228287,78.38251088203634,0.6602753569855899,59.97373062213903
LEI CHNG  Index,0.003250467639176607,0.005817431386024497,0.001713338911511301,0.008426856893200056,0.006178929209123946,0.024309928578023627,77.96334671600202,0.6567444192004964,60.63047504133953
US_6m_MA200,0.010253736744046973,0.018612537054682764,0.002776907410640999,0.0017533047423500187,0.0025235184908941615,0.01411835535867891,77.54649178542515,0.653232933857649,61.28370797519718
ED2  Index,0.010887577481604196,0.013163439313743114,0.00998332445547785,0.007657495377837835,0.004247075602924929,0.004181534769221341,77.12403618680577,0.6496742698387231,61.93338224503591
US_5y_MA10,0.005158877131262994,0.01953033781332256,0.01520049103396425,0.00013492261567223278,0.01048311824568673,0.0005602027956745164,76.70993821453118,0.6461860084473254,62.57956825348323
USGG5YR  Index,0.0052660043833757855,0.01411585034103612,0.004745558579805055,0.004229485906918991,0.009553788864182266,0.013609304229253579,76.28264215603814,0.6425865695624876,63.22215482304572
.USDJPY02 U Index,0.0083254971697222,0.010556497848152996,0.019435149696356527,0.00039321825551455117,0.010248904563612226,0.0026360881910252334,75.84758192237229,0.6389217271395871,63.86107655018531
.EURGBP10 U Index,0.012601490235494521,0.011332850650508371,0.007862522040656142,0.009065024023498788,0.00010491568407016355,0.010694105833625784,75.4117815120499,0.6352506496471457,64.49632719983245
NFP_release,0.010087361312947055,0.004566778775010888,0.01668606078950231,0.009646954719450193,0.005598738169000706,0.005141335792791726,74.97543457577979,0.6315749683520043,65.12790216818445
FDTR  Index,0.00317603076538501,0.013888502525749354,0.011149819994533768,0.006390706473053022,0.005343336157989277,0.011838139169977535,74.53845319540412,0.6278939426528171,65.75579611083727
INFE1,0.005776259768262509,0.016543187803455237,0.014270376419892794,0.002251411299418483,0.012564519245185741,0.0014084374126722631,74.11109885791409,0.624294012839772,66.38009012367704
UNC,0.008147021144567229,0.01482822182419031,0.008378139970299682,0.002304517713724807,0.012612131605075063,0.006643266932621314,73.665338317403,0.6205390336141257,67.00062915729116
GUKG5  Index,0.008528463498468824,0.0033953768572611595,0.006135655945657972,0.01597164751055631,0.014396423594697217,0.005615434166192868,73.2295191628729,0.6168677982250018,67.61749695551616
BEAR,0.009922659430734736,0.0190112545704588,0.0018973760117422629,0.012230025725242497,0.005006451718406276,0.006136209956824977,72.77401027892985,0.6130307013066822,68.23052765682284
USGG10YR  Index,0.0010876689274854853,0.011828739990579863,0.004787194063005244,0.00531228880857547,0.018358017415955257,0.014501984003794956,72.33294369315706,0.6093152628230412,68.83984291964589
EUR009M  Index,0.007840238511562347,0.00315806083381176,0.013112558051943779,0.025408262386918068,0.0030703525990247726,0.003308412618935108,71.8604751791222,0.6053353020734,69.44517822171929
EUR003M  Index,0.013974646012903052,0.018506035957733515,0.001210039488023808,0.009517023636982,0.0031716975622947986,0.01011569913698658,71.39383777242085,0.601404461164817,70.04658268288411
US_3m_MA50,0.0041073147100885755,0.00589085273118671,0.010452820335133235,0.01833365799811622,0.00872491481528621,0.009780021861948547,70.92421019890426,0.5974484318125471,70.64403111469666
INFE10,0.005995354946712732,0.016690731475428253,0.011065223851506593,0.0016133570683582897,0.004232437405242161,0.017818002600208188,70.44086510008519,0.5933768493373405,71.237407964034
INFE3,0.006893025266158912,0.018973415876667368,0.0069353385020046515,0.01440872048157723,0.004032006171053506,0.006451222095624791,69.95805944069593,0.589309810969717,71.82671777500373
US_3y_MA15,0.006110893691637956,0.017843590869494472,0.0028279092102749394,0.020286160759900675,0.0025381646081016596,0.010339820807182055,69.49354633061103,0.5853968646232114,72.41211463962694
ED4  Index,0.0021324966423648924,0.024964377256925963,0.0045247911278386765,0.008693021909856562,0.0163789489785111,0.003563569791423018,68.98966045413283,0.5811522515937521,72.99326689122069
.USDJPY10 U Index,0.027735319606860785,0.0070010912232469765,0.019754818700272146,0.005278800256421114,0.0011107013373697204,8.488851694202057e-05,68.48730677327805,0.5769205454104862,73.57018743663117
.USD1030Y U Index,0.009043310275595235,0.013347070558666019,0.011979281336146527,0.005287035986135318,0.016715024811025467,0.0049363134192225745,67.97513180132417,0.5726061070410025,74.14279354367217
EUIPEMUY  Index,0.006337120355860924,0.018455923420229784,0.00029449758480834407,0.019999173048036063,0.013299240293687993,0.0032747522402922524,67.46016730699931,0.5682681704082123,74.71106171408039
GJGB5  Index,0.016712714776841373,0.01032285977620174,0.006548262998431533,0.008342574821114503,0.017968193375851323,0.0020717558295357138,66.94172751558834,0.5639009587114018,75.27496267279179
US_5y_MA20,0.0026935025715275926,0.011199682236285783,0.01700768840306974,0.019496983286237175,0.003204553921698902,0.008605000843621372,66.42002619447129,0.5595062726753952,75.83446894546718
UMRTEMU   Index,0.020031134948346668,0.010609744475287165,0.014253888081133453,0.0005906427640968537,0.004868456799137152,0.011944676945187254,65.89471754245335,0.5550811993543739,76.38955014482156
.EURJPY02 U Index,0.0178437503381227,0.018467680875642278,0.01213050118500367,4.077495062347169e-05,0.012884393033958868,0.0009962649218221054,65.36836271370409,0.5506473132930235,76.94019745811458
US_10y_MA5,0.009169482815380966,0.013519395105700924,0.013839399194116087,0.01211018092748568,0.004722672287944204,0.009049024304328251,64.84127089957144,0.5462072190446473,77.48640467715923
US_3m_MA10,0.01366589244127488,0.002805063130997322,0.013949190655032985,0.015361704819794897,0.0026976021608427036,0.015692257020450927,64.33171935914993,0.5419148798293252,78.02831955698855
ED1  Index,0.005626600930418761,0.017104826105277336,0.00343237887328186,0.023498652509527103,0.004060706394535402,0.011380653290562003,63.79858956913607,0.5374239231291652,78.56574348011772
US_3m_MA20,0.025756665901167833,0.015369343444434084,0.0030678483870559214,0.016191654643391163,0.004666688874370494,0.0007757512500930179,63.25539897882192,0.532848216675073,79.0985916967928
EUGNEMUY  Index,0.008771436685542549,0.01049409807044274,0.006037175602038939,0.010153105076291956,0.011348486584316482,0.01931156141901652,62.70151955320552,0.5281824700517448,79.62677416684454
US_5y_MA200,0.01641281567815516,0.02005683545044416,0.005100679619911042,0.018687826990879255,0.0038406909471866463,0.002168998033878588,62.143782685126055,0.5234842292639571,80.1502583961085
ER5  Index,0.018779253587126732,0.02087179385125637,0.019735440611839294,0.004007132723927498,0.0033797635696828365,0.0019157486967742443,61.60849651198357,0.5189751077126838,80.66923350382118
ER1  Index,0.0015561373424963305,0.020254127731572376,0.01808353866933532,0.011889155283304982,0.0003658946688117826,0.017481202007617165,61.03724245662563,0.5141630014011294,81.1833965052223
GUKG10  Index,0.00854579376360751,0.008060571830673966,0.011868978203397815,0.009331102928394645,0.02776133140728833,0.004145420318834661,60.449056188259725,0.5092082622131516,81.69260476743545
USGG30YR  Index,0.010983185439823583,0.02947457949503694,0.004097514503219043,0.001940970823246067,0.011595741723911215,0.011749971918189089,59.86064375343226,0.5042516178534785,82.19685638528894
US_3y_MA200,0.01239733294864346,0.012344115932469707,0.011812081163135353,0.006384789296859622,0.010069532575667488,0.018333436284238815,59.285477752556176,0.4994065582568808,82.69626294354582
GUKG30  Index,0.0009502179261322182,0.006313398611161015,0.0028621905214440326,0.03372533748634638,0.006153876242040207,0.022708194155014818,58.69629522485823,0.49444342682069986,83.19070637036651
ER2  Index,0.0011078346287831664,0.006819040980190039,0.018621090799570084,0.013163886964321136,0.019406354054808617,0.015106473118066788,58.09696602735808,0.48939482228662395,83.68010119265314
US_5y_MA5,0.02098315228210125,0.019151180964864404,0.006713595813586758,0.018764483734335875,0.007209296681988419,0.002064703953950711,57.47596211312667,0.4841636351691854,84.16426482782232
.USDEUR02 U Index,0.020435940521844245,0.022743856212332814,0.008748649770013387,0.008664634063645963,0.009848063872040255,0.0054179433571295505,56.85261245885811,0.4789126881037305,84.64317751592606
UKX  Index,0.016453668132537798,0.010672475003192754,0.025746602863292913,0.002290900489832284,0.01777662251104394,0.0037250888402608527,56.219293624933236,0.4735777630745391,85.1167552790006
USGG2YR  Index,0.01684698214154546,0.009878006755136623,0.013549014124657944,0.016928361869503583,0.004332000773133845,0.01543674350776554,55.57391858997627,0.46814127951716616,85.58489655851777
EUR001M  Index,0.016131900795965277,0.018724175250313925,0.006546066397602375,0.012881186113485606,0.009503014016520423,0.014418625549311143,54.93566477622519,0.46276478340879135,86.04766134192656
US_5y_MA50,0.004807942664922192,0.012827733692673114,0.0074351749548644845,0.023430741189985935,0.019154662057865274,0.010786721791793828,54.27655637660532,0.45721261330153157,86.50487395522809
.USDEUR10 U Index,0.014351056603722143,0.018264373105242555,0.023450887887345256,3.330085285173828e-05,0.010760397703363057,0.012326723625169874,53.620724571558554,0.4516880444362721,86.95656199966436
EUSA10   Index,0.026677220801352607,0.018796804840429476,0.007314217506042427,0.002910937009926351,0.01789546797549707,0.006125309497021021,52.95639841786724,0.4460919212278241,87.40265392089218
ECMSM1Y  Index,0.032707892342607583,0.024387719970847634,0.0012020904432717698,0.010249288510095487,0.003343200177431538,0.008771238251995663,52.291831605963395,0.44049377077266755,87.84314769166484
EURCHF   Index,0.000919929641062917,0.02329135131939865,0.019761923162636214,0.015042204072256161,0.015907116300172094,0.006625061030435597,51.61872153793228,0.4348236539894899,88.27797134565434
OLE3JAPA  Index,0.021012371523289306,0.011405276983481427,0.011457401041896586,0.013249604426546678,0.016083855036584833,0.008435748806435977,50.929856939035716,0.42902082484006787,88.7069921704944
EUSA30   Index,0.003939840285297784,0.013510251744816808,0.02050740521470696,0.007409504464505449,0.011211915424254619,0.025280672715599913,50.24141566888265,0.42322156170982667,89.13021373220423
OLE3US  Index,0.020372260017352532,0.018994072714064832,0.014938966469122884,0.010720289782767343,0.01717844990862914,0.0005004064227472204,49.55773741953157,0.4174624211174445,89.54767615332167
ED3  Index,0.0063916685226089644,0.009687109145468546,0.02084174278403146,0.022493959819897408,0.014573688326773058,0.009765507587385069,48.869049591655966,0.41166108104444604,89.95933723436612
US_10y_MA50,0.009381311356554099,0.034661602250793566,0.012642289360573282,0.012775432603086912,0.014090099500991977,0.0009510940125892041,48.16833627323257,0.4057584411409749,90.36509567550709
C 1  Index,0.00542992966117846,0.028864743574092452,0.005893662026024393,0.0041434203874006915,0.024128192909471765,0.016052340956913463,47.45357762422353,0.39973748676196513,90.76483316226906
.EURJPY10 U Index,0.01791251087594199,0.013313336839147682,0.018105203803571335,0.02081254574869885,0.01424596916471477,0.0012898631018081765,46.7508291122946,0.3938177028795212,91.15865086514857
GJGB30  Index,0.019673040971042832,0.0217385969910595,0.0031026211830930076,0.02366545583782004,0.011968231363604413,0.006407091590531961,46.03515747565876,0.38778905771305855,91.54643992286164
TPX  Index,0.005243814271995486,0.014817901185305684,0.023251147187829075,0.014252041102421776,0.0030683642879955485,0.031084725648816126,45.3569231421804,0.382075775354303,91.92851569821595
.EUR0210Y U Index,0.029950450147979677,0.014278897548584754,0.0014408432509981587,0.009242994079552957,0.0208611563177439,0.01785500003262798,44.60100011660565,0.37570806220058484,92.30422376041653
HSI  Index,0.0029751528686297645,0.01199707995129526,0.04022899010970691,0.007073348250390124,0.017608797764094557,0.014742001660135236,43.81933344080669,0.3691234907496443,92.67334725116618
GRZEEUEX  Index,0.021411018932847973,0.02802147794921319,0.0037703759716295367,0.021360232487566997,0.005507166575572283,0.015062531435566915,43.02412994448123,0.36242488838919334,93.03577213955538
US_10y_MA10,0.038397852475968476,0.0038955551841980524,0.007206604200676683,0.001687847243980967,0.02927575327544531,0.015774971578711685,42.23089226697323,0.3557428456120838,93.39151498516746
BULL,0.024274428000203418,0.003117118717599747,0.009599530346547976,0.02852280399888344,0.0021229173327349713,0.029256559126531936,41.42358247262991,0.34894226271853224,93.740457247886
SXXP  Index,0.011151733065357026,0.013018488006168621,0.04014865242581529,0.003612180532977234,0.018501291712032436,0.01161225655569909,40.615926415434274,0.3421387629902703,94.08259601087627
TED,0.005565210385522521,0.03587040258114078,0.012757680377253278,0.0031858065274447084,0.04098634353119785,0.0027199443139241963,39.81829527044061,0.33541971070326054,94.41801572157954
UMCSENT,0.020594526343011024,0.04456864101245033,0.0021299511491099632,0.02104799173432009,0.007602264229363756,0.009895192814189465,39.01285099729726,0.32863484251012376,94.74665056408966
INFCE1,0.01699254613116746,0.030045593282288355,0.004730373406825058,0.04147261863552429,0.004575563173922701,0.009250247641512301,38.13032707477808,0.3212006739509328,95.06785123804059
CCMP  Index,0.0024983648038999873,0.041861372128904804,0.03554287796002064,0.001742268301942706,0.014971230110457288,0.010492643421471909,37.22500017425806,0.3135744186077079,95.3814256566483
INF,0.02395692741093985,0.02833778494584771,0.021639452647044522,0.02850692583136407,0.0033826899709636167,0.0028590413457933585,36.33534656149339,0.3060801912583728,95.68750584790668
GLD,0.004618615675937157,0.038828853953241836,0.011549467272134333,0.025272638875486107,0.028346610389108275,0.002729738920685526,35.443767787516336,0.2985697468155502,95.98607559472222
GDP CQOQ Index,0.04287134161862144,0.0012525844065066401,0.02955703929977854,0.011269290879376101,0.011131103860073922,0.016313245165889556,34.51277318167721,0.290727272916657,96.27680286763888
US 10Y-03M,0.04334253319292119,0.018835176383501948,0.008123315438264084,0.017926173363327396,0.015051059041095417,0.013289335208500357,33.605586568026,0.283085351798787,96.55988821943767
EU 10Y-03M,0.01490233178862201,0.005720769253037643,0.040875115049664436,0.0020605266070602,0.043991784014229235,0.015380356448850477,32.68600746032105,0.27533903930147297,96.83522725873914
EURGBP   Index,0.02370862254949766,0.01999972051847543,0.02300006248539932,0.005709231353121533,0.023518383243141334,0.029597976960402807,31.673265553497824,0.26680794586574047,97.10203520460487
SX5E  Index,0.008414157848036253,0.02826705701776811,0.02310658525206672,0.01196449014876488,0.024428193956821213,0.02973237840988452,30.61523665879062,0.25789536577239247,97.35993057037727
US_10y_MA200,0.06272120668321972,0.033471635941761425,0.009800135314216132,0.0007110445504634872,0.01992205720367397,0.012141172656064804,29.684494052367956,0.25005501465577284,97.60998558503304
NFP,0.02114735350053033,0.031397408683425686,0.0164052039682856,0.04378620644529078,0.021026237768510793,0.020984540080737638,28.677696039235386,0.2415739911461542,97.8515595761792
INDU  Index,0.01687729154111477,0.01844003067071932,0.027636207213848536,0.06154421948569814,0.02576483363625987,0.005221662204438173,27.376280669662044,0.2306111821207482,98.08217075829995
RX1  Index,0.032745376229286194,0.025226915255188942,0.006878918502479792,0.026380734518170357,0.060731712728738785,0.007008150219917297,26.097395182930946,0.2198381593916615,98.30200891769161
EBBSTOTA  Index,0.02428952821535891,0.0004124718278299739,0.02559750161567348,0.02278484679915904,0.04981468160488516,0.04315085764901167,24.82656170817051,0.2091329648683639,98.51114188255997
CPI XYOY  Index,0.0325955082486294,0.01041951233584915,0.025695896319319286,0.03606264322777947,0.029180356473874663,0.03491569246409721,23.45130757613276,0.19754815592617886,98.70869003848615
OLE3INDI  Index,0.0017088172076867385,0.05394758564586548,0.05052475858670028,0.001716196577614521,0.02308263262955212,0.0447126731271023,22.094073224346438,0.18611514126443243,98.89480517975059
NFP TCH  Index,0.035966404737819584,0.025965509934583908,0.029811130476153084,0.036216467203512244,0.02000276579337253,0.03805390149373232,20.715731338086922,0.17450432182579712,99.06930950157638
MKT,0.08234313204664964,0.021850426845098816,0.02293853059480578,0.03424987142579904,0.02569936116158318,0.0019428943000708236,19.173536230324487,0.1615132423890622,99.23082274396545
NKY  Index,0.015138358483365453,0.07107292325373131,0.047236538259769936,0.026251893014828206,0.02333719558896742,0.00767877505825053,17.59212270639847,0.14819179647846187,99.3790145404439
EBBSA050  Index,0.04741494550849064,0.021949426225736035,0.03239065805753814,0.04567357869809658,0.01915697576164786,0.02746320285487642,16.013570893770016,0.13489445693326527,99.51390899737717
DU1  Index,0.03613880003321265,0.06140532134528947,0.047137098483858386,0.031959446042790746,0.0036704277080869805,0.019736241016807748,14.434701708580103,0.12159444391819697,99.63550344129537
SPX  Index,0.07438032327618721,0.0295384435041685,0.05098457720994305,0.02572627341436965,0.03702170310692024,0.00538889497192851,12.982843272353627,0.10936433880310716,99.74486778009847
EBBSLONG  Index,0.008975384002624626,0.0007656016412918631,0.0981206379150185,0.051560918612987505,0.03699212124907871,0.05396057819135209,11.381887746560158,0.09587827578450596,99.84074605588297
CPEXEMUY  Index,0.05926764300202837,7.21221477472419e-05,0.06546070061903995,0.07869703454662605,0.0702989824154654,0.03357245360843266,9.859907094480688,0.08305747804444222,99.92380353392741
EBBSDEPF  Index,0.05942934542786411,0.14148520747536322,0.10439974295930508,0.09889964771151455,0.04210179345179093,0.03178260710400535,9.045423652300142,0.07619646607260118,100.00000000000001
