observation_date,Actual_INF,Forecast_INF
10/04/2025,2.4,2.5
12/03/2025,2.8,2.9
12/02/2025,3,2.9
15/01/2025,2.9,2.9
11/12/2024,2.7,2.7
13/11/2024,2.6,2.6
10/10/2024,2.4,2.3
11/09/2024,2.5,2.5
14/08/2024,2.9,3
11/07/2024,3,3.1
12/06/2024,3.3,3.4
15/05/2024,3.4,3.4
10/04/2024,3.5,3.4
12/03/2024,3.2,3.1
13/02/2024,3.1,2.9
11/01/2024,3.4,3.2
12/12/2023,3.1,3.1
14/11/2023,3.2,3.3
12/10/2023,3.7,3.6
13/09/2023,3.7,3.6
10/08/2023,3.2,3.3
12/07/2023,3,3.1
13/06/2023,4,4.1
10/05/2023,4.9,5
12/04/2023,5,5.2
14/03/2023,6,6
14/02/2023,6.4,6.2
12/01/2023,6.5,6.5
13/12/2022,7.1,7.3
10/11/2022,7.7,8
13/10/2022,8.2,8.1
13/09/2022,8.3,8.1
10/08/2022,8.5,8.7
13/07/2022,9.1,8.8
10/06/2022,8.6,8.3
11/05/2022,8.3,8.1
12/04/2022,8.5,8.4
10/03/2022,7.9,7.9
10/02/2022,7.5,7.3
12/01/2022,7,7
10/12/2021,6.8,6.8
10/11/2021,6.2,5.8
13/10/2021,5.4,5.3
14/09/2021,5.3,5.3
11/08/2021,5.4,5.3
13/07/2021,5.4,4.9
10/06/2021,5,4.7
12/05/2021,4.2,3.6
13/04/2021,2.6,2.5
10/03/2021,1.7,1.7
10/02/2021,1.4,1.5
13/01/2021,1.4,1.3
10/12/2020,1.2,1.1
12/11/2020,1.2,1.3
13/10/2020,1.4,1.4
11/09/2020,1.3,1.2
12/08/2020,1,0.8
14/07/2020,0.6,0.6
10/06/2020,0.1,0.2
12/05/2020,0.3,0.4
10/04/2020,1.5,1.6
11/03/2020,2.3,2.2
13/02/2020,2.5,2.4
14/01/2020,2.3,2.3
11/12/2019,2.1,2
13/11/2019,1.8,1.7
10/10/2019,1.7,1.8
12/09/2019,1.7,1.8
13/08/2019,1.8,1.7
11/07/2019,1.6,1.6
12/06/2019,1.8,1.9
10/05/2019,2,2.1
10/04/2019,1.9,1.8
12/03/2019,1.5,1.6
13/02/2019,1.6,1.5
11/01/2019,1.9,1.9
12/12/2018,2.2,2.2
14/11/2018,2.5,2.5
11/10/2018,2.3,2.4
13/09/2018,2.7,2.8
10/08/2018,2.9,3
12/07/2018,2.9,2.9
12/06/2018,2.8,2.7
10/05/2018,2.5,2.5
11/04/2018,2.4,2.4
13/03/2018,2.2,2.2
14/02/2018,2.1,1.9
12/01/2018,2.1,2.1
13/12/2017,2.2,2.2
15/11/2017,2,2
13/10/2017,2.2,2.3
14/09/2017,1.9,1.8
11/08/2017,1.7,1.8
14/07/2017,1.6,1.7
14/06/2017,1.9,2
12/05/2017,2.2,2.3
14/04/2017,2.4,2.6
15/03/2017,2.7,2.7
15/02/2017,2.5,2.4
18/01/2017,2.1,2.1
15/12/2016,1.7,1.7
17/11/2016,1.6,1.6
18/10/2016,1.5,1.5
16/09/2016,1.1,1
16/08/2016,0.8,0.9
15/07/2016,1,1.1
16/06/2016,1,1.1
17/05/2016,1.1,1.1
14/04/2016,0.9,1.1
16/03/2016,1,0.9
19/02/2016,1.4,1.3
20/01/2016,0.7,0.8
15/12/2015,0.5,0.4
17/11/2015,0.2,0.1
15/10/2015,0,-0.1
16/09/2015,0.2,0.2
19/08/2015,0.2,0.2
17/07/2015,0.1,0.1
18/06/2015,0,0
22/05/2015,-0.2,-0.1
17/04/2015,-0.1,0.1
24/03/2015,0,-0.1
26/02/2015,-0.1,-0.1
16/01/2015,0.8,0.7
17/12/2014,1.3,1.4
20/11/2014,1.7,1.6
22/10/2014,1.7,1.6
17/09/2014,1.7,1.9
19/08/2014,2,2
22/07/2014,2.1,2.1
17/06/2014,2.1,2
15/05/2014,2,2
15/04/2014,1.5,1.4
18/03/2014,1.1,1.2
20/02/2014,1.6,1.6
16/01/2014,1.5,1.5
17/12/2013,1.2,1.3
20/11/2013,1,1
30/10/2013,1.2,1.2
17/09/2013,1.5,1.6
15/08/2013,2,2
16/07/2013,1.8,1.7
18/06/2013,1.4,1.4
16/05/2013,1.1,1.3
16/04/2013,1.5,1.6
15/03/2013,2,1.9
21/02/2013,1.6,1.6
16/01/2013,1.7,1.8
14/12/2012,1.8,1.9
15/11/2012,2.2,2.1
16/10/2012,2,1.9
14/09/2012,1.7,1.7
15/08/2012,1.4,1.6
17/07/2012,1.7,1.6
14/06/2012,1.7,1.8
15/05/2012,2.3,2.3
13/04/2012,2.7,
16/03/2012,2.9,
17/02/2012,2.9,
19/01/2012,3,
16/12/2011,3.4,
16/11/2011,3.5,
19/10/2011,3.9,
15/09/2011,3.8,
18/08/2011,3.6,
15/07/2011,3.6,
15/06/2011,3.6,
13/05/2011,3.2,
15/04/2011,2.7,
17/03/2011,2.1,
17/02/2011,1.6,
14/01/2011,1.5,
15/12/2010,1.1,
17/11/2010,1.2,
15/10/2010,1.1,
17/09/2010,1.1,
13/08/2010,1.2,
16/07/2010,1.1,
17/06/2010,2,
19/05/2010,2.2,
14/04/2010,2.3,
18/03/2010,2.1,
19/02/2010,2.6,
15/01/2010,2.7,
16/12/2009,1.8,
18/11/2009,-0.2,
15/10/2009,-1.3,
16/09/2009,-1.5,
14/08/2009,-2.1,
15/07/2009,-1.4,
17/06/2009,-1.3,
15/05/2009,-0.7,
15/04/2009,-0.4,
18/03/2009,0.2,
20/02/2009,0,
16/01/2009,0.1,
16/12/2008,1.1,
19/11/2008,3.7,
16/10/2008,4.9,
16/09/2008,5.4,
14/08/2008,5.6,
16/07/2008,5,
13/06/2008,4.2,
14/05/2008,3.9,
16/04/2008,4,
14/03/2008,4,
20/02/2008,4.3,
16/01/2008,4.1,
14/12/2007,4.3,
15/11/2007,3.5,
17/10/2007,2.8,
19/09/2007,2,
15/08/2007,2.4,
18/07/2007,2.7,
15/06/2007,2.7,
15/05/2007,2.6,
17/04/2007,2.8,
16/03/2007,2.4,
21/02/2007,2.1,
18/01/2007,2.5,
15/12/2006,2,
16/11/2006,1.3,
18/10/2006,2.1,
15/09/2006,3.8,
16/08/2006,4.1,
19/07/2006,4.3,
14/06/2006,4.2,
17/05/2006,3.5,
19/04/2006,3.4,
16/03/2006,3.6,
22/02/2006,4,
18/01/2006,3.4,
15/12/2005,3.5,
16/11/2005,4.3,
14/10/2005,4.7,
15/09/2005,3.6,
16/08/2005,3.2,
14/07/2005,2.5,
15/06/2005,2.8,
18/05/2005,3.5,
20/04/2005,3.1,
23/03/2005,3,
23/02/2005,3,
19/01/2005,3.3,
01/12/2004,3.5,
01/11/2004,3.2,
01/10/2004,2.5,
01/09/2004,2.7,
01/08/2004,3,
01/07/2004,3.3,
01/06/2004,3.1,
01/05/2004,2.3,
01/04/2004,1.7,
01/03/2004,1.7,
01/02/2004,1.9,
01/01/2004,1.9,
01/12/2003,1.8,
01/11/2003,2,
01/10/2003,2.3,
01/09/2003,2.2,
01/08/2003,2.1,
01/07/2003,2.1,
01/06/2003,2.1,
01/05/2003,2.2,
01/04/2003,3,
01/03/2003,3,
01/02/2003,2.6,
01/01/2003,2.4,
01/12/2002,2.2,
01/11/2002,2,
01/10/2002,1.5,
01/09/2002,1.8,
01/08/2002,1.5,
01/07/2002,1.1,
01/06/2002,1.2,
01/05/2002,1.6,
01/04/2002,1.5,
01/03/2002,1.1,
01/02/2002,1.1,
01/01/2002,1.6,
01/12/2001,1.9,
01/11/2001,2.1,
01/10/2001,2.6,
01/09/2001,2.7,
01/08/2001,2.7,
01/07/2001,3.2,
01/06/2001,3.6,
01/05/2001,3.3,
01/04/2001,2.9,
01/03/2001,3.5,
01/02/2001,3.7,
01/01/2001,3.4,
01/12/2000,3.4,
01/11/2000,3.4,
01/10/2000,3.5,
01/09/2000,3.4,
01/08/2000,3.7,
01/07/2000,3.7,
01/06/2000,3.2,
01/05/2000,3.1,
01/04/2000,3.8,
01/03/2000,3.2,
01/02/2000,2.7,
01/01/2000,2.7,
01/12/1999,2.6,
01/11/1999,2.6,
01/10/1999,2.6,
01/09/1999,2.3,
01/08/1999,2.1,
01/07/1999,2,
01/06/1999,2.1,
01/05/1999,2.3,
01/04/1999,1.7,
01/03/1999,1.6,
01/02/1999,1.7,
01/01/1999,1.6,
01/12/1998,1.5,
01/11/1998,1.5,
01/10/1998,1.5,
01/09/1998,1.6,
01/08/1998,1.7,
01/07/1998,1.7,
01/06/1998,1.7,
01/05/1998,1.4,
01/04/1998,1.4,
01/03/1998,1.4,
01/02/1998,1.6,
01/01/1998,1.7,
01/12/1997,1.8,
01/11/1997,2.1,
01/10/1997,2.2,
01/09/1997,2.2,
01/08/1997,2.2,
01/07/1997,2.3,
01/06/1997,2.2,
01/05/1997,2.5,
01/04/1997,2.8,
01/03/1997,3,
01/02/1997,3,
01/01/1997,3.3,
01/12/1996,3.3,
01/11/1996,3,
01/10/1996,3,
01/09/1996,2.9,
01/08/1996,3,
01/07/1996,2.8,
01/06/1996,2.9,
01/05/1996,2.9,
01/04/1996,2.8,
01/03/1996,2.7,
01/02/1996,2.7,
01/01/1996,2.5,
01/12/1995,2.6,
01/11/1995,2.8,
01/10/1995,2.5,
01/09/1995,2.6,
01/08/1995,2.8,
01/07/1995,3,
01/06/1995,3.2,
01/05/1995,3.1,
01/04/1995,2.9,
01/03/1995,2.9,
01/02/1995,2.8,
01/01/1995,2.7,
01/12/1994,2.7,
01/11/1994,2.6,
01/10/1994,3,
01/09/1994,2.9,
01/08/1994,2.8,
01/07/1994,2.5,
01/06/1994,2.3,
01/05/1994,2.4,
01/04/1994,2.5,
01/03/1994,2.5,
01/02/1994,2.5,
01/01/1994,2.7,
01/12/1993,2.7,
01/11/1993,2.8,
01/10/1993,2.7,
01/09/1993,2.8,
01/08/1993,2.8,
01/07/1993,3,
01/06/1993,3.2,
01/05/1993,3.2,
01/04/1993,3.1,
01/03/1993,3.2,
01/02/1993,3.3,
01/01/1993,2.9,
01/12/1992,3,
01/11/1992,3.2,
01/10/1992,3,
01/09/1992,3.1,
01/08/1992,3.2,
01/07/1992,3.1,
01/06/1992,3,
01/05/1992,3.2,
01/04/1992,3.2,
01/03/1992,2.8,
01/02/1992,2.6,
01/01/1992,3.1,
01/12/1991,3,
01/11/1991,2.9,
01/10/1991,3.4,
01/09/1991,3.8,
01/08/1991,4.4,
01/07/1991,4.7,
01/06/1991,5,
01/05/1991,4.9,
01/04/1991,4.9,
01/03/1991,5.3,
01/02/1991,5.7,
01/01/1991,6.1,
01/12/1990,6.3,
01/11/1990,6.3,
01/10/1990,6.2,
01/09/1990,5.6,
01/08/1990,4.8,
01/07/1990,4.7,
01/06/1990,4.4,
01/05/1990,4.7,
01/04/1990,5.2,
01/03/1990,5.3,
01/02/1990,5.2,
01/01/1990,4.6,
01/12/1989,4.7,
01/11/1989,4.5,
01/10/1989,4.3,
01/09/1989,4.7,
01/08/1989,5,
01/07/1989,5.2,
01/06/1989,5.4,
01/05/1989,5.1,
01/04/1989,5,
01/03/1989,4.8,
01/02/1989,4.7,
01/01/1989,4.4,
01/12/1988,4.2,
01/11/1988,4.2,
01/10/1988,4.2,
01/09/1988,4,
01/08/1988,4.1,
01/07/1988,4,
01/06/1988,3.9,
01/05/1988,3.9,
01/04/1988,3.9,
01/03/1988,3.9,
01/02/1988,4,
01/01/1988,4.4,
01/12/1987,4.5,
01/11/1987,4.5,
01/10/1987,4.4,
01/09/1987,4.3,
01/08/1987,3.9,
01/07/1987,3.7,
01/06/1987,3.9,
01/05/1987,3.8,
01/04/1987,3,
01/03/1987,2.1,
01/02/1987,1.5,
01/01/1987,1.1,
01/12/1986,1.3,
01/11/1986,1.5,
01/10/1986,1.8,
01/09/1986,1.6,
01/08/1986,1.6,
01/07/1986,1.8,
01/06/1986,1.5,
01/05/1986,1.6,
01/04/1986,2.3,
01/03/1986,3.1,
01/02/1986,3.9,
01/01/1986,3.8,
01/12/1985,3.5,
01/11/1985,3.2,
01/10/1985,3.1,
01/09/1985,3.3,
01/08/1985,3.6,
01/07/1985,3.8,
01/06/1985,3.8,
01/05/1985,3.7,
01/04/1985,3.7,
01/03/1985,3.5,
01/02/1985,3.5,
01/01/1985,3.9,
01/12/1984,4.1,
01/11/1984,4.3,
01/10/1984,4.3,
01/09/1984,4.3,
01/08/1984,4.2,
01/07/1984,4.2,
01/06/1984,4.2,
01/05/1984,4.6,
01/04/1984,4.8,
01/03/1984,4.6,
01/02/1984,4.2,
01/01/1984,3.8,
01/12/1983,3.3,
01/11/1983,2.9,
01/10/1983,2.9,
01/09/1983,2.6,
01/08/1983,2.5,
01/07/1983,2.6,
01/06/1983,3.5,
01/05/1983,3.9,
01/04/1983,3.6,
01/03/1983,3.5,
01/02/1983,3.7,
01/01/1983,3.8,
01/12/1982,4.6,
01/11/1982,5.1,
01/10/1982,5,
01/09/1982,5.9,
01/08/1982,6.4,
01/07/1982,7.1,
01/06/1982,6.7,
01/05/1982,6.5,
01/04/1982,6.8,
01/03/1982,7.6,
01/02/1982,8.4,
01/01/1982,8.9,
01/12/1981,9.6,
01/11/1981,10.1,
01/10/1981,11,
01/09/1981,10.8,
01/08/1981,10.8,
01/07/1981,9.6,
01/06/1981,9.8,
01/05/1981,10,
01/04/1981,10.5,
01/03/1981,11.4,
01/02/1981,11.8,
01/01/1981,12.5,
01/12/1980,12.6,
01/11/1980,12.8,
01/10/1980,12.6,
01/09/1980,12.9,
01/08/1980,13.1,
01/07/1980,14.4,
01/06/1980,14.4,
01/05/1980,14.7,
01/04/1980,14.8,
01/03/1980,14.2,
01/02/1980,13.9,
01/01/1980,13.3,
01/12/1979,12.6,
01/11/1979,12.1,
01/10/1979,12.2,
01/09/1979,11.8,
01/08/1979,11.3,
01/07/1979,10.9,
01/06/1979,10.9,
01/05/1979,10.5,
01/04/1979,10.1,
01/03/1979,9.9,
01/02/1979,9.3,
01/01/1979,9,
01/12/1978,8.9,
01/11/1978,8.9,
01/10/1978,8.3,
01/09/1978,7.8,
01/08/1978,7.7,
01/07/1978,7.4,
01/06/1978,7,
01/05/1978,6.5,
01/04/1978,6.6,
01/03/1978,6.4,
01/02/1978,6.8,
01/01/1978,6.7,
01/12/1977,6.7,
01/11/1977,6.4,
